stage_start,stage,state,seconds,n_articles,n_batches
2026-04-07T11:59:49Z,MLOps: Sentiment Enrichment,COMPLETED,8.430,32,1
2026-04-07T11:59:57Z,MLOps: Vector Indexing,COMPLETED,12.361,"",0
2026-04-07T14:35:24Z,MLOps: Sentiment Enrichment,COMPLETED,8.761,39,1
2026-04-07T14:35:33Z,MLOps: Vector Indexing,COMPLETED,10.640,"",0
2026-04-07T15:35:21Z,MLOps: Sentiment Enrichment,COMPLETED,8.851,41,1
2026-04-07T15:35:29Z,MLOps: Vector Indexing,COMPLETED,8.329,"",0
2026-04-07T16:35:20Z,MLOps: Sentiment Enrichment,COMPLETED,8.605,39,1
2026-04-07T16:35:29Z,MLOps: Vector Indexing,COMPLETED,8.224,"",0
2026-04-07T17:35:21Z,MLOps: Sentiment Enrichment,COMPLETED,7.050,15,1
2026-04-07T17:35:28Z,MLOps: Vector Indexing,COMPLETED,7.929,"",0
2026-04-07T18:35:21Z,MLOps: Sentiment Enrichment,COMPLETED,8.112,30,1
2026-04-07T18:35:30Z,MLOps: Vector Indexing,COMPLETED,7.987,"",0
2026-04-07T19:35:21Z,MLOps: Sentiment Enrichment,COMPLETED,7.126,17,1
2026-04-07T19:35:29Z,MLOps: Vector Indexing,COMPLETED,7.961,"",0
2026-04-07T20:35:20Z,MLOps: Sentiment Enrichment,COMPLETED,8.062,27,1
2026-04-07T20:35:28Z,MLOps: Vector Indexing,COMPLETED,8.218,"",0
2026-04-07T21:35:21Z,MLOps: Sentiment Enrichment,COMPLETED,7.966,30,1
2026-04-07T21:35:29Z,MLOps: Vector Indexing,COMPLETED,8.220,"",0
2026-04-07T22:35:21Z,MLOps: Sentiment Enrichment,COMPLETED,8.658,40,1
2026-04-07T22:35:30Z,MLOps: Vector Indexing,COMPLETED,7.989,"",0
2026-04-07T23:35:24Z,MLOps: Sentiment Enrichment,COMPLETED,85.667,29,1
2026-04-07T23:36:50Z,MLOps: Vector Indexing,COMPLETED,8.828,"",0
2026-04-08T00:35:21Z,MLOps: Sentiment Enrichment,COMPLETED,6.993,8,1
2026-04-08T00:35:28Z,MLOps: Vector Indexing,COMPLETED,8.395,"",0
2026-04-08T01:35:21Z,MLOps: Sentiment Enrichment,COMPLETED,6.796,10,1
2026-04-08T01:35:28Z,MLOps: Vector Indexing,COMPLETED,8.620,"",0
2026-04-08T02:35:21Z,MLOps: Sentiment Enrichment,COMPLETED,6.497,8,1
2026-04-08T02:35:28Z,MLOps: Vector Indexing,COMPLETED,7.712,"",0
2026-04-08T03:35:22Z,MLOps: Sentiment Enrichment,COMPLETED,7.362,27,1
2026-04-08T03:35:29Z,MLOps: Vector Indexing,COMPLETED,7.788,"",0
2026-04-08T04:35:21Z,MLOps: Sentiment Enrichment,COMPLETED,7.601,19,1
2026-04-08T04:35:28Z,MLOps: Vector Indexing,COMPLETED,7.879,"",0
2026-04-08T05:35:21Z,MLOps: Sentiment Enrichment,COMPLETED,7.693,24,1
2026-04-08T05:35:29Z,MLOps: Vector Indexing,COMPLETED,8.251,"",0
2026-04-08T06:35:21Z,MLOps: Sentiment Enrichment,COMPLETED,7.746,23,1
2026-04-08T06:35:29Z,MLOps: Vector Indexing,COMPLETED,8.052,"",0
2026-04-08T07:35:21Z,MLOps: Sentiment Enrichment,COMPLETED,35.305,30,1
2026-04-08T07:35:56Z,MLOps: Vector Indexing,COMPLETED,27.772,"",0
2026-04-08T08:35:20Z,MLOps: Sentiment Enrichment,COMPLETED,7.244,18,1
2026-04-08T08:35:28Z,MLOps: Vector Indexing,COMPLETED,7.784,"",0
2026-04-08T09:35:29Z,MLOps: Sentiment Enrichment,COMPLETED,8.000,32,1
2026-04-08T09:35:37Z,MLOps: Vector Indexing,COMPLETED,8.225,"",0
2026-04-08T10:35:20Z,MLOps: Sentiment Enrichment,COMPLETED,15.989,27,1
2026-04-08T10:35:36Z,MLOps: Vector Indexing,COMPLETED,57.508,"",0
2026-04-08T11:35:21Z,MLOps: Sentiment Enrichment,COMPLETED,7.158,16,1
2026-04-08T11:35:28Z,MLOps: Vector Indexing,COMPLETED,7.730,"",0
2026-04-08T12:35:21Z,MLOps: Sentiment Enrichment,COMPLETED,7.445,19,1
2026-04-08T12:35:29Z,MLOps: Vector Indexing,COMPLETED,8.137,"",0
2026-04-08T13:35:21Z,MLOps: Sentiment Enrichment,COMPLETED,6.955,16,1
2026-04-08T13:35:28Z,MLOps: Vector Indexing,COMPLETED,7.716,"",0
2026-04-08T14:35:22Z,MLOps: Sentiment Enrichment,COMPLETED,7.526,26,1
2026-04-08T14:35:29Z,MLOps: Vector Indexing,COMPLETED,8.139,"",0
2026-04-08T15:35:21Z,MLOps: Sentiment Enrichment,COMPLETED,7.865,39,1
2026-04-08T15:35:29Z,MLOps: Vector Indexing,COMPLETED,8.037,"",0
2026-04-08T16:35:21Z,MLOps: Sentiment Enrichment,COMPLETED,6.954,18,1
2026-04-08T16:35:28Z,MLOps: Vector Indexing,COMPLETED,8.149,"",0
2026-04-08T17:35:20Z,MLOps: Sentiment Enrichment,COMPLETED,7.346,17,1
2026-04-08T17:35:28Z,MLOps: Vector Indexing,COMPLETED,7.880,"",0
2026-04-08T18:35:20Z,MLOps: Sentiment Enrichment,COMPLETED,8.162,38,1
2026-04-08T18:35:28Z,MLOps: Vector Indexing,COMPLETED,8.122,"",0
2026-04-08T19:35:20Z,MLOps: Sentiment Enrichment,COMPLETED,7.152,18,1
2026-04-08T19:35:27Z,MLOps: Vector Indexing,COMPLETED,7.799,"",0
2026-04-08T20:35:21Z,MLOps: Sentiment Enrichment,COMPLETED,7.451,25,1
2026-04-08T20:35:29Z,MLOps: Vector Indexing,COMPLETED,7.891,"",0
2026-04-08T21:35:21Z,MLOps: Sentiment Enrichment,COMPLETED,7.403,22,1
2026-04-08T21:35:28Z,MLOps: Vector Indexing,COMPLETED,7.760,"",0
2026-04-08T22:35:20Z,MLOps: Sentiment Enrichment,COMPLETED,8.385,35,1
2026-04-08T22:35:29Z,MLOps: Vector Indexing,COMPLETED,7.951,"",0
2026-04-08T23:35:20Z,MLOps: Sentiment Enrichment,COMPLETED,7.117,14,1
2026-04-08T23:35:27Z,MLOps: Vector Indexing,COMPLETED,7.823,"",0
2026-04-09T00:35:21Z,MLOps: Sentiment Enrichment,COMPLETED,6.807,9,1
2026-04-09T00:35:28Z,MLOps: Vector Indexing,COMPLETED,7.922,"",0
2026-04-09T01:35:20Z,MLOps: Sentiment Enrichment,COMPLETED,7.218,13,1
2026-04-09T01:35:28Z,MLOps: Vector Indexing,COMPLETED,7.974,"",0
2026-04-09T02:35:21Z,MLOps: Sentiment Enrichment,COMPLETED,7.151,12,1
2026-04-09T02:35:28Z,MLOps: Vector Indexing,COMPLETED,8.796,"",0
2026-04-09T03:35:21Z,MLOps: Sentiment Enrichment,COMPLETED,6.655,9,1
2026-04-09T03:35:28Z,MLOps: Vector Indexing,COMPLETED,7.890,"",0
2026-04-09T04:35:20Z,MLOps: Sentiment Enrichment,COMPLETED,7.422,25,1
2026-04-09T04:35:28Z,MLOps: Vector Indexing,COMPLETED,7.915,"",0
2026-04-09T05:35:21Z,MLOps: Sentiment Enrichment,COMPLETED,7.609,24,1
2026-04-09T05:35:29Z,MLOps: Vector Indexing,COMPLETED,7.737,"",0
2026-04-09T06:35:21Z,MLOps: Sentiment Enrichment,COMPLETED,7.175,18,1
2026-04-09T06:35:28Z,MLOps: Vector Indexing,COMPLETED,7.795,"",0
2026-04-09T07:35:22Z,MLOps: Sentiment Enrichment,COMPLETED,7.766,26,1
2026-04-09T07:35:30Z,MLOps: Vector Indexing,COMPLETED,8.302,"",0
2026-04-09T08:35:22Z,MLOps: Sentiment Enrichment,COMPLETED,7.281,24,1
2026-04-09T08:35:29Z,MLOps: Vector Indexing,COMPLETED,7.937,"",0
2026-04-09T09:35:20Z,MLOps: Sentiment Enrichment,COMPLETED,6.987,16,1
2026-04-09T09:35:27Z,MLOps: Vector Indexing,COMPLETED,8.023,"",0
2026-04-09T10:35:21Z,MLOps: Sentiment Enrichment,COMPLETED,6.842,13,1
2026-04-09T10:35:28Z,MLOps: Vector Indexing,COMPLETED,102.940,"",0
2026-04-09T11:35:21Z,MLOps: Sentiment Enrichment,COMPLETED,6.731,12,1
2026-04-09T11:35:27Z,MLOps: Vector Indexing,COMPLETED,8.055,"",0
2026-04-09T12:35:21Z,MLOps: Sentiment Enrichment,COMPLETED,7.908,30,1
2026-04-09T12:35:29Z,MLOps: Vector Indexing,COMPLETED,8.134,"",0
2026-04-09T13:35:21Z,MLOps: Sentiment Enrichment,COMPLETED,8.136,32,1
2026-04-09T13:35:29Z,MLOps: Vector Indexing,COMPLETED,7.778,"",0
2026-04-09T14:35:21Z,MLOps: Sentiment Enrichment,COMPLETED,7.988,41,1
2026-04-09T14:35:29Z,MLOps: Vector Indexing,COMPLETED,8.169,"",0
2026-04-09T15:35:20Z,MLOps: Sentiment Enrichment,COMPLETED,8.068,39,1
2026-04-09T15:35:28Z,MLOps: Vector Indexing,COMPLETED,7.976,"",0
2026-04-09T16:35:22Z,MLOps: Sentiment Enrichment,COMPLETED,7.393,20,1
2026-04-09T16:35:29Z,MLOps: Vector Indexing,COMPLETED,8.005,"",0
2026-04-09T17:35:21Z,MLOps: Sentiment Enrichment,COMPLETED,7.645,24,1
2026-04-09T17:35:29Z,MLOps: Vector Indexing,COMPLETED,7.912,"",0
2026-04-09T18:35:21Z,MLOps: Sentiment Enrichment,COMPLETED,7.516,22,1
2026-04-09T18:35:29Z,MLOps: Vector Indexing,COMPLETED,7.873,"",0
2026-04-09T19:35:20Z,MLOps: Sentiment Enrichment,COMPLETED,6.747,9,1
2026-04-09T19:35:27Z,MLOps: Vector Indexing,COMPLETED,8.390,"",0
2026-04-09T20:35:20Z,MLOps: Sentiment Enrichment,COMPLETED,7.534,26,1
2026-04-09T20:35:28Z,MLOps: Vector Indexing,COMPLETED,7.768,"",0
2026-04-09T21:35:21Z,MLOps: Sentiment Enrichment,COMPLETED,7.168,18,1
2026-04-09T21:35:28Z,MLOps: Vector Indexing,COMPLETED,7.854,"",0
2026-04-09T22:35:20Z,MLOps: Sentiment Enrichment,COMPLETED,7.232,18,1
2026-04-09T22:35:28Z,MLOps: Vector Indexing,COMPLETED,7.817,"",0
2026-04-10T00:29:33Z,MLOps: Sentiment Enrichment,COMPLETED,6.557,6,1
2026-04-10T00:29:40Z,MLOps: Vector Indexing,COMPLETED,10.351,"",0
2026-04-10T01:29:31Z,MLOps: Sentiment Enrichment,COMPLETED,6.586,10,1
2026-04-10T01:29:37Z,MLOps: Vector Indexing,COMPLETED,8.038,"",0
2026-04-10T03:09:36Z,MLOps: Sentiment Enrichment,COMPLETED,8.474,11,1
2026-04-10T03:09:44Z,MLOps: Vector Indexing,COMPLETED,10.286,"",0
2026-04-10T11:14:06Z,MLOps: Sentiment Enrichment,COMPLETED,29.969,36,1
2026-04-10T11:14:06Z,MLOps: Sentiment Enrichment,COMPLETED,28.813,36,1
2026-04-10T11:14:06Z,MLOps: Sentiment Enrichment,COMPLETED,29.092,36,1
2026-04-10T11:14:35Z,MLOps: Vector Indexing,COMPLETED,17.625,"",0
2026-04-10T11:14:35Z,MLOps: Vector Indexing,COMPLETED,17.153,"",0
2026-04-10T11:14:36Z,MLOps: Vector Indexing,COMPLETED,16.641,"",0
2026-04-10T12:14:02Z,MLOps: Sentiment Enrichment,COMPLETED,7.328,11,1
2026-04-10T12:14:09Z,MLOps: Vector Indexing,COMPLETED,8.755,"",0
2026-04-10T13:14:04Z,MLOps: Sentiment Enrichment,COMPLETED,7.259,20,1
2026-04-10T13:14:11Z,MLOps: Vector Indexing,COMPLETED,9.073,"",0
2026-04-10T14:14:02Z,MLOps: Sentiment Enrichment,COMPLETED,7.758,25,1
2026-04-10T14:14:09Z,MLOps: Vector Indexing,COMPLETED,8.990,"",0
2026-04-10T15:14:02Z,MLOps: Sentiment Enrichment,COMPLETED,7.941,27,1
2026-04-10T15:14:10Z,MLOps: Vector Indexing,COMPLETED,8.896,"",0
2026-04-10T16:14:01Z,MLOps: Sentiment Enrichment,COMPLETED,8.453,33,1
2026-04-10T16:14:10Z,MLOps: Vector Indexing,COMPLETED,9.226,"",0
2026-04-10T18:07:47Z,MLOps: Sentiment Enrichment,COMPLETED,9.665,21,1
2026-04-10T18:07:57Z,MLOps: Vector Indexing,COMPLETED,12.620,"",0
2026-04-10T19:07:50Z,MLOps: Sentiment Enrichment,COMPLETED,7.014,10,1
2026-04-10T19:07:57Z,MLOps: Vector Indexing,COMPLETED,8.771,"",0
2026-04-10T20:07:47Z,MLOps: Sentiment Enrichment,COMPLETED,7.646,21,1
2026-04-10T20:07:54Z,MLOps: Vector Indexing,COMPLETED,9.082,"",0
2026-04-10T21:07:47Z,MLOps: Sentiment Enrichment,COMPLETED,7.903,23,1
2026-04-10T21:07:55Z,MLOps: Vector Indexing,COMPLETED,8.886,"",0
2026-04-10T22:07:47Z,MLOps: Sentiment Enrichment,COMPLETED,7.615,19,1
2026-04-10T22:07:54Z,MLOps: Vector Indexing,COMPLETED,8.931,"",0
2026-04-10T23:07:46Z,MLOps: Sentiment Enrichment,COMPLETED,7.307,15,1
2026-04-10T23:07:54Z,MLOps: Vector Indexing,COMPLETED,8.727,"",0
2026-04-11T00:07:47Z,MLOps: Sentiment Enrichment,COMPLETED,6.810,10,1
2026-04-11T00:07:54Z,MLOps: Vector Indexing,COMPLETED,8.895,"",0
2026-04-11T01:07:47Z,MLOps: Sentiment Enrichment,COMPLETED,7.552,21,1
2026-04-11T01:07:55Z,MLOps: Vector Indexing,COMPLETED,8.825,"",0
2026-04-11T02:07:47Z,MLOps: Sentiment Enrichment,COMPLETED,6.816,9,1
2026-04-11T02:07:54Z,MLOps: Vector Indexing,COMPLETED,8.728,"",0
2026-04-11T03:07:47Z,MLOps: Sentiment Enrichment,COMPLETED,8.486,34,1
2026-04-11T03:07:56Z,MLOps: Vector Indexing,COMPLETED,8.727,"",0
2026-04-11T04:07:47Z,MLOps: Sentiment Enrichment,COMPLETED,8.267,32,1
2026-04-11T04:07:55Z,MLOps: Vector Indexing,COMPLETED,8.991,"",0
2026-04-11T05:07:47Z,MLOps: Sentiment Enrichment,COMPLETED,6.360,1,1
2026-04-11T05:07:53Z,MLOps: Vector Indexing,COMPLETED,8.738,"",0
2026-04-11T06:07:47Z,MLOps: Sentiment Enrichment,COMPLETED,7.696,23,1
2026-04-11T06:07:54Z,MLOps: Vector Indexing,COMPLETED,8.905,"",0
2026-04-11T07:07:47Z,MLOps: Sentiment Enrichment,COMPLETED,7.335,20,1
2026-04-11T07:07:54Z,MLOps: Vector Indexing,COMPLETED,8.857,"",0
2026-04-11T08:07:47Z,MLOps: Sentiment Enrichment,COMPLETED,7.071,11,1
2026-04-11T08:07:54Z,MLOps: Vector Indexing,COMPLETED,8.761,"",0
2026-04-11T09:07:48Z,MLOps: Sentiment Enrichment,COMPLETED,8.125,32,1
2026-04-11T09:07:56Z,MLOps: Vector Indexing,COMPLETED,8.824,"",0
2026-04-11T10:07:47Z,MLOps: Sentiment Enrichment,COMPLETED,8.848,42,1
2026-04-11T10:07:56Z,MLOps: Vector Indexing,COMPLETED,8.875,"",0
2026-04-11T11:07:47Z,MLOps: Sentiment Enrichment,COMPLETED,7.732,28,1
2026-04-11T11:07:55Z,MLOps: Vector Indexing,COMPLETED,8.633,"",0
2026-04-11T12:07:47Z,MLOps: Sentiment Enrichment,COMPLETED,7.497,19,1
2026-04-11T12:07:55Z,MLOps: Vector Indexing,COMPLETED,8.851,"",0
2026-04-11T13:07:47Z,MLOps: Sentiment Enrichment,COMPLETED,7.351,15,1
2026-04-11T13:07:54Z,MLOps: Vector Indexing,COMPLETED,8.911,"",0
2026-04-11T14:07:49Z,MLOps: Sentiment Enrichment,COMPLETED,8.358,37,1
2026-04-11T14:07:58Z,MLOps: Vector Indexing,COMPLETED,8.935,"",0
2026-04-11T15:07:49Z,MLOps: Sentiment Enrichment,COMPLETED,8.150,29,1
2026-04-11T15:07:57Z,MLOps: Vector Indexing,COMPLETED,8.872,"",0
2026-04-11T16:07:47Z,MLOps: Sentiment Enrichment,COMPLETED,8.857,41,1
2026-04-11T16:07:56Z,MLOps: Vector Indexing,COMPLETED,9.012,"",0
2026-04-11T17:07:47Z,MLOps: Sentiment Enrichment,COMPLETED,6.820,9,1
2026-04-11T17:07:54Z,MLOps: Vector Indexing,COMPLETED,8.649,"",0
2026-04-11T18:07:47Z,MLOps: Sentiment Enrichment,COMPLETED,7.947,28,1
2026-04-11T18:07:55Z,MLOps: Vector Indexing,COMPLETED,8.870,"",0
2026-04-11T19:07:46Z,MLOps: Sentiment Enrichment,COMPLETED,7.197,10,1
2026-04-11T19:07:54Z,MLOps: Vector Indexing,COMPLETED,8.748,"",0
2026-04-11T20:07:47Z,MLOps: Sentiment Enrichment,COMPLETED,6.803,6,1
2026-04-11T20:07:54Z,MLOps: Vector Indexing,COMPLETED,8.683,"",0
2026-04-11T21:07:47Z,MLOps: Sentiment Enrichment,COMPLETED,6.797,8,1
2026-04-11T21:07:54Z,MLOps: Vector Indexing,COMPLETED,8.906,"",0
2026-04-11T22:07:47Z,MLOps: Sentiment Enrichment,COMPLETED,6.851,9,1
2026-04-11T22:07:53Z,MLOps: Vector Indexing,COMPLETED,8.842,"",0
2026-04-11T23:07:47Z,MLOps: Sentiment Enrichment,COMPLETED,7.177,19,1
2026-04-11T23:07:54Z,MLOps: Vector Indexing,COMPLETED,8.715,"",0
2026-04-12T00:07:47Z,MLOps: Sentiment Enrichment,COMPLETED,6.546,4,1
2026-04-12T00:07:53Z,MLOps: Vector Indexing,COMPLETED,8.708,"",0
2026-04-12T01:07:47Z,MLOps: Sentiment Enrichment,COMPLETED,7.964,28,1
2026-04-12T01:07:55Z,MLOps: Vector Indexing,COMPLETED,8.744,"",0
2026-04-12T02:07:47Z,MLOps: Sentiment Enrichment,COMPLETED,7.461,20,1
2026-04-12T02:07:55Z,MLOps: Vector Indexing,COMPLETED,8.848,"",0
2026-04-12T03:07:47Z,MLOps: Sentiment Enrichment,COMPLETED,7.221,13,1
2026-04-12T03:07:54Z,MLOps: Vector Indexing,COMPLETED,8.857,"",0
2026-04-12T04:07:47Z,MLOps: Sentiment Enrichment,COMPLETED,7.368,16,1
2026-04-12T04:07:54Z,MLOps: Vector Indexing,COMPLETED,8.721,"",0
2026-04-12T05:07:47Z,MLOps: Sentiment Enrichment,COMPLETED,7.477,19,1
2026-04-12T05:07:54Z,MLOps: Vector Indexing,COMPLETED,8.903,"",0
2026-04-12T06:07:47Z,MLOps: Sentiment Enrichment,COMPLETED,6.894,10,1
2026-04-12T06:07:54Z,MLOps: Vector Indexing,COMPLETED,8.808,"",0
2026-04-12T07:07:47Z,MLOps: Sentiment Enrichment,COMPLETED,6.988,10,1
2026-04-12T07:07:54Z,MLOps: Vector Indexing,COMPLETED,8.878,"",0
2026-04-12T08:07:48Z,MLOps: Sentiment Enrichment,COMPLETED,6.857,7,1
2026-04-12T08:07:54Z,MLOps: Vector Indexing,COMPLETED,8.693,"",0
2026-04-12T09:07:47Z,MLOps: Sentiment Enrichment,COMPLETED,7.557,25,1
2026-04-12T09:07:54Z,MLOps: Vector Indexing,COMPLETED,9.118,"",0
2026-04-12T10:07:47Z,MLOps: Sentiment Enrichment,COMPLETED,6.971,10,1
2026-04-12T10:07:54Z,MLOps: Vector Indexing,COMPLETED,8.967,"",0
2026-04-12T11:07:47Z,MLOps: Sentiment Enrichment,COMPLETED,6.638,6,1
2026-04-12T11:07:54Z,MLOps: Vector Indexing,COMPLETED,8.843,"",0
2026-04-12T12:07:47Z,MLOps: Sentiment Enrichment,COMPLETED,6.851,10,1
2026-04-12T12:07:54Z,MLOps: Vector Indexing,COMPLETED,8.905,"",0
2026-04-12T13:07:48Z,MLOps: Sentiment Enrichment,COMPLETED,6.989,10,1
2026-04-12T13:07:55Z,MLOps: Vector Indexing,COMPLETED,8.792,"",0
2026-04-12T14:07:47Z,MLOps: Sentiment Enrichment,COMPLETED,7.036,10,1
2026-04-12T14:07:54Z,MLOps: Vector Indexing,COMPLETED,8.939,"",0
2026-04-12T15:07:47Z,MLOps: Sentiment Enrichment,COMPLETED,6.946,13,1
2026-04-12T15:07:54Z,MLOps: Vector Indexing,COMPLETED,8.847,"",0
2026-04-12T16:07:47Z,MLOps: Sentiment Enrichment,COMPLETED,7.006,15,1
2026-04-12T16:07:54Z,MLOps: Vector Indexing,COMPLETED,8.973,"",0
2026-04-12T17:07:47Z,MLOps: Sentiment Enrichment,COMPLETED,7.006,12,1
2026-04-12T17:07:54Z,MLOps: Vector Indexing,COMPLETED,9.056,"",0
2026-04-12T18:07:47Z,MLOps: Sentiment Enrichment,COMPLETED,6.711,5,1
2026-04-12T18:07:54Z,MLOps: Vector Indexing,COMPLETED,8.933,"",0
2026-04-12T19:07:47Z,MLOps: Sentiment Enrichment,COMPLETED,9.085,48,1
2026-04-12T19:07:56Z,MLOps: Vector Indexing,COMPLETED,9.253,"",0
2026-04-12T20:07:47Z,MLOps: Sentiment Enrichment,COMPLETED,7.271,14,1
2026-04-12T20:07:55Z,MLOps: Vector Indexing,COMPLETED,8.831,"",0
2026-04-12T21:07:48Z,MLOps: Sentiment Enrichment,COMPLETED,6.947,7,1
2026-04-12T21:07:55Z,MLOps: Vector Indexing,COMPLETED,8.894,"",0
2026-04-12T22:07:47Z,MLOps: Sentiment Enrichment,COMPLETED,8.831,49,1
2026-04-12T22:07:56Z,MLOps: Vector Indexing,COMPLETED,8.928,"",0
2026-04-12T23:07:46Z,MLOps: Sentiment Enrichment,COMPLETED,7.091,16,1
2026-04-12T23:07:54Z,MLOps: Vector Indexing,COMPLETED,8.832,"",0
2026-04-13T00:07:47Z,MLOps: Sentiment Enrichment,COMPLETED,6.959,8,1
2026-04-13T00:07:54Z,MLOps: Vector Indexing,COMPLETED,8.839,"",0
2026-04-13T01:07:47Z,MLOps: Sentiment Enrichment,COMPLETED,6.843,6,1
2026-04-13T01:07:54Z,MLOps: Vector Indexing,COMPLETED,8.798,"",0
2026-04-13T02:07:47Z,MLOps: Sentiment Enrichment,COMPLETED,6.801,5,1
2026-04-13T02:07:53Z,MLOps: Vector Indexing,COMPLETED,8.886,"",0
2026-04-13T03:07:47Z,MLOps: Sentiment Enrichment,COMPLETED,6.531,5,1
2026-04-13T03:07:53Z,MLOps: Vector Indexing,COMPLETED,8.983,"",0
2026-04-13T04:07:47Z,MLOps: Sentiment Enrichment,COMPLETED,6.750,4,1
2026-04-13T04:07:54Z,MLOps: Vector Indexing,COMPLETED,8.887,"",0
2026-04-13T05:07:49Z,MLOps: Sentiment Enrichment,COMPLETED,6.366,1,1
2026-04-13T05:07:55Z,MLOps: Vector Indexing,COMPLETED,8.717,"",0
2026-04-13T06:07:47Z,MLOps: Sentiment Enrichment,COMPLETED,6.934,13,1
2026-04-13T06:07:54Z,MLOps: Vector Indexing,COMPLETED,9.066,"",0
2026-04-13T07:07:47Z,MLOps: Sentiment Enrichment,COMPLETED,6.613,6,1
2026-04-13T07:07:54Z,MLOps: Vector Indexing,COMPLETED,8.962,"",0
2026-04-13T08:07:49Z,MLOps: Sentiment Enrichment,COMPLETED,6.450,1,1
2026-04-13T08:07:55Z,MLOps: Vector Indexing,COMPLETED,8.780,"",0
2026-04-13T09:07:47Z,MLOps: Sentiment Enrichment,COMPLETED,6.533,3,1
2026-04-13T09:07:54Z,MLOps: Vector Indexing,COMPLETED,8.738,"",0
2026-04-13T10:07:47Z,MLOps: Sentiment Enrichment,COMPLETED,9.297,49,1
2026-04-13T10:07:56Z,MLOps: Vector Indexing,COMPLETED,8.914,"",0
2026-04-13T11:07:47Z,MLOps: Sentiment Enrichment,COMPLETED,8.144,28,1
2026-04-13T11:07:55Z,MLOps: Vector Indexing,COMPLETED,8.791,"",0
2026-04-13T12:07:47Z,MLOps: Sentiment Enrichment,COMPLETED,7.769,21,1
2026-04-13T12:07:54Z,MLOps: Vector Indexing,COMPLETED,8.696,"",0
2026-04-13T13:07:47Z,MLOps: Sentiment Enrichment,COMPLETED,7.744,24,1
2026-04-13T13:07:55Z,MLOps: Vector Indexing,COMPLETED,8.935,"",0
2026-04-13T14:07:47Z,MLOps: Sentiment Enrichment,COMPLETED,7.969,24,1
2026-04-13T14:07:55Z,MLOps: Vector Indexing,COMPLETED,8.839,"",0
2026-04-13T15:07:47Z,MLOps: Sentiment Enrichment,COMPLETED,8.027,29,1
2026-04-13T15:07:55Z,MLOps: Vector Indexing,COMPLETED,8.829,"",0
2026-04-13T16:07:47Z,MLOps: Sentiment Enrichment,COMPLETED,7.647,24,1
2026-04-13T16:07:54Z,MLOps: Vector Indexing,COMPLETED,8.943,"",0
2026-04-13T17:07:48Z,MLOps: Sentiment Enrichment,COMPLETED,7.549,24,1
2026-04-13T17:07:56Z,MLOps: Vector Indexing,COMPLETED,8.799,"",0
2026-04-13T18:07:47Z,MLOps: Sentiment Enrichment,COMPLETED,7.171,14,1
2026-04-13T18:07:54Z,MLOps: Vector Indexing,COMPLETED,8.810,"",0
2026-04-13T19:07:48Z,MLOps: Sentiment Enrichment,COMPLETED,8.123,36,1
2026-04-13T19:07:56Z,MLOps: Vector Indexing,COMPLETED,8.983,"",0
2026-04-13T20:07:47Z,MLOps: Sentiment Enrichment,COMPLETED,7.273,16,1
2026-04-13T20:07:54Z,MLOps: Vector Indexing,COMPLETED,8.890,"",0
2026-04-13T21:07:47Z,MLOps: Sentiment Enrichment,COMPLETED,7.101,12,1
2026-04-13T21:07:54Z,MLOps: Vector Indexing,COMPLETED,8.782,"",0
2026-04-13T22:07:47Z,MLOps: Sentiment Enrichment,COMPLETED,7.480,18,1
2026-04-13T22:07:55Z,MLOps: Vector Indexing,COMPLETED,8.747,"",0
2026-04-13T23:07:47Z,MLOps: Sentiment Enrichment,COMPLETED,6.434,4,1
2026-04-13T23:07:53Z,MLOps: Vector Indexing,COMPLETED,8.723,"",0
2026-04-14T00:07:48Z,MLOps: Sentiment Enrichment,COMPLETED,6.673,5,1
2026-04-14T00:07:55Z,MLOps: Vector Indexing,COMPLETED,8.648,"",0
2026-04-14T01:07:49Z,MLOps: Sentiment Enrichment,COMPLETED,6.666,6,1
2026-04-14T01:07:56Z,MLOps: Vector Indexing,COMPLETED,8.653,"",0
2026-04-14T02:07:46Z,MLOps: Sentiment Enrichment,COMPLETED,6.089,0,0
2026-04-14T02:07:53Z,MLOps: Vector Indexing,COMPLETED,8.850,0,0
2026-04-14T03:07:47Z,MLOps: Sentiment Enrichment,COMPLETED,6.449,1,1
2026-04-14T03:07:54Z,MLOps: Vector Indexing,COMPLETED,8.686,"",0
2026-04-14T04:07:47Z,MLOps: Sentiment Enrichment,COMPLETED,6.215,0,0
2026-04-14T04:07:53Z,MLOps: Vector Indexing,COMPLETED,8.594,0,0
2026-04-14T05:07:47Z,MLOps: Sentiment Enrichment,COMPLETED,6.516,5,1
2026-04-14T05:07:53Z,MLOps: Vector Indexing,COMPLETED,8.712,"",0
2026-04-14T06:07:47Z,MLOps: Sentiment Enrichment,COMPLETED,6.421,1,1
2026-04-14T06:07:54Z,MLOps: Vector Indexing,COMPLETED,8.584,"",0
2026-04-14T07:07:47Z,MLOps: Sentiment Enrichment,COMPLETED,6.997,12,1
2026-04-14T07:07:54Z,MLOps: Vector Indexing,COMPLETED,8.651,"",0
2026-04-14T08:07:49Z,MLOps: Sentiment Enrichment,COMPLETED,6.606,5,1
2026-04-14T08:07:56Z,MLOps: Vector Indexing,COMPLETED,8.721,"",0
2026-04-14T09:07:47Z,MLOps: Sentiment Enrichment,COMPLETED,11.921,20,1
2026-04-14T09:07:59Z,MLOps: Vector Indexing,COMPLETED,14.891,"",0
2026-04-14T10:07:47Z,MLOps: Sentiment Enrichment,COMPLETED,7.653,20,1
2026-04-14T10:07:55Z,MLOps: Vector Indexing,COMPLETED,8.701,"",0
2026-04-14T11:07:47Z,MLOps: Sentiment Enrichment,COMPLETED,8.591,39,1
2026-04-14T11:07:56Z,MLOps: Vector Indexing,COMPLETED,8.943,"",0
2026-04-14T12:07:47Z,MLOps: Sentiment Enrichment,COMPLETED,8.877,40,1
2026-04-14T12:07:56Z,MLOps: Vector Indexing,COMPLETED,9.002,"",0
2026-04-14T13:07:47Z,MLOps: Sentiment Enrichment,COMPLETED,7.937,27,1
2026-04-14T13:07:55Z,MLOps: Vector Indexing,COMPLETED,8.856,"",0
2026-04-14T14:07:47Z,MLOps: Sentiment Enrichment,COMPLETED,8.071,29,1
2026-04-14T14:07:55Z,MLOps: Vector Indexing,COMPLETED,8.984,"",0
2026-04-14T15:07:47Z,MLOps: Sentiment Enrichment,COMPLETED,7.863,20,1
2026-04-14T15:07:55Z,MLOps: Vector Indexing,COMPLETED,51.003,"",0
2026-04-14T16:07:47Z,MLOps: Sentiment Enrichment,COMPLETED,6.976,13,1
2026-04-14T16:07:54Z,MLOps: Vector Indexing,COMPLETED,9.005,"",0
2026-04-14T17:07:47Z,MLOps: Sentiment Enrichment,COMPLETED,8.549,35,1
2026-04-14T17:07:56Z,MLOps: Vector Indexing,COMPLETED,8.883,"",0
2026-04-14T18:07:48Z,MLOps: Sentiment Enrichment,COMPLETED,7.637,26,1
2026-04-14T18:07:56Z,MLOps: Vector Indexing,COMPLETED,8.912,"",0
2026-04-14T19:07:47Z,MLOps: Sentiment Enrichment,COMPLETED,6.836,9,1
2026-04-14T19:07:54Z,MLOps: Vector Indexing,COMPLETED,8.948,"",0
2026-04-14T20:07:47Z,MLOps: Sentiment Enrichment,COMPLETED,7.423,19,1
2026-04-14T20:07:54Z,MLOps: Vector Indexing,COMPLETED,8.609,"",0
2026-04-14T21:07:47Z,MLOps: Sentiment Enrichment,COMPLETED,7.029,14,1
2026-04-14T21:07:54Z,MLOps: Vector Indexing,COMPLETED,8.753,"",0
2026-04-14T22:07:47Z,MLOps: Sentiment Enrichment,COMPLETED,7.340,16,1
2026-04-14T22:07:54Z,MLOps: Vector Indexing,COMPLETED,8.923,"",0
2026-04-14T23:07:47Z,MLOps: Sentiment Enrichment,COMPLETED,7.358,15,1
2026-04-14T23:07:55Z,MLOps: Vector Indexing,COMPLETED,9.130,"",0
2026-04-15T00:07:47Z,MLOps: Sentiment Enrichment,COMPLETED,6.478,3,1
2026-04-15T00:07:53Z,MLOps: Vector Indexing,COMPLETED,8.773,"",0
2026-04-15T01:07:47Z,MLOps: Sentiment Enrichment,COMPLETED,6.599,8,1
2026-04-15T01:07:54Z,MLOps: Vector Indexing,COMPLETED,8.821,"",0
2026-04-15T02:07:47Z,MLOps: Sentiment Enrichment,COMPLETED,6.582,5,1
2026-04-15T02:07:53Z,MLOps: Vector Indexing,COMPLETED,8.842,"",0
2026-04-15T03:07:47Z,MLOps: Sentiment Enrichment,COMPLETED,6.697,7,1
2026-04-15T03:07:53Z,MLOps: Vector Indexing,COMPLETED,8.939,"",0
2026-04-15T04:07:54Z,MLOps: Sentiment Enrichment,COMPLETED,7.065,13,1
2026-04-15T04:08:01Z,MLOps: Vector Indexing,COMPLETED,8.831,"",0
2026-04-15T05:07:48Z,MLOps: Sentiment Enrichment,COMPLETED,7.359,17,1
2026-04-15T05:07:55Z,MLOps: Vector Indexing,COMPLETED,8.750,"",0
2026-04-15T06:07:47Z,MLOps: Sentiment Enrichment,COMPLETED,7.623,19,1
2026-04-15T06:07:55Z,MLOps: Vector Indexing,COMPLETED,8.919,"",0
2026-04-15T07:07:47Z,MLOps: Sentiment Enrichment,COMPLETED,7.630,22,1
2026-04-15T07:07:55Z,MLOps: Vector Indexing,COMPLETED,8.781,"",0
2026-04-15T08:07:47Z,MLOps: Sentiment Enrichment,COMPLETED,7.845,22,1
2026-04-15T08:07:55Z,MLOps: Vector Indexing,COMPLETED,8.903,"",0
2026-04-15T09:07:47Z,MLOps: Sentiment Enrichment,COMPLETED,8.016,28,1
2026-04-15T09:07:55Z,MLOps: Vector Indexing,COMPLETED,8.911,"",0
2026-04-15T10:07:47Z,MLOps: Sentiment Enrichment,COMPLETED,8.448,34,1
2026-04-15T10:07:55Z,MLOps: Vector Indexing,COMPLETED,9.014,"",0
2026-04-15T11:07:47Z,MLOps: Sentiment Enrichment,COMPLETED,7.632,19,1
2026-04-15T11:07:54Z,MLOps: Vector Indexing,COMPLETED,8.873,"",0
2026-04-15T12:07:47Z,MLOps: Sentiment Enrichment,COMPLETED,7.726,22,1
2026-04-15T12:07:55Z,MLOps: Vector Indexing,COMPLETED,8.689,"",0
2026-04-15T13:07:47Z,MLOps: Sentiment Enrichment,COMPLETED,8.145,31,1
2026-04-15T13:07:56Z,MLOps: Vector Indexing,COMPLETED,9.172,"",0
2026-04-15T14:07:57Z,MLOps: Sentiment Enrichment,COMPLETED,7.893,26,1
2026-04-15T14:08:05Z,MLOps: Vector Indexing,COMPLETED,8.815,"",0
2026-04-15T15:07:49Z,MLOps: Sentiment Enrichment,COMPLETED,8.566,35,1
2026-04-15T15:07:58Z,MLOps: Vector Indexing,COMPLETED,9.052,"",0
2026-04-15T16:07:47Z,MLOps: Sentiment Enrichment,COMPLETED,7.308,17,1
2026-04-15T16:07:55Z,MLOps: Vector Indexing,COMPLETED,8.811,"",0
2026-04-15T17:07:47Z,MLOps: Sentiment Enrichment,COMPLETED,7.979,28,1
2026-04-15T17:07:55Z,MLOps: Vector Indexing,COMPLETED,8.975,"",0
2026-04-15T18:07:47Z,MLOps: Sentiment Enrichment,COMPLETED,7.652,23,1
2026-04-15T18:07:55Z,MLOps: Vector Indexing,COMPLETED,8.958,"",0
2026-04-15T19:07:47Z,MLOps: Sentiment Enrichment,COMPLETED,7.061,14,1
2026-04-15T19:07:54Z,MLOps: Vector Indexing,COMPLETED,8.754,"",0
2026-04-15T20:07:47Z,MLOps: Sentiment Enrichment,COMPLETED,6.729,6,1
2026-04-15T20:07:54Z,MLOps: Vector Indexing,COMPLETED,9.044,"",0
2026-04-15T21:07:49Z,MLOps: Sentiment Enrichment,COMPLETED,7.641,19,1
2026-04-15T21:07:56Z,MLOps: Vector Indexing,COMPLETED,8.986,"",0
2026-04-15T22:07:47Z,MLOps: Sentiment Enrichment,COMPLETED,7.775,20,1
2026-04-15T22:07:54Z,MLOps: Vector Indexing,COMPLETED,9.184,"",0
2026-04-15T23:07:47Z,MLOps: Sentiment Enrichment,COMPLETED,7.487,18,1
2026-04-15T23:07:55Z,MLOps: Vector Indexing,COMPLETED,9.027,"",0
2026-04-16T00:07:47Z,MLOps: Sentiment Enrichment,COMPLETED,7.554,17,1
2026-04-16T00:07:54Z,MLOps: Vector Indexing,COMPLETED,8.959,"",0
2026-04-16T01:07:47Z,MLOps: Sentiment Enrichment,COMPLETED,6.956,11,1
2026-04-16T01:07:54Z,MLOps: Vector Indexing,COMPLETED,9.051,"",0
2026-04-16T02:07:47Z,MLOps: Sentiment Enrichment,COMPLETED,6.865,8,1
2026-04-16T02:07:54Z,MLOps: Vector Indexing,COMPLETED,8.901,"",0
2026-04-16T03:07:47Z,MLOps: Sentiment Enrichment,COMPLETED,7.097,12,1
2026-04-16T03:07:54Z,MLOps: Vector Indexing,COMPLETED,8.773,"",0
2026-04-16T04:07:47Z,MLOps: Sentiment Enrichment,COMPLETED,6.745,8,1
2026-04-16T04:07:53Z,MLOps: Vector Indexing,COMPLETED,8.630,"",0
2026-04-16T05:07:47Z,MLOps: Sentiment Enrichment,COMPLETED,7.700,29,1
2026-04-16T05:07:55Z,MLOps: Vector Indexing,COMPLETED,8.811,"",0
2026-04-16T06:07:50Z,MLOps: Sentiment Enrichment,COMPLETED,7.908,32,1
2026-04-16T06:07:58Z,MLOps: Vector Indexing,COMPLETED,9.050,"",0
2026-04-16T07:07:47Z,MLOps: Sentiment Enrichment,COMPLETED,7.868,30,1
2026-04-16T07:07:55Z,MLOps: Vector Indexing,COMPLETED,8.946,"",0
2026-04-16T08:07:47Z,MLOps: Sentiment Enrichment,COMPLETED,7.728,23,1
2026-04-16T08:07:54Z,MLOps: Vector Indexing,COMPLETED,8.859,"",0
2026-04-16T09:07:47Z,MLOps: Sentiment Enrichment,COMPLETED,7.987,26,1
2026-04-16T09:07:55Z,MLOps: Vector Indexing,COMPLETED,8.899,"",0
2026-04-16T10:07:47Z,MLOps: Sentiment Enrichment,COMPLETED,7.165,12,1
2026-04-16T10:07:54Z,MLOps: Vector Indexing,COMPLETED,8.926,"",0
2026-04-16T11:07:47Z,MLOps: Sentiment Enrichment,COMPLETED,7.110,12,1
2026-04-16T11:07:54Z,MLOps: Vector Indexing,COMPLETED,9.080,"",0
2026-04-16T12:07:47Z,MLOps: Sentiment Enrichment,COMPLETED,7.908,24,1
2026-04-16T12:07:55Z,MLOps: Vector Indexing,COMPLETED,8.965,"",0
2026-04-16T13:07:47Z,MLOps: Sentiment Enrichment,COMPLETED,8.024,29,1
2026-04-16T13:07:55Z,MLOps: Vector Indexing,COMPLETED,8.938,"",0
2026-04-16T14:07:49Z,MLOps: Sentiment Enrichment,COMPLETED,9.067,40,1
2026-04-16T14:07:58Z,MLOps: Vector Indexing,COMPLETED,9.070,"",0
2026-04-16T15:07:47Z,MLOps: Sentiment Enrichment,COMPLETED,7.849,26,1
2026-04-16T15:07:55Z,MLOps: Vector Indexing,COMPLETED,8.938,"",0
2026-04-16T16:07:47Z,MLOps: Sentiment Enrichment,COMPLETED,8.378,38,1
2026-04-16T16:07:55Z,MLOps: Vector Indexing,COMPLETED,9.037,"",0
2026-04-16T17:28:24Z,MLOps: Sentiment Enrichment,COMPLETED,8.871,40,1
2026-04-16T17:28:33Z,MLOps: Vector Indexing,COMPLETED,13.901,"",0
2026-04-16T18:28:25Z,MLOps: Sentiment Enrichment,COMPLETED,8.018,24,1
2026-04-16T18:28:33Z,MLOps: Vector Indexing,COMPLETED,9.455,"",0
2026-04-16T19:28:24Z,MLOps: Sentiment Enrichment,COMPLETED,7.450,20,1
2026-04-16T19:28:31Z,MLOps: Vector Indexing,COMPLETED,9.260,"",0
2026-04-16T20:28:23Z,MLOps: Sentiment Enrichment,COMPLETED,7.779,23,1
2026-04-16T20:28:31Z,MLOps: Vector Indexing,COMPLETED,8.944,"",0
2026-04-16T21:28:24Z,MLOps: Sentiment Enrichment,COMPLETED,7.812,29,1
2026-04-16T21:28:32Z,MLOps: Vector Indexing,COMPLETED,8.882,"",0
2026-04-16T22:28:24Z,MLOps: Sentiment Enrichment,COMPLETED,7.318,17,1
2026-04-16T22:28:31Z,MLOps: Vector Indexing,COMPLETED,8.901,"",0
2026-04-16T23:28:23Z,MLOps: Sentiment Enrichment,COMPLETED,7.782,20,1
2026-04-16T23:28:31Z,MLOps: Vector Indexing,COMPLETED,8.922,"",0
2026-04-17T00:28:24Z,MLOps: Sentiment Enrichment,COMPLETED,6.994,12,1
2026-04-17T00:28:31Z,MLOps: Vector Indexing,COMPLETED,8.670,"",0
2026-04-17T01:28:23Z,MLOps: Sentiment Enrichment,COMPLETED,6.839,5,1
2026-04-17T01:28:30Z,MLOps: Vector Indexing,COMPLETED,8.976,"",0
2026-04-17T02:28:25Z,MLOps: Sentiment Enrichment,COMPLETED,6.981,10,1
2026-04-17T02:28:32Z,MLOps: Vector Indexing,COMPLETED,8.899,"",0
2026-04-17T03:28:24Z,MLOps: Sentiment Enrichment,COMPLETED,6.774,8,1
2026-04-17T03:28:31Z,MLOps: Vector Indexing,COMPLETED,8.677,"",0
2026-04-17T04:28:24Z,MLOps: Sentiment Enrichment,COMPLETED,7.013,11,1
2026-04-17T04:28:31Z,MLOps: Vector Indexing,COMPLETED,8.723,"",0
2026-04-17T05:28:24Z,MLOps: Sentiment Enrichment,COMPLETED,8.195,32,1
2026-04-17T05:28:32Z,MLOps: Vector Indexing,COMPLETED,8.945,"",0
2026-04-17T06:28:23Z,MLOps: Sentiment Enrichment,COMPLETED,7.457,16,1
2026-04-17T06:28:31Z,MLOps: Vector Indexing,COMPLETED,8.782,"",0
2026-04-17T07:28:24Z,MLOps: Sentiment Enrichment,COMPLETED,7.805,23,1
2026-04-17T07:28:32Z,MLOps: Vector Indexing,COMPLETED,8.866,"",0
2026-04-17T08:28:23Z,MLOps: Sentiment Enrichment,COMPLETED,7.152,14,1
2026-04-17T08:28:31Z,MLOps: Vector Indexing,COMPLETED,8.918,"",0
2026-04-17T09:28:24Z,MLOps: Sentiment Enrichment,COMPLETED,7.762,20,1
2026-04-17T09:28:32Z,MLOps: Vector Indexing,COMPLETED,8.844,"",0
2026-04-17T10:28:24Z,MLOps: Sentiment Enrichment,COMPLETED,7.325,15,1
2026-04-17T10:28:31Z,MLOps: Vector Indexing,COMPLETED,9.026,"",0
2026-04-17T11:28:24Z,MLOps: Sentiment Enrichment,COMPLETED,7.589,15,1
2026-04-17T11:28:31Z,MLOps: Vector Indexing,COMPLETED,9.376,"",0
2026-04-17T12:28:24Z,MLOps: Sentiment Enrichment,COMPLETED,7.475,18,1
2026-04-17T12:28:32Z,MLOps: Vector Indexing,COMPLETED,8.928,"",0
2026-04-17T13:28:24Z,MLOps: Sentiment Enrichment,COMPLETED,8.462,29,1
2026-04-17T13:28:32Z,MLOps: Vector Indexing,COMPLETED,9.099,"",0
2026-04-17T14:28:23Z,MLOps: Sentiment Enrichment,COMPLETED,8.588,38,1
2026-04-17T14:28:32Z,MLOps: Vector Indexing,COMPLETED,8.985,"",0
2026-04-17T15:28:24Z,MLOps: Sentiment Enrichment,COMPLETED,8.474,36,1
2026-04-17T15:28:33Z,MLOps: Vector Indexing,COMPLETED,8.986,"",0
2026-04-17T16:28:24Z,MLOps: Sentiment Enrichment,COMPLETED,8.636,37,1
2026-04-17T16:28:33Z,MLOps: Vector Indexing,COMPLETED,8.942,"",0
2026-04-17T17:28:24Z,MLOps: Sentiment Enrichment,COMPLETED,8.337,35,1
2026-04-17T17:28:33Z,MLOps: Vector Indexing,COMPLETED,8.914,"",0
2026-04-17T18:28:24Z,MLOps: Sentiment Enrichment,COMPLETED,8.745,38,1
2026-04-17T18:28:33Z,MLOps: Vector Indexing,COMPLETED,8.824,"",0
2026-04-17T19:28:24Z,MLOps: Sentiment Enrichment,COMPLETED,7.670,24,1
2026-04-17T19:28:31Z,MLOps: Vector Indexing,COMPLETED,8.988,"",0
2026-04-17T20:28:24Z,MLOps: Sentiment Enrichment,COMPLETED,7.417,19,1
2026-04-17T20:28:32Z,MLOps: Vector Indexing,COMPLETED,8.793,"",0
2026-04-17T21:28:24Z,MLOps: Sentiment Enrichment,COMPLETED,6.904,8,1
2026-04-17T21:28:31Z,MLOps: Vector Indexing,COMPLETED,8.879,"",0
2026-04-17T22:28:24Z,MLOps: Sentiment Enrichment,COMPLETED,7.311,16,1
2026-04-17T22:28:32Z,MLOps: Vector Indexing,COMPLETED,8.905,"",0
2026-04-17T23:28:24Z,MLOps: Sentiment Enrichment,COMPLETED,7.738,23,1
2026-04-17T23:28:32Z,MLOps: Vector Indexing,COMPLETED,8.772,"",0
2026-04-18T00:28:24Z,MLOps: Sentiment Enrichment,COMPLETED,6.851,11,1
2026-04-18T00:28:31Z,MLOps: Vector Indexing,COMPLETED,8.622,"",0
2026-04-18T01:28:25Z,MLOps: Sentiment Enrichment,COMPLETED,8.378,37,1
2026-04-18T01:28:34Z,MLOps: Vector Indexing,COMPLETED,8.841,"",0
2026-04-18T02:28:24Z,MLOps: Sentiment Enrichment,COMPLETED,7.856,24,1
2026-04-18T02:28:32Z,MLOps: Vector Indexing,COMPLETED,8.802,"",0
2026-04-18T03:28:26Z,MLOps: Sentiment Enrichment,COMPLETED,7.099,14,1
2026-04-18T03:28:33Z,MLOps: Vector Indexing,COMPLETED,8.828,"",0
2026-04-18T04:28:24Z,MLOps: Sentiment Enrichment,COMPLETED,7.175,9,1
2026-04-18T04:28:32Z,MLOps: Vector Indexing,COMPLETED,8.728,"",0
2026-04-18T05:28:24Z,MLOps: Sentiment Enrichment,COMPLETED,7.159,14,1
2026-04-18T05:28:31Z,MLOps: Vector Indexing,COMPLETED,8.834,"",0
2026-04-18T06:28:23Z,MLOps: Sentiment Enrichment,COMPLETED,6.982,16,1
2026-04-18T06:28:30Z,MLOps: Vector Indexing,COMPLETED,8.812,"",0
2026-04-18T07:28:25Z,MLOps: Sentiment Enrichment,COMPLETED,7.530,13,1
2026-04-18T07:28:33Z,MLOps: Vector Indexing,COMPLETED,8.765,"",0
2026-04-18T08:28:24Z,MLOps: Sentiment Enrichment,COMPLETED,7.177,16,1
2026-04-18T08:28:31Z,MLOps: Vector Indexing,COMPLETED,8.952,"",0
2026-04-18T09:28:25Z,MLOps: Sentiment Enrichment,COMPLETED,7.381,16,1
2026-04-18T09:28:32Z,MLOps: Vector Indexing,COMPLETED,8.894,"",0
2026-04-18T10:28:24Z,MLOps: Sentiment Enrichment,COMPLETED,7.280,15,1
2026-04-18T10:28:31Z,MLOps: Vector Indexing,COMPLETED,8.908,"",0
2026-04-18T11:28:24Z,MLOps: Sentiment Enrichment,COMPLETED,7.466,18,1
2026-04-18T11:28:31Z,MLOps: Vector Indexing,COMPLETED,9.088,"",0
2026-04-18T12:28:23Z,MLOps: Sentiment Enrichment,COMPLETED,7.691,23,1
2026-04-18T12:28:31Z,MLOps: Vector Indexing,COMPLETED,8.839,"",0
2026-04-18T13:28:24Z,MLOps: Sentiment Enrichment,COMPLETED,8.050,26,1
2026-04-18T13:28:32Z,MLOps: Vector Indexing,COMPLETED,9.144,"",0
2026-04-18T14:28:24Z,MLOps: Sentiment Enrichment,COMPLETED,7.643,24,1
2026-04-18T14:28:31Z,MLOps: Vector Indexing,COMPLETED,9.127,"",0
2026-04-18T15:28:24Z,MLOps: Sentiment Enrichment,COMPLETED,7.941,21,1
2026-04-18T15:28:32Z,MLOps: Vector Indexing,COMPLETED,9.127,"",0
2026-04-18T16:28:24Z,MLOps: Sentiment Enrichment,COMPLETED,7.287,13,1
2026-04-18T16:28:31Z,MLOps: Vector Indexing,COMPLETED,8.816,"",0
2026-04-18T17:28:23Z,MLOps: Sentiment Enrichment,COMPLETED,6.881,10,1
2026-04-18T17:28:30Z,MLOps: Vector Indexing,COMPLETED,8.820,"",0
2026-04-18T18:28:24Z,MLOps: Sentiment Enrichment,COMPLETED,6.985,10,1
2026-04-18T18:28:31Z,MLOps: Vector Indexing,COMPLETED,8.758,"",0
2026-04-18T19:28:24Z,MLOps: Sentiment Enrichment,COMPLETED,8.126,32,1
2026-04-18T19:28:32Z,MLOps: Vector Indexing,COMPLETED,9.057,"",0
2026-04-18T20:28:24Z,MLOps: Sentiment Enrichment,COMPLETED,6.774,8,1
2026-04-18T20:28:31Z,MLOps: Vector Indexing,COMPLETED,8.870,"",0
2026-04-18T21:28:24Z,MLOps: Sentiment Enrichment,COMPLETED,6.945,10,1
2026-04-18T21:28:31Z,MLOps: Vector Indexing,COMPLETED,8.852,"",0
2026-04-18T22:28:24Z,MLOps: Sentiment Enrichment,COMPLETED,7.221,15,1
2026-04-18T22:28:31Z,MLOps: Vector Indexing,COMPLETED,8.899,"",0
2026-04-18T23:28:24Z,MLOps: Sentiment Enrichment,COMPLETED,6.946,7,1
2026-04-18T23:28:31Z,MLOps: Vector Indexing,COMPLETED,8.808,"",0
2026-04-19T00:28:24Z,MLOps: Sentiment Enrichment,COMPLETED,8.480,37,1
2026-04-19T00:28:33Z,MLOps: Vector Indexing,COMPLETED,8.760,"",0
2026-04-19T01:28:24Z,MLOps: Sentiment Enrichment,COMPLETED,7.930,24,1
2026-04-19T01:28:32Z,MLOps: Vector Indexing,COMPLETED,8.694,"",0
2026-04-19T02:28:24Z,MLOps: Sentiment Enrichment,COMPLETED,7.650,23,1
2026-04-19T02:28:32Z,MLOps: Vector Indexing,COMPLETED,8.856,"",0
2026-04-19T03:28:24Z,MLOps: Sentiment Enrichment,COMPLETED,7.160,13,1
2026-04-19T03:28:31Z,MLOps: Vector Indexing,COMPLETED,8.777,"",0
2026-04-19T04:28:24Z,MLOps: Sentiment Enrichment,COMPLETED,7.980,33,1
2026-04-19T04:28:32Z,MLOps: Vector Indexing,COMPLETED,8.828,"",0
2026-04-19T05:28:24Z,MLOps: Sentiment Enrichment,COMPLETED,7.859,29,1
2026-04-19T05:28:32Z,MLOps: Vector Indexing,COMPLETED,8.907,"",0
2026-04-19T06:28:24Z,MLOps: Sentiment Enrichment,COMPLETED,7.420,17,1
2026-04-19T06:28:31Z,MLOps: Vector Indexing,COMPLETED,8.709,"",0
2026-04-19T07:28:24Z,MLOps: Sentiment Enrichment,COMPLETED,7.871,27,1
2026-04-19T07:28:31Z,MLOps: Vector Indexing,COMPLETED,8.827,"",0
2026-04-19T08:28:24Z,MLOps: Sentiment Enrichment,COMPLETED,7.304,15,1
2026-04-19T08:28:31Z,MLOps: Vector Indexing,COMPLETED,8.915,"",0
2026-04-19T09:28:23Z,MLOps: Sentiment Enrichment,COMPLETED,7.411,17,1
2026-04-19T09:28:31Z,MLOps: Vector Indexing,COMPLETED,8.693,"",0
2026-04-19T10:28:24Z,MLOps: Sentiment Enrichment,COMPLETED,7.721,23,1
2026-04-19T10:28:31Z,MLOps: Vector Indexing,COMPLETED,8.719,"",0
2026-04-19T11:28:24Z,MLOps: Sentiment Enrichment,COMPLETED,6.982,13,1
2026-04-19T11:28:31Z,MLOps: Vector Indexing,COMPLETED,8.885,"",0
2026-04-19T12:28:24Z,MLOps: Sentiment Enrichment,COMPLETED,6.901,8,1
2026-04-19T12:28:31Z,MLOps: Vector Indexing,COMPLETED,8.689,"",0
2026-04-19T13:28:24Z,MLOps: Sentiment Enrichment,COMPLETED,6.841,11,1
2026-04-19T13:28:31Z,MLOps: Vector Indexing,COMPLETED,8.656,"",0
2026-04-19T14:28:24Z,MLOps: Sentiment Enrichment,COMPLETED,7.451,20,1
2026-04-19T14:28:31Z,MLOps: Vector Indexing,COMPLETED,8.741,"",0
2026-04-19T15:28:24Z,MLOps: Sentiment Enrichment,COMPLETED,7.351,16,1
2026-04-19T15:28:31Z,MLOps: Vector Indexing,COMPLETED,8.815,"",0
2026-04-19T16:28:24Z,MLOps: Sentiment Enrichment,COMPLETED,7.606,20,1
2026-04-19T16:28:32Z,MLOps: Vector Indexing,COMPLETED,8.799,"",0
2026-04-19T17:28:24Z,MLOps: Sentiment Enrichment,COMPLETED,6.968,13,1
2026-04-19T17:28:31Z,MLOps: Vector Indexing,COMPLETED,8.823,"",0
2026-04-19T18:28:24Z,MLOps: Sentiment Enrichment,COMPLETED,7.555,19,1
2026-04-19T18:28:32Z,MLOps: Vector Indexing,COMPLETED,8.891,"",0
2026-04-19T19:28:24Z,MLOps: Sentiment Enrichment,COMPLETED,8.570,40,1
2026-04-19T19:28:33Z,MLOps: Vector Indexing,COMPLETED,8.805,"",0
2026-04-19T20:28:24Z,MLOps: Sentiment Enrichment,COMPLETED,6.878,11,1
2026-04-19T20:28:31Z,MLOps: Vector Indexing,COMPLETED,9.055,"",0
2026-04-19T21:28:24Z,MLOps: Sentiment Enrichment,COMPLETED,7.579,20,1
2026-04-19T21:28:31Z,MLOps: Vector Indexing,COMPLETED,8.836,"",0
2026-04-19T22:28:24Z,MLOps: Sentiment Enrichment,COMPLETED,6.866,8,1
2026-04-19T22:28:31Z,MLOps: Vector Indexing,COMPLETED,8.874,"",0
2026-04-19T23:28:24Z,MLOps: Sentiment Enrichment,COMPLETED,7.001,9,1
2026-04-19T23:28:31Z,MLOps: Vector Indexing,COMPLETED,8.949,"",0
2026-04-20T00:28:24Z,MLOps: Sentiment Enrichment,COMPLETED,6.876,6,1
2026-04-20T00:28:31Z,MLOps: Vector Indexing,COMPLETED,8.917,"",0
2026-04-20T01:28:23Z,MLOps: Sentiment Enrichment,COMPLETED,7.152,11,1
2026-04-20T01:28:30Z,MLOps: Vector Indexing,COMPLETED,8.989,"",0
2026-04-20T02:28:24Z,MLOps: Sentiment Enrichment,COMPLETED,6.581,5,1
2026-04-20T02:28:30Z,MLOps: Vector Indexing,COMPLETED,8.782,"",0
2026-04-20T03:28:24Z,MLOps: Sentiment Enrichment,COMPLETED,6.380,2,1
2026-04-20T03:28:31Z,MLOps: Vector Indexing,COMPLETED,8.503,"",0
2026-04-20T04:28:24Z,MLOps: Sentiment Enrichment,COMPLETED,6.531,3,1
2026-04-20T04:28:31Z,MLOps: Vector Indexing,COMPLETED,8.760,"",0
2026-04-20T05:28:24Z,MLOps: Sentiment Enrichment,COMPLETED,6.710,7,1
2026-04-20T05:28:31Z,MLOps: Vector Indexing,COMPLETED,8.732,"",0
2026-04-20T06:28:24Z,MLOps: Sentiment Enrichment,COMPLETED,6.562,4,1
2026-04-20T06:28:31Z,MLOps: Vector Indexing,COMPLETED,8.796,"",0
2026-04-20T07:28:24Z,MLOps: Sentiment Enrichment,COMPLETED,7.871,27,1
2026-04-20T07:28:32Z,MLOps: Vector Indexing,COMPLETED,8.978,"",0
2026-04-20T08:28:24Z,MLOps: Sentiment Enrichment,COMPLETED,6.387,2,1
2026-04-20T08:28:31Z,MLOps: Vector Indexing,COMPLETED,8.789,"",0
2026-04-20T09:28:24Z,MLOps: Sentiment Enrichment,COMPLETED,8.549,35,1
2026-04-20T09:28:32Z,MLOps: Vector Indexing,COMPLETED,9.056,"",0
2026-04-20T10:28:24Z,MLOps: Sentiment Enrichment,COMPLETED,7.398,19,1
2026-04-20T10:28:31Z,MLOps: Vector Indexing,COMPLETED,8.819,"",0
2026-04-20T11:28:26Z,MLOps: Sentiment Enrichment,COMPLETED,7.478,19,1
2026-04-20T11:28:33Z,MLOps: Vector Indexing,COMPLETED,8.977,"",0
2026-04-20T12:28:26Z,MLOps: Sentiment Enrichment,COMPLETED,7.614,21,1
2026-04-20T12:28:34Z,MLOps: Vector Indexing,COMPLETED,8.746,"",0
2026-04-20T13:28:24Z,MLOps: Sentiment Enrichment,COMPLETED,7.789,23,1
2026-04-20T13:28:31Z,MLOps: Vector Indexing,COMPLETED,9.000,"",0
2026-04-20T14:28:24Z,MLOps: Sentiment Enrichment,COMPLETED,8.790,38,1
2026-04-20T14:28:33Z,MLOps: Vector Indexing,COMPLETED,8.918,"",0
2026-04-20T15:28:24Z,MLOps: Sentiment Enrichment,COMPLETED,8.826,40,1
2026-04-20T15:28:33Z,MLOps: Vector Indexing,COMPLETED,9.043,"",0
2026-04-20T16:28:24Z,MLOps: Sentiment Enrichment,COMPLETED,7.274,21,1
2026-04-20T16:28:31Z,MLOps: Vector Indexing,COMPLETED,8.830,"",0
2026-04-20T17:28:23Z,MLOps: Sentiment Enrichment,COMPLETED,7.218,16,1
2026-04-20T17:28:31Z,MLOps: Vector Indexing,COMPLETED,8.779,"",0
2026-04-20T18:28:25Z,MLOps: Sentiment Enrichment,COMPLETED,7.827,25,1
2026-04-20T18:28:33Z,MLOps: Vector Indexing,COMPLETED,8.883,"",0
2026-04-20T19:28:24Z,MLOps: Sentiment Enrichment,COMPLETED,6.888,10,1
2026-04-20T19:28:31Z,MLOps: Vector Indexing,COMPLETED,8.826,"",0
2026-04-20T20:28:23Z,MLOps: Sentiment Enrichment,COMPLETED,6.864,9,1
2026-04-20T20:28:30Z,MLOps: Vector Indexing,COMPLETED,8.748,"",0
2026-04-20T21:28:24Z,MLOps: Sentiment Enrichment,COMPLETED,6.814,7,1
2026-04-20T21:28:31Z,MLOps: Vector Indexing,COMPLETED,8.870,"",0
2026-04-20T22:28:24Z,MLOps: Sentiment Enrichment,COMPLETED,6.838,8,1
2026-04-20T22:28:30Z,MLOps: Vector Indexing,COMPLETED,8.692,"",0
2026-04-20T23:28:24Z,MLOps: Sentiment Enrichment,COMPLETED,6.318,1,1
2026-04-20T23:28:30Z,MLOps: Vector Indexing,COMPLETED,8.904,"",0
2026-04-21T01:23:28Z,MLOps: Sentiment Enrichment,COMPLETED,8.873,4,1
2026-04-21T01:23:36Z,MLOps: Vector Indexing,COMPLETED,11.549,"",0
2026-04-21T02:23:22Z,MLOps: Sentiment Enrichment,COMPLETED,6.719,6,1
2026-04-21T02:23:29Z,MLOps: Vector Indexing,COMPLETED,8.851,"",0
2026-04-21T03:23:22Z,MLOps: Sentiment Enrichment,COMPLETED,6.774,3,1
2026-04-21T03:23:29Z,MLOps: Vector Indexing,COMPLETED,8.830,"",0
2026-04-21T04:23:21Z,MLOps: Sentiment Enrichment,COMPLETED,4.973,0,0
2026-04-21T04:23:26Z,MLOps: Vector Indexing,COMPLETED,1.839,0,0
2026-04-21T05:23:22Z,MLOps: Sentiment Enrichment,COMPLETED,6.587,2,1
2026-04-21T05:23:28Z,MLOps: Vector Indexing,COMPLETED,8.809,"",0
2026-04-21T06:23:22Z,MLOps: Sentiment Enrichment,COMPLETED,6.307,2,1
2026-04-21T06:23:28Z,MLOps: Vector Indexing,COMPLETED,8.957,"",0
2026-04-21T07:23:22Z,MLOps: Sentiment Enrichment,COMPLETED,7.462,19,1
2026-04-21T07:23:30Z,MLOps: Vector Indexing,COMPLETED,8.721,"",0
2026-04-21T08:23:22Z,MLOps: Sentiment Enrichment,COMPLETED,6.471,2,1
2026-04-21T08:23:28Z,MLOps: Vector Indexing,COMPLETED,8.726,"",0
2026-04-21T09:23:22Z,MLOps: Sentiment Enrichment,COMPLETED,7.456,18,1
2026-04-21T09:23:30Z,MLOps: Vector Indexing,COMPLETED,8.755,"",0
2026-04-21T10:23:22Z,MLOps: Sentiment Enrichment,COMPLETED,8.649,38,1
2026-04-21T10:23:30Z,MLOps: Vector Indexing,COMPLETED,8.829,"",0
2026-04-21T11:23:25Z,MLOps: Sentiment Enrichment,COMPLETED,8.766,41,1
2026-04-21T11:23:34Z,MLOps: Vector Indexing,COMPLETED,8.906,"",0
2026-04-21T12:23:22Z,MLOps: Sentiment Enrichment,COMPLETED,8.279,37,1
2026-04-21T12:23:30Z,MLOps: Vector Indexing,COMPLETED,9.163,"",0
2026-04-21T13:23:22Z,MLOps: Sentiment Enrichment,COMPLETED,7.254,15,1
2026-04-21T13:23:29Z,MLOps: Vector Indexing,COMPLETED,8.849,"",0
2026-04-21T14:23:22Z,MLOps: Sentiment Enrichment,COMPLETED,8.006,27,1
2026-04-21T14:23:30Z,MLOps: Vector Indexing,COMPLETED,8.965,"",0
2026-04-21T15:23:22Z,MLOps: Sentiment Enrichment,COMPLETED,7.881,30,1
2026-04-21T15:23:30Z,MLOps: Vector Indexing,COMPLETED,9.201,"",0
2026-04-21T16:23:22Z,MLOps: Sentiment Enrichment,COMPLETED,8.321,31,1
2026-04-21T16:23:31Z,MLOps: Vector Indexing,COMPLETED,9.011,"",0
2026-04-21T17:23:22Z,MLOps: Sentiment Enrichment,COMPLETED,8.151,31,1
2026-04-21T17:23:30Z,MLOps: Vector Indexing,COMPLETED,8.908,"",0
2026-04-21T18:23:22Z,MLOps: Sentiment Enrichment,COMPLETED,7.117,13,1
2026-04-21T18:23:29Z,MLOps: Vector Indexing,COMPLETED,8.836,"",0
2026-04-21T19:23:22Z,MLOps: Sentiment Enrichment,COMPLETED,7.021,12,1
2026-04-21T19:23:29Z,MLOps: Vector Indexing,COMPLETED,8.927,"",0
2026-04-21T20:23:22Z,MLOps: Sentiment Enrichment,COMPLETED,6.997,15,1
2026-04-21T20:23:29Z,MLOps: Vector Indexing,COMPLETED,8.832,"",0
2026-04-21T21:23:22Z,MLOps: Sentiment Enrichment,COMPLETED,7.758,28,1
2026-04-21T21:23:30Z,MLOps: Vector Indexing,COMPLETED,9.188,"",0
2026-04-21T22:23:23Z,MLOps: Sentiment Enrichment,COMPLETED,6.863,11,1
2026-04-21T22:23:29Z,MLOps: Vector Indexing,COMPLETED,8.729,"",0
2026-04-21T23:23:24Z,MLOps: Sentiment Enrichment,COMPLETED,6.917,10,1
2026-04-21T23:23:31Z,MLOps: Vector Indexing,COMPLETED,8.857,"",0
2026-04-22T01:35:15Z,MLOps: Sentiment Enrichment,COMPLETED,7.287,15,1
2026-04-22T01:35:22Z,MLOps: Vector Indexing,COMPLETED,11.907,15,1
2026-04-22T02:35:14Z,MLOps: Sentiment Enrichment,COMPLETED,7.015,11,1
2026-04-22T02:35:22Z,MLOps: Vector Indexing,COMPLETED,8.521,11,1
2026-04-22T03:35:14Z,MLOps: Sentiment Enrichment,COMPLETED,7.180,15,1
2026-04-22T03:35:21Z,MLOps: Vector Indexing,COMPLETED,8.966,15,1
2026-04-22T04:35:16Z,MLOps: Sentiment Enrichment,COMPLETED,7.985,27,1
2026-04-22T04:35:24Z,MLOps: Vector Indexing,COMPLETED,8.915,27,1
2026-04-22T05:35:15Z,MLOps: Sentiment Enrichment,COMPLETED,7.428,19,1
2026-04-22T05:35:23Z,MLOps: Vector Indexing,COMPLETED,8.737,19,1
2026-04-22T06:35:14Z,MLOps: Sentiment Enrichment,COMPLETED,7.923,19,1
2026-04-22T06:35:22Z,MLOps: Vector Indexing,COMPLETED,8.607,19,1
2026-04-22T07:35:15Z,MLOps: Sentiment Enrichment,COMPLETED,7.601,21,1
2026-04-22T07:35:22Z,MLOps: Vector Indexing,COMPLETED,8.470,21,1
2026-04-22T08:35:14Z,MLOps: Sentiment Enrichment,COMPLETED,7.819,22,1
2026-04-22T08:35:22Z,MLOps: Vector Indexing,COMPLETED,8.763,22,1
2026-04-22T09:35:14Z,MLOps: Sentiment Enrichment,COMPLETED,8.698,33,1
2026-04-22T09:35:23Z,MLOps: Vector Indexing,COMPLETED,8.779,33,1
2026-04-22T10:35:14Z,MLOps: Sentiment Enrichment,COMPLETED,8.648,39,1
2026-04-22T10:35:22Z,MLOps: Vector Indexing,COMPLETED,8.676,39,1
2026-04-22T11:35:14Z,MLOps: Sentiment Enrichment,COMPLETED,8.518,39,1
2026-04-22T11:35:22Z,MLOps: Vector Indexing,COMPLETED,8.485,39,1
2026-04-22T12:35:14Z,MLOps: Sentiment Enrichment,COMPLETED,8.839,44,1
2026-04-22T12:35:22Z,MLOps: Vector Indexing,COMPLETED,8.633,44,1
2026-04-22T13:35:14Z,MLOps: Sentiment Enrichment,COMPLETED,8.465,30,1
2026-04-22T13:35:22Z,MLOps: Vector Indexing,COMPLETED,8.430,30,1
2026-04-22T14:35:14Z,MLOps: Sentiment Enrichment,COMPLETED,8.202,29,1
2026-04-22T14:35:22Z,MLOps: Vector Indexing,COMPLETED,8.583,29,1
2026-04-22T15:35:17Z,MLOps: Sentiment Enrichment,COMPLETED,7.911,26,1
2026-04-22T15:35:25Z,MLOps: Vector Indexing,COMPLETED,8.644,26,1
2026-04-22T16:35:14Z,MLOps: Sentiment Enrichment,COMPLETED,7.335,17,1
2026-04-22T16:35:21Z,MLOps: Vector Indexing,COMPLETED,8.634,17,1
2026-04-22T17:35:15Z,MLOps: Sentiment Enrichment,COMPLETED,7.611,26,1
2026-04-22T17:35:22Z,MLOps: Vector Indexing,COMPLETED,8.504,26,1
2026-04-22T18:35:14Z,MLOps: Sentiment Enrichment,COMPLETED,6.926,11,1
2026-04-22T18:35:21Z,MLOps: Vector Indexing,COMPLETED,8.407,11,1
2026-04-22T19:35:14Z,MLOps: Sentiment Enrichment,COMPLETED,6.872,12,1
2026-04-22T19:35:21Z,MLOps: Vector Indexing,COMPLETED,8.420,12,1
2026-04-22T21:01:11Z,MLOps: Sentiment Enrichment,COMPLETED,7.888,26,1
2026-04-22T21:01:18Z,MLOps: Vector Indexing,COMPLETED,11.805,26,1
2026-04-22T22:01:08Z,MLOps: Sentiment Enrichment,COMPLETED,7.117,11,1
2026-04-22T22:01:15Z,MLOps: Vector Indexing,COMPLETED,9.012,11,1
2026-04-22T23:01:09Z,MLOps: Sentiment Enrichment,COMPLETED,7.155,12,1
2026-04-22T23:01:16Z,MLOps: Vector Indexing,COMPLETED,8.385,12,1
2026-04-23T00:01:08Z,MLOps: Sentiment Enrichment,COMPLETED,7.550,19,1
2026-04-23T00:01:16Z,MLOps: Vector Indexing,COMPLETED,8.386,19,1
2026-04-23T01:01:08Z,MLOps: Sentiment Enrichment,COMPLETED,6.868,10,1
2026-04-23T01:01:15Z,MLOps: Vector Indexing,COMPLETED,8.566,10,1
2026-04-23T02:01:08Z,MLOps: Sentiment Enrichment,COMPLETED,7.245,15,1
2026-04-23T02:01:15Z,MLOps: Vector Indexing,COMPLETED,8.506,15,1
2026-04-23T03:01:08Z,MLOps: Sentiment Enrichment,COMPLETED,7.059,13,1
2026-04-23T03:01:16Z,MLOps: Vector Indexing,COMPLETED,8.577,13,1
2026-04-23T04:01:09Z,MLOps: Sentiment Enrichment,COMPLETED,6.550,6,1
2026-04-23T04:01:15Z,MLOps: Vector Indexing,COMPLETED,8.337,6,1
2026-04-23T05:01:08Z,MLOps: Sentiment Enrichment,COMPLETED,8.070,30,1
2026-04-23T05:01:16Z,MLOps: Vector Indexing,COMPLETED,8.632,30,1
2026-04-23T06:01:08Z,MLOps: Sentiment Enrichment,COMPLETED,7.772,30,1
2026-04-23T06:01:15Z,MLOps: Vector Indexing,COMPLETED,8.591,30,1
2026-04-23T07:01:08Z,MLOps: Sentiment Enrichment,COMPLETED,7.958,28,1
2026-04-23T07:01:16Z,MLOps: Vector Indexing,COMPLETED,8.648,28,1
2026-04-23T08:01:08Z,MLOps: Sentiment Enrichment,COMPLETED,8.440,36,1
2026-04-23T08:01:17Z,MLOps: Vector Indexing,COMPLETED,8.640,36,1
2026-04-23T09:01:08Z,MLOps: Sentiment Enrichment,COMPLETED,8.008,27,1
2026-04-23T09:01:16Z,MLOps: Vector Indexing,COMPLETED,8.545,27,1
2026-04-23T10:01:08Z,MLOps: Sentiment Enrichment,COMPLETED,8.060,24,1
2026-04-23T10:01:16Z,MLOps: Vector Indexing,COMPLETED,8.636,24,1
2026-04-23T11:01:08Z,MLOps: Sentiment Enrichment,COMPLETED,7.347,12,1
2026-04-23T11:01:15Z,MLOps: Vector Indexing,COMPLETED,8.762,12,1
2026-04-23T12:01:10Z,MLOps: Sentiment Enrichment,COMPLETED,7.176,17,1
2026-04-23T12:01:17Z,MLOps: Vector Indexing,COMPLETED,8.533,17,1
2026-04-23T13:01:08Z,MLOps: Sentiment Enrichment,COMPLETED,8.077,32,1
2026-04-23T13:01:16Z,MLOps: Vector Indexing,COMPLETED,8.410,32,1
2026-04-23T14:01:09Z,MLOps: Sentiment Enrichment,COMPLETED,8.248,40,1
2026-04-23T14:01:17Z,MLOps: Vector Indexing,COMPLETED,8.509,40,1
2026-04-23T15:01:10Z,MLOps: Sentiment Enrichment,COMPLETED,8.183,29,1
2026-04-23T15:01:18Z,MLOps: Vector Indexing,COMPLETED,8.601,29,1
2026-04-23T16:01:08Z,MLOps: Sentiment Enrichment,COMPLETED,7.887,27,1
2026-04-23T16:01:16Z,MLOps: Vector Indexing,COMPLETED,8.527,27,1
2026-04-23T17:01:08Z,MLOps: Sentiment Enrichment,COMPLETED,7.556,24,1
2026-04-23T17:01:16Z,MLOps: Vector Indexing,COMPLETED,8.417,24,1
2026-04-23T18:01:08Z,MLOps: Sentiment Enrichment,COMPLETED,8.485,36,1
2026-04-23T18:01:16Z,MLOps: Vector Indexing,COMPLETED,8.687,36,1
2026-04-23T19:01:08Z,MLOps: Sentiment Enrichment,COMPLETED,7.393,18,1
2026-04-23T19:01:16Z,MLOps: Vector Indexing,COMPLETED,8.548,18,1
2026-04-23T20:01:10Z,MLOps: Sentiment Enrichment,COMPLETED,6.636,7,1
2026-04-23T20:01:17Z,MLOps: Vector Indexing,COMPLETED,8.400,7,1
2026-04-23T21:01:08Z,MLOps: Sentiment Enrichment,COMPLETED,8.927,42,1
2026-04-23T21:01:17Z,MLOps: Vector Indexing,COMPLETED,8.566,42,1
2026-04-23T22:01:08Z,MLOps: Sentiment Enrichment,COMPLETED,7.432,20,1
2026-04-23T22:01:15Z,MLOps: Vector Indexing,COMPLETED,8.435,20,1
2026-04-23T23:01:08Z,MLOps: Sentiment Enrichment,COMPLETED,7.829,27,1
2026-04-23T23:01:16Z,MLOps: Vector Indexing,COMPLETED,8.293,27,1
2026-04-24T00:01:08Z,MLOps: Sentiment Enrichment,COMPLETED,6.995,11,1
2026-04-24T00:01:15Z,MLOps: Vector Indexing,COMPLETED,8.405,11,1
2026-04-24T01:01:08Z,MLOps: Sentiment Enrichment,COMPLETED,7.101,13,1
2026-04-24T01:01:15Z,MLOps: Vector Indexing,COMPLETED,8.244,13,1
2026-04-24T02:01:09Z,MLOps: Sentiment Enrichment,COMPLETED,6.919,10,1
2026-04-24T02:01:15Z,MLOps: Vector Indexing,COMPLETED,8.463,10,1
2026-04-24T03:01:09Z,MLOps: Sentiment Enrichment,COMPLETED,7.071,10,1
2026-04-24T03:01:16Z,MLOps: Vector Indexing,COMPLETED,8.513,10,1
2026-04-24T04:01:08Z,MLOps: Sentiment Enrichment,COMPLETED,6.855,8,1
2026-04-24T04:01:15Z,MLOps: Vector Indexing,COMPLETED,8.464,8,1
2026-04-24T05:01:08Z,MLOps: Sentiment Enrichment,COMPLETED,7.774,24,1
2026-04-24T05:01:16Z,MLOps: Vector Indexing,COMPLETED,8.526,24,1
2026-04-24T06:01:08Z,MLOps: Sentiment Enrichment,COMPLETED,7.567,22,1
2026-04-24T06:01:16Z,MLOps: Vector Indexing,COMPLETED,8.264,22,1
2026-04-24T07:01:08Z,MLOps: Sentiment Enrichment,COMPLETED,8.127,28,1
2026-04-24T07:01:16Z,MLOps: Vector Indexing,COMPLETED,8.525,28,1
2026-04-24T08:01:08Z,MLOps: Sentiment Enrichment,COMPLETED,8.029,27,1
2026-04-24T08:01:16Z,MLOps: Vector Indexing,COMPLETED,8.339,27,1
2026-04-24T09:01:08Z,MLOps: Sentiment Enrichment,COMPLETED,8.186,34,1
2026-04-24T09:01:16Z,MLOps: Vector Indexing,COMPLETED,8.457,34,1
2026-04-24T10:01:09Z,MLOps: Sentiment Enrichment,COMPLETED,7.866,27,1
2026-04-24T10:01:16Z,MLOps: Vector Indexing,COMPLETED,8.545,27,1
2026-04-24T11:01:09Z,MLOps: Sentiment Enrichment,COMPLETED,7.947,27,1
2026-04-24T11:01:17Z,MLOps: Vector Indexing,COMPLETED,8.459,27,1
2026-04-24T12:01:08Z,MLOps: Sentiment Enrichment,COMPLETED,7.440,19,1
2026-04-24T12:01:15Z,MLOps: Vector Indexing,COMPLETED,8.275,19,1
2026-04-24T13:01:08Z,MLOps: Sentiment Enrichment,COMPLETED,8.431,33,1
2026-04-24T13:01:16Z,MLOps: Vector Indexing,COMPLETED,8.555,33,1
2026-04-24T14:01:09Z,MLOps: Sentiment Enrichment,COMPLETED,7.724,23,1
2026-04-24T14:01:16Z,MLOps: Vector Indexing,COMPLETED,8.606,23,1
2026-04-24T15:01:08Z,MLOps: Sentiment Enrichment,COMPLETED,8.673,37,1
2026-04-24T15:01:17Z,MLOps: Vector Indexing,COMPLETED,8.794,37,1
2026-04-24T16:01:08Z,MLOps: Sentiment Enrichment,COMPLETED,8.460,40,1
2026-04-24T16:01:16Z,MLOps: Vector Indexing,COMPLETED,8.710,40,1
2026-04-24T17:01:11Z,MLOps: Sentiment Enrichment,COMPLETED,8.411,40,1
2026-04-24T17:01:19Z,MLOps: Vector Indexing,COMPLETED,8.548,40,1
2026-04-24T18:01:08Z,MLOps: Sentiment Enrichment,COMPLETED,7.376,19,1
2026-04-24T18:01:15Z,MLOps: Vector Indexing,COMPLETED,8.499,19,1
2026-04-24T19:01:08Z,MLOps: Sentiment Enrichment,COMPLETED,8.930,41,1
2026-04-24T19:01:17Z,MLOps: Vector Indexing,COMPLETED,8.502,41,1
2026-04-24T20:01:09Z,MLOps: Sentiment Enrichment,COMPLETED,7.427,19,1
2026-04-24T20:01:16Z,MLOps: Vector Indexing,COMPLETED,8.577,19,1
2026-04-24T21:01:08Z,MLOps: Sentiment Enrichment,COMPLETED,8.762,39,1
2026-04-24T21:01:17Z,MLOps: Vector Indexing,COMPLETED,8.443,39,1
2026-04-24T22:01:09Z,MLOps: Sentiment Enrichment,COMPLETED,7.541,21,1
2026-04-24T22:01:17Z,MLOps: Vector Indexing,COMPLETED,8.479,21,1
2026-04-24T23:01:08Z,MLOps: Sentiment Enrichment,COMPLETED,7.435,21,1
2026-04-24T23:01:15Z,MLOps: Vector Indexing,COMPLETED,8.659,21,1
2026-04-25T00:01:08Z,MLOps: Sentiment Enrichment,COMPLETED,7.905,26,1
2026-04-25T00:01:16Z,MLOps: Vector Indexing,COMPLETED,8.570,26,1
2026-04-25T01:01:08Z,MLOps: Sentiment Enrichment,COMPLETED,8.557,37,1
2026-04-25T01:01:16Z,MLOps: Vector Indexing,COMPLETED,8.418,37,1
2026-04-25T02:27:01Z,MLOps: Sentiment Enrichment,COMPLETED,9.391,35,1
2026-04-25T02:27:10Z,MLOps: Vector Indexing,COMPLETED,12.573,35,1
2026-04-25T03:27:01Z,MLOps: Sentiment Enrichment,COMPLETED,7.910,24,1
2026-04-25T03:27:09Z,MLOps: Vector Indexing,COMPLETED,8.626,24,1
2026-04-25T04:27:01Z,MLOps: Sentiment Enrichment,COMPLETED,6.894,9,1
2026-04-25T04:27:08Z,MLOps: Vector Indexing,COMPLETED,8.627,9,1
2026-04-25T05:27:01Z,MLOps: Sentiment Enrichment,COMPLETED,7.531,18,1
2026-04-25T05:27:08Z,MLOps: Vector Indexing,COMPLETED,8.386,18,1
2026-04-25T06:27:01Z,MLOps: Sentiment Enrichment,COMPLETED,7.748,24,1
2026-04-25T06:27:09Z,MLOps: Vector Indexing,COMPLETED,8.442,24,1
2026-04-25T07:27:01Z,MLOps: Sentiment Enrichment,COMPLETED,6.893,10,1
2026-04-25T07:27:08Z,MLOps: Vector Indexing,COMPLETED,8.246,10,1
2026-04-25T08:27:02Z,MLOps: Sentiment Enrichment,COMPLETED,7.507,20,1
2026-04-25T08:27:09Z,MLOps: Vector Indexing,COMPLETED,8.501,20,1
2026-04-25T09:27:03Z,MLOps: Sentiment Enrichment,COMPLETED,6.963,11,1
2026-04-25T09:27:10Z,MLOps: Vector Indexing,COMPLETED,8.309,11,1
2026-04-25T10:27:01Z,MLOps: Sentiment Enrichment,COMPLETED,7.338,16,1
2026-04-25T10:27:08Z,MLOps: Vector Indexing,COMPLETED,8.472,16,1
2026-04-25T11:27:01Z,MLOps: Sentiment Enrichment,COMPLETED,7.223,15,1
2026-04-25T11:27:08Z,MLOps: Vector Indexing,COMPLETED,8.360,15,1
2026-04-25T12:27:01Z,MLOps: Sentiment Enrichment,COMPLETED,7.747,24,1
2026-04-25T12:27:09Z,MLOps: Vector Indexing,COMPLETED,8.546,24,1
2026-04-25T13:27:01Z,MLOps: Sentiment Enrichment,COMPLETED,7.373,18,1
2026-04-25T13:27:09Z,MLOps: Vector Indexing,COMPLETED,8.473,18,1
2026-04-25T14:27:01Z,MLOps: Sentiment Enrichment,COMPLETED,8.451,35,1
2026-04-25T14:27:09Z,MLOps: Vector Indexing,COMPLETED,8.594,35,1
2026-04-25T15:27:01Z,MLOps: Sentiment Enrichment,COMPLETED,7.680,22,1
2026-04-25T15:27:09Z,MLOps: Vector Indexing,COMPLETED,8.675,22,1
2026-04-25T16:27:01Z,MLOps: Sentiment Enrichment,COMPLETED,8.305,27,1
2026-04-25T16:27:09Z,MLOps: Vector Indexing,COMPLETED,8.670,27,1
2026-04-25T17:27:02Z,MLOps: Sentiment Enrichment,COMPLETED,7.036,10,1
2026-04-25T17:27:09Z,MLOps: Vector Indexing,COMPLETED,8.318,10,1
2026-04-25T18:27:01Z,MLOps: Sentiment Enrichment,COMPLETED,6.832,7,1
2026-04-25T18:27:08Z,MLOps: Vector Indexing,COMPLETED,8.388,7,1
2026-04-25T19:27:01Z,MLOps: Sentiment Enrichment,COMPLETED,6.894,8,1
2026-04-25T19:27:08Z,MLOps: Vector Indexing,COMPLETED,8.390,8,1
2026-04-25T20:27:01Z,MLOps: Sentiment Enrichment,COMPLETED,7.272,9,1
2026-04-25T20:27:08Z,MLOps: Vector Indexing,COMPLETED,8.333,9,1
2026-04-25T21:27:02Z,MLOps: Sentiment Enrichment,COMPLETED,7.133,8,1
2026-04-25T21:27:09Z,MLOps: Vector Indexing,COMPLETED,8.429,8,1
2026-04-25T22:27:02Z,MLOps: Sentiment Enrichment,COMPLETED,7.607,20,1
2026-04-25T22:27:10Z,MLOps: Vector Indexing,COMPLETED,8.297,20,1
2026-04-25T23:27:01Z,MLOps: Sentiment Enrichment,COMPLETED,7.033,8,1
2026-04-25T23:27:08Z,MLOps: Vector Indexing,COMPLETED,8.250,8,1
2026-04-26T00:27:01Z,MLOps: Sentiment Enrichment,COMPLETED,8.289,35,1
2026-04-26T00:27:10Z,MLOps: Vector Indexing,COMPLETED,8.570,35,1
2026-04-26T01:27:01Z,MLOps: Sentiment Enrichment,COMPLETED,8.483,39,1
2026-04-26T01:27:09Z,MLOps: Vector Indexing,COMPLETED,8.664,39,1
2026-04-26T02:27:01Z,MLOps: Sentiment Enrichment,COMPLETED,7.654,23,1
2026-04-26T02:27:08Z,MLOps: Vector Indexing,COMPLETED,8.371,23,1
2026-04-26T03:27:01Z,MLOps: Sentiment Enrichment,COMPLETED,7.977,26,1
2026-04-26T03:27:09Z,MLOps: Vector Indexing,COMPLETED,8.648,26,1
2026-04-26T04:27:01Z,MLOps: Sentiment Enrichment,COMPLETED,7.696,27,1
2026-04-26T04:27:08Z,MLOps: Vector Indexing,COMPLETED,8.537,27,1
2026-04-26T05:27:02Z,MLOps: Sentiment Enrichment,COMPLETED,7.097,16,1
2026-04-26T05:27:09Z,MLOps: Vector Indexing,COMPLETED,8.566,16,1
2026-04-26T06:27:02Z,MLOps: Sentiment Enrichment,COMPLETED,7.438,19,1
2026-04-26T06:27:09Z,MLOps: Vector Indexing,COMPLETED,8.502,19,1
2026-04-26T07:27:01Z,MLOps: Sentiment Enrichment,COMPLETED,7.454,20,1
2026-04-26T07:27:08Z,MLOps: Vector Indexing,COMPLETED,8.387,20,1
2026-04-26T08:27:02Z,MLOps: Sentiment Enrichment,COMPLETED,7.322,18,1
2026-04-26T08:27:09Z,MLOps: Vector Indexing,COMPLETED,8.487,18,1
2026-04-26T09:27:01Z,MLOps: Sentiment Enrichment,COMPLETED,7.239,16,1
2026-04-26T09:27:08Z,MLOps: Vector Indexing,COMPLETED,8.551,16,1
2026-04-26T10:27:01Z,MLOps: Sentiment Enrichment,COMPLETED,7.376,11,1
2026-04-26T10:27:08Z,MLOps: Vector Indexing,COMPLETED,8.326,11,1
2026-04-26T11:27:01Z,MLOps: Sentiment Enrichment,COMPLETED,7.623,19,1
2026-04-26T11:27:09Z,MLOps: Vector Indexing,COMPLETED,8.442,19,1
2026-04-26T12:27:01Z,MLOps: Sentiment Enrichment,COMPLETED,7.082,11,1
2026-04-26T12:27:08Z,MLOps: Vector Indexing,COMPLETED,8.635,11,1
2026-04-26T13:27:01Z,MLOps: Sentiment Enrichment,COMPLETED,6.915,8,1
2026-04-26T13:27:08Z,MLOps: Vector Indexing,COMPLETED,8.288,8,1
2026-04-26T14:27:05Z,MLOps: Sentiment Enrichment,COMPLETED,6.951,9,1
2026-04-26T14:27:12Z,MLOps: Vector Indexing,COMPLETED,8.460,9,1
2026-04-26T15:27:02Z,MLOps: Sentiment Enrichment,COMPLETED,8.445,38,1
2026-04-26T15:27:10Z,MLOps: Vector Indexing,COMPLETED,8.674,38,1
2026-04-26T16:27:04Z,MLOps: Sentiment Enrichment,COMPLETED,9.275,45,1
2026-04-26T16:27:13Z,MLOps: Vector Indexing,COMPLETED,8.600,45,1
2026-04-26T17:27:01Z,MLOps: Sentiment Enrichment,COMPLETED,8.975,38,1
2026-04-26T17:27:10Z,MLOps: Vector Indexing,COMPLETED,8.511,38,1
2026-04-26T18:27:05Z,MLOps: Sentiment Enrichment,COMPLETED,7.496,18,1
2026-04-26T18:27:12Z,MLOps: Vector Indexing,COMPLETED,8.497,18,1
2026-04-26T19:27:01Z,MLOps: Sentiment Enrichment,COMPLETED,7.063,11,1
2026-04-26T19:27:08Z,MLOps: Vector Indexing,COMPLETED,8.423,11,1
2026-04-26T20:27:02Z,MLOps: Sentiment Enrichment,COMPLETED,8.202,31,1
2026-04-26T20:27:10Z,MLOps: Vector Indexing,COMPLETED,8.613,31,1
2026-04-26T21:27:01Z,MLOps: Sentiment Enrichment,COMPLETED,9.206,47,1
2026-04-26T21:27:10Z,MLOps: Vector Indexing,COMPLETED,8.544,47,1
2026-04-26T22:27:01Z,MLOps: Sentiment Enrichment,COMPLETED,9.227,47,1
2026-04-26T22:27:11Z,MLOps: Vector Indexing,COMPLETED,8.552,47,1
2026-04-26T23:27:03Z,MLOps: Sentiment Enrichment,COMPLETED,7.389,18,1
2026-04-26T23:27:11Z,MLOps: Vector Indexing,COMPLETED,8.451,18,1
2026-04-27T00:43:39Z,MLOps: Sentiment Enrichment,COMPLETED,6.624,3,1
2026-04-27T00:43:45Z,MLOps: Vector Indexing,COMPLETED,11.232,3,1
2026-04-27T01:51:48Z,MLOps: Sentiment Enrichment,COMPLETED,8.113,2,1
2026-04-27T01:51:56Z,MLOps: Vector Indexing,COMPLETED,10.930,2,1
2026-04-27T02:51:48Z,MLOps: Sentiment Enrichment,COMPLETED,6.932,5,1
2026-04-27T02:51:55Z,MLOps: Vector Indexing,COMPLETED,8.804,5,1
2026-04-27T03:51:47Z,MLOps: Sentiment Enrichment,COMPLETED,6.669,2,1
2026-04-27T03:51:54Z,MLOps: Vector Indexing,COMPLETED,8.461,2,1
2026-04-27T04:51:48Z,MLOps: Sentiment Enrichment,COMPLETED,7.038,9,1
2026-04-27T04:51:55Z,MLOps: Vector Indexing,COMPLETED,8.392,9,1
2026-04-27T05:51:47Z,MLOps: Sentiment Enrichment,COMPLETED,6.731,7,1
2026-04-27T05:51:54Z,MLOps: Vector Indexing,COMPLETED,8.526,7,1
2026-04-27T06:51:48Z,MLOps: Sentiment Enrichment,COMPLETED,6.502,2,1
2026-04-27T06:51:54Z,MLOps: Vector Indexing,COMPLETED,8.325,2,1
2026-04-27T07:51:47Z,MLOps: Sentiment Enrichment,COMPLETED,6.555,3,1
2026-04-27T07:51:54Z,MLOps: Vector Indexing,COMPLETED,8.273,3,1
2026-04-27T08:51:47Z,MLOps: Sentiment Enrichment,COMPLETED,6.516,1,1
2026-04-27T08:51:54Z,MLOps: Vector Indexing,COMPLETED,8.473,1,1
2026-04-27T09:51:47Z,MLOps: Sentiment Enrichment,COMPLETED,8.698,41,1
2026-04-27T09:51:56Z,MLOps: Vector Indexing,COMPLETED,8.633,41,1
2026-04-27T10:51:49Z,MLOps: Sentiment Enrichment,COMPLETED,7.888,28,1
2026-04-27T10:51:57Z,MLOps: Vector Indexing,COMPLETED,8.525,28,1
2026-04-27T11:51:48Z,MLOps: Sentiment Enrichment,COMPLETED,8.573,33,1
2026-04-27T11:51:57Z,MLOps: Vector Indexing,COMPLETED,8.471,33,1
2026-04-27T12:51:47Z,MLOps: Sentiment Enrichment,COMPLETED,8.309,32,1
2026-04-27T12:51:56Z,MLOps: Vector Indexing,COMPLETED,8.798,32,1
2026-04-27T13:51:47Z,MLOps: Sentiment Enrichment,COMPLETED,7.432,22,1
2026-04-27T13:51:55Z,MLOps: Vector Indexing,COMPLETED,8.455,22,1
2026-04-27T14:51:52Z,MLOps: Sentiment Enrichment,COMPLETED,8.595,38,1
2026-04-27T14:52:00Z,MLOps: Vector Indexing,COMPLETED,8.627,38,1
2026-04-27T15:51:48Z,MLOps: Sentiment Enrichment,COMPLETED,7.512,20,1
2026-04-27T15:51:55Z,MLOps: Vector Indexing,COMPLETED,8.632,20,1
2026-04-27T16:51:48Z,MLOps: Sentiment Enrichment,COMPLETED,7.171,16,1
2026-04-27T16:51:55Z,MLOps: Vector Indexing,COMPLETED,8.475,16,1
2026-04-27T17:51:47Z,MLOps: Sentiment Enrichment,COMPLETED,7.633,21,1
2026-04-27T17:51:55Z,MLOps: Vector Indexing,COMPLETED,8.525,21,1
2026-04-27T18:51:49Z,MLOps: Sentiment Enrichment,COMPLETED,8.206,31,1
2026-04-27T18:51:57Z,MLOps: Vector Indexing,COMPLETED,8.617,31,1
2026-04-27T20:46:52Z,MLOps: Sentiment Enrichment,COMPLETED,7.077,10,1
2026-04-27T20:46:59Z,MLOps: Vector Indexing,COMPLETED,10.803,10,1
2026-04-27T23:32:50Z,MLOps: Sentiment Enrichment,COMPLETED,6.742,5,1
2026-04-27T23:32:57Z,MLOps: Vector Indexing,COMPLETED,10.598,5,1
2026-04-28T00:32:51Z,MLOps: Sentiment Enrichment,COMPLETED,6.876,8,1
2026-04-28T00:32:58Z,MLOps: Vector Indexing,COMPLETED,8.679,8,1
2026-04-28T01:42:25Z,MLOps: Sentiment Enrichment,COMPLETED,6.789,7,1
2026-04-28T01:42:31Z,MLOps: Vector Indexing,COMPLETED,11.243,7,1
2026-04-28T02:42:27Z,MLOps: Sentiment Enrichment,COMPLETED,4.723,0,0
2026-04-28T02:42:32Z,MLOps: Vector Indexing,COMPLETED,1.577,0,0
2026-04-28T03:42:24Z,MLOps: Sentiment Enrichment,COMPLETED,6.529,5,1
2026-04-28T03:42:31Z,MLOps: Vector Indexing,COMPLETED,9.805,5,1
2026-04-28T04:42:24Z,MLOps: Sentiment Enrichment,COMPLETED,6.913,6,1
2026-04-28T04:42:31Z,MLOps: Vector Indexing,COMPLETED,8.603,6,1
2026-04-28T05:42:25Z,MLOps: Sentiment Enrichment,COMPLETED,6.504,4,1
2026-04-28T05:42:31Z,MLOps: Vector Indexing,COMPLETED,8.279,4,1
2026-04-28T06:42:24Z,MLOps: Sentiment Enrichment,COMPLETED,6.518,3,1
2026-04-28T06:42:31Z,MLOps: Vector Indexing,COMPLETED,8.500,3,1
2026-04-28T07:42:25Z,MLOps: Sentiment Enrichment,COMPLETED,6.586,2,1
2026-04-28T07:42:31Z,MLOps: Vector Indexing,COMPLETED,8.603,2,1
2026-04-28T08:42:25Z,MLOps: Sentiment Enrichment,COMPLETED,6.525,3,1
2026-04-28T08:42:31Z,MLOps: Vector Indexing,COMPLETED,8.340,3,1
2026-04-28T09:42:25Z,MLOps: Sentiment Enrichment,COMPLETED,8.789,41,1
2026-04-28T09:42:34Z,MLOps: Vector Indexing,COMPLETED,8.448,41,1
2026-04-28T10:42:25Z,MLOps: Sentiment Enrichment,COMPLETED,7.634,21,1
2026-04-28T10:42:32Z,MLOps: Vector Indexing,COMPLETED,8.681,21,1
2026-04-28T11:42:26Z,MLOps: Sentiment Enrichment,COMPLETED,7.316,21,1
2026-04-28T11:42:33Z,MLOps: Vector Indexing,COMPLETED,8.180,21,1
2026-04-28T12:42:24Z,MLOps: Sentiment Enrichment,COMPLETED,7.561,20,1
2026-04-28T12:42:32Z,MLOps: Vector Indexing,COMPLETED,8.360,20,1
2026-04-28T13:42:25Z,MLOps: Sentiment Enrichment,COMPLETED,8.746,38,1
2026-04-28T13:42:33Z,MLOps: Vector Indexing,COMPLETED,8.730,38,1
2026-04-28T14:42:25Z,MLOps: Sentiment Enrichment,COMPLETED,7.588,22,1
2026-04-28T14:42:32Z,MLOps: Vector Indexing,COMPLETED,8.604,22,1
2026-04-28T15:42:25Z,MLOps: Sentiment Enrichment,COMPLETED,7.652,21,1
2026-04-28T15:42:32Z,MLOps: Vector Indexing,COMPLETED,8.351,21,1
2026-04-28T16:42:25Z,MLOps: Sentiment Enrichment,COMPLETED,7.446,21,1
2026-04-28T16:42:32Z,MLOps: Vector Indexing,COMPLETED,8.322,21,1
2026-04-28T17:42:25Z,MLOps: Sentiment Enrichment,COMPLETED,8.482,40,1
2026-04-28T17:42:33Z,MLOps: Vector Indexing,COMPLETED,8.519,40,1
2026-04-28T18:42:25Z,MLOps: Sentiment Enrichment,COMPLETED,6.754,12,1
2026-04-28T18:42:32Z,MLOps: Vector Indexing,COMPLETED,8.381,12,1
2026-04-28T19:42:24Z,MLOps: Sentiment Enrichment,COMPLETED,7.514,19,1
2026-04-28T19:42:31Z,MLOps: Vector Indexing,COMPLETED,8.511,19,1
2026-04-28T20:42:26Z,MLOps: Sentiment Enrichment,COMPLETED,6.855,10,1
2026-04-28T20:42:33Z,MLOps: Vector Indexing,COMPLETED,8.414,10,1
2026-04-28T21:42:24Z,MLOps: Sentiment Enrichment,COMPLETED,7.680,23,1
2026-04-28T21:42:32Z,MLOps: Vector Indexing,COMPLETED,8.381,23,1
2026-04-28T22:42:25Z,MLOps: Sentiment Enrichment,COMPLETED,7.300,19,1
2026-04-28T22:42:32Z,MLOps: Vector Indexing,COMPLETED,8.471,19,1
2026-04-28T23:42:25Z,MLOps: Sentiment Enrichment,COMPLETED,7.254,16,1
2026-04-28T23:42:32Z,MLOps: Vector Indexing,COMPLETED,8.492,16,1
2026-04-29T00:42:26Z,MLOps: Sentiment Enrichment,COMPLETED,6.757,11,1
2026-04-29T00:42:33Z,MLOps: Vector Indexing,COMPLETED,8.439,11,1
2026-04-29T01:42:25Z,MLOps: Sentiment Enrichment,COMPLETED,7.340,19,1
2026-04-29T01:42:32Z,MLOps: Vector Indexing,COMPLETED,8.467,19,1
2026-04-29T02:42:24Z,MLOps: Sentiment Enrichment,COMPLETED,6.996,10,1
2026-04-29T02:42:31Z,MLOps: Vector Indexing,COMPLETED,8.436,10,1
2026-04-29T03:42:25Z,MLOps: Sentiment Enrichment,COMPLETED,7.198,13,1
2026-04-29T03:42:32Z,MLOps: Vector Indexing,COMPLETED,8.395,13,1
2026-04-29T04:42:24Z,MLOps: Sentiment Enrichment,COMPLETED,7.693,26,1
2026-04-29T04:42:32Z,MLOps: Vector Indexing,COMPLETED,8.439,26,1
2026-04-29T05:42:25Z,MLOps: Sentiment Enrichment,COMPLETED,8.115,26,1
2026-04-29T05:42:33Z,MLOps: Vector Indexing,COMPLETED,8.551,26,1
2026-04-29T06:42:24Z,MLOps: Sentiment Enrichment,COMPLETED,8.336,33,1
2026-04-29T06:42:33Z,MLOps: Vector Indexing,COMPLETED,8.390,33,1
2026-04-29T07:42:24Z,MLOps: Sentiment Enrichment,COMPLETED,7.935,28,1
2026-04-29T07:42:32Z,MLOps: Vector Indexing,COMPLETED,8.550,28,1
2026-04-29T08:42:25Z,MLOps: Sentiment Enrichment,COMPLETED,7.265,17,1
2026-04-29T08:42:32Z,MLOps: Vector Indexing,COMPLETED,8.313,17,1
2026-04-29T09:42:25Z,MLOps: Sentiment Enrichment,COMPLETED,8.170,30,1
2026-04-29T09:42:33Z,MLOps: Vector Indexing,COMPLETED,8.599,30,1
2026-04-29T10:42:24Z,MLOps: Sentiment Enrichment,COMPLETED,7.791,26,1
2026-04-29T10:42:32Z,MLOps: Vector Indexing,COMPLETED,8.452,26,1
2026-04-29T11:42:25Z,MLOps: Sentiment Enrichment,COMPLETED,7.597,22,1
2026-04-29T11:42:32Z,MLOps: Vector Indexing,COMPLETED,8.728,22,1
2026-04-29T12:42:24Z,MLOps: Sentiment Enrichment,COMPLETED,9.001,44,1
2026-04-29T12:42:33Z,MLOps: Vector Indexing,COMPLETED,8.798,44,1
2026-04-29T13:42:26Z,MLOps: Sentiment Enrichment,COMPLETED,8.209,34,1
2026-04-29T13:42:34Z,MLOps: Vector Indexing,COMPLETED,8.515,34,1
2026-04-29T14:42:24Z,MLOps: Sentiment Enrichment,COMPLETED,7.663,22,1
2026-04-29T14:42:32Z,MLOps: Vector Indexing,COMPLETED,8.535,22,1
2026-04-29T15:42:24Z,MLOps: Sentiment Enrichment,COMPLETED,8.272,33,1
2026-04-29T15:42:32Z,MLOps: Vector Indexing,COMPLETED,8.671,33,1
2026-04-29T16:42:25Z,MLOps: Sentiment Enrichment,COMPLETED,8.274,30,1
2026-04-29T16:42:33Z,MLOps: Vector Indexing,COMPLETED,8.476,30,1
2026-04-29T17:42:24Z,MLOps: Sentiment Enrichment,COMPLETED,8.095,35,1
2026-04-29T17:42:32Z,MLOps: Vector Indexing,COMPLETED,8.555,35,1
2026-04-29T18:42:25Z,MLOps: Sentiment Enrichment,COMPLETED,7.020,10,1
2026-04-29T18:42:32Z,MLOps: Vector Indexing,COMPLETED,8.642,10,1
2026-04-29T19:42:25Z,MLOps: Sentiment Enrichment,COMPLETED,7.327,17,1
2026-04-29T19:42:32Z,MLOps: Vector Indexing,COMPLETED,8.537,17,1
2026-04-29T20:42:24Z,MLOps: Sentiment Enrichment,COMPLETED,8.467,40,1
2026-04-29T20:42:33Z,MLOps: Vector Indexing,COMPLETED,8.586,40,1
2026-04-29T21:42:24Z,MLOps: Sentiment Enrichment,COMPLETED,7.253,17,1
2026-04-29T21:42:31Z,MLOps: Vector Indexing,COMPLETED,8.288,17,1
2026-04-29T22:42:25Z,MLOps: Sentiment Enrichment,COMPLETED,7.359,18,1
2026-04-29T22:42:32Z,MLOps: Vector Indexing,COMPLETED,8.682,18,1
2026-04-29T23:42:24Z,MLOps: Sentiment Enrichment,COMPLETED,7.657,20,1
2026-04-29T23:42:32Z,MLOps: Vector Indexing,COMPLETED,8.500,20,1
2026-04-30T00:42:27Z,MLOps: Sentiment Enrichment,COMPLETED,6.946,11,1
2026-04-30T00:42:34Z,MLOps: Vector Indexing,COMPLETED,8.321,11,1
2026-04-30T01:42:24Z,MLOps: Sentiment Enrichment,COMPLETED,7.070,13,1
2026-04-30T01:42:31Z,MLOps: Vector Indexing,COMPLETED,8.436,13,1
2026-04-30T02:42:25Z,MLOps: Sentiment Enrichment,COMPLETED,6.723,6,1
2026-04-30T02:42:31Z,MLOps: Vector Indexing,COMPLETED,8.292,6,1
2026-04-30T03:42:25Z,MLOps: Sentiment Enrichment,COMPLETED,6.844,9,1
2026-04-30T03:42:32Z,MLOps: Vector Indexing,COMPLETED,8.484,9,1
2026-04-30T04:42:24Z,MLOps: Sentiment Enrichment,COMPLETED,8.295,36,1
2026-04-30T04:42:33Z,MLOps: Vector Indexing,COMPLETED,8.560,36,1
2026-04-30T05:42:24Z,MLOps: Sentiment Enrichment,COMPLETED,8.627,40,1
2026-04-30T05:42:33Z,MLOps: Vector Indexing,COMPLETED,8.516,40,1
2026-04-30T06:42:24Z,MLOps: Sentiment Enrichment,COMPLETED,8.533,34,1
2026-04-30T06:42:32Z,MLOps: Vector Indexing,COMPLETED,8.361,34,1
2026-04-30T07:42:26Z,MLOps: Sentiment Enrichment,COMPLETED,7.595,20,1
2026-04-30T07:42:33Z,MLOps: Vector Indexing,COMPLETED,8.441,20,1
2026-04-30T08:42:24Z,MLOps: Sentiment Enrichment,COMPLETED,7.821,28,1
2026-04-30T08:42:32Z,MLOps: Vector Indexing,COMPLETED,8.657,28,1
2026-04-30T09:42:24Z,MLOps: Sentiment Enrichment,COMPLETED,7.478,20,1
2026-04-30T09:42:31Z,MLOps: Vector Indexing,COMPLETED,8.620,20,1
2026-04-30T10:42:24Z,MLOps: Sentiment Enrichment,COMPLETED,7.656,25,1
2026-04-30T10:42:32Z,MLOps: Vector Indexing,COMPLETED,8.532,25,1
2026-04-30T11:42:25Z,MLOps: Sentiment Enrichment,COMPLETED,8.019,25,1
2026-04-30T11:42:33Z,MLOps: Vector Indexing,COMPLETED,8.684,25,1
2026-04-30T12:42:24Z,MLOps: Sentiment Enrichment,COMPLETED,7.731,28,1
2026-04-30T12:42:32Z,MLOps: Vector Indexing,COMPLETED,8.707,28,1
2026-04-30T13:42:24Z,MLOps: Sentiment Enrichment,COMPLETED,8.209,32,1
2026-04-30T13:42:33Z,MLOps: Vector Indexing,COMPLETED,8.450,32,1
2026-04-30T14:42:24Z,MLOps: Sentiment Enrichment,COMPLETED,8.119,34,1
2026-04-30T14:42:32Z,MLOps: Vector Indexing,COMPLETED,8.658,34,1
2026-04-30T15:42:24Z,MLOps: Sentiment Enrichment,COMPLETED,7.613,24,1
2026-04-30T15:42:32Z,MLOps: Vector Indexing,COMPLETED,8.620,24,1
2026-04-30T16:42:24Z,MLOps: Sentiment Enrichment,COMPLETED,7.706,24,1
2026-04-30T16:42:32Z,MLOps: Vector Indexing,COMPLETED,8.589,24,1
2026-04-30T17:42:24Z,MLOps: Sentiment Enrichment,COMPLETED,8.421,37,1
2026-04-30T17:42:33Z,MLOps: Vector Indexing,COMPLETED,8.417,37,1
2026-04-30T18:42:24Z,MLOps: Sentiment Enrichment,COMPLETED,8.175,36,1
2026-04-30T18:42:33Z,MLOps: Vector Indexing,COMPLETED,8.542,36,1
2026-04-30T19:42:24Z,MLOps: Sentiment Enrichment,COMPLETED,7.297,20,1
2026-04-30T19:42:32Z,MLOps: Vector Indexing,COMPLETED,8.458,20,1
2026-04-30T20:42:24Z,MLOps: Sentiment Enrichment,COMPLETED,8.134,32,1
2026-04-30T20:42:32Z,MLOps: Vector Indexing,COMPLETED,8.663,32,1
2026-04-30T21:42:24Z,MLOps: Sentiment Enrichment,COMPLETED,7.595,22,1
2026-04-30T21:42:31Z,MLOps: Vector Indexing,COMPLETED,8.489,22,1
2026-04-30T22:42:25Z,MLOps: Sentiment Enrichment,COMPLETED,7.770,26,1
2026-04-30T22:42:33Z,MLOps: Vector Indexing,COMPLETED,8.502,26,1
2026-04-30T23:42:25Z,MLOps: Sentiment Enrichment,COMPLETED,7.047,14,1
2026-04-30T23:42:32Z,MLOps: Vector Indexing,COMPLETED,8.369,14,1
2026-05-01T00:42:24Z,MLOps: Sentiment Enrichment,COMPLETED,6.777,10,1
2026-05-01T00:42:31Z,MLOps: Vector Indexing,COMPLETED,8.222,10,1
2026-05-01T01:42:25Z,MLOps: Sentiment Enrichment,COMPLETED,7.276,15,1
2026-05-01T01:42:32Z,MLOps: Vector Indexing,COMPLETED,8.464,15,1
2026-05-01T02:42:24Z,MLOps: Sentiment Enrichment,COMPLETED,6.673,9,1
2026-05-01T02:42:31Z,MLOps: Vector Indexing,COMPLETED,8.234,9,1
2026-05-01T03:42:28Z,MLOps: Sentiment Enrichment,COMPLETED,6.565,9,1
2026-05-01T03:42:35Z,MLOps: Vector Indexing,COMPLETED,8.401,9,1
2026-05-01T04:42:24Z,MLOps: Sentiment Enrichment,COMPLETED,7.835,28,1
2026-05-01T04:42:32Z,MLOps: Vector Indexing,COMPLETED,8.279,28,1
2026-05-01T05:42:25Z,MLOps: Sentiment Enrichment,COMPLETED,8.087,34,1
2026-05-01T05:42:33Z,MLOps: Vector Indexing,COMPLETED,8.435,34,1
2026-05-01T06:42:27Z,MLOps: Sentiment Enrichment,COMPLETED,8.152,33,1
2026-05-01T06:42:35Z,MLOps: Vector Indexing,COMPLETED,8.999,33,1
2026-05-01T07:42:25Z,MLOps: Sentiment Enrichment,COMPLETED,7.562,20,1
2026-05-01T07:42:32Z,MLOps: Vector Indexing,COMPLETED,8.569,20,1
2026-05-01T08:42:24Z,MLOps: Sentiment Enrichment,COMPLETED,8.303,40,1
2026-05-01T08:42:33Z,MLOps: Vector Indexing,COMPLETED,8.244,40,1
2026-05-01T09:42:26Z,MLOps: Sentiment Enrichment,COMPLETED,7.758,28,1
2026-05-01T09:42:33Z,MLOps: Vector Indexing,COMPLETED,8.552,28,1
2026-05-01T10:42:25Z,MLOps: Sentiment Enrichment,COMPLETED,7.763,22,1
2026-05-01T10:42:32Z,MLOps: Vector Indexing,COMPLETED,8.384,22,1
2026-05-01T11:42:24Z,MLOps: Sentiment Enrichment,COMPLETED,7.171,20,1
2026-05-01T11:42:31Z,MLOps: Vector Indexing,COMPLETED,8.468,20,1
2026-05-01T12:42:24Z,MLOps: Sentiment Enrichment,COMPLETED,7.859,28,1
2026-05-01T12:42:32Z,MLOps: Vector Indexing,COMPLETED,8.360,28,1
2026-05-01T13:42:24Z,MLOps: Sentiment Enrichment,COMPLETED,6.793,10,1
2026-05-01T13:42:31Z,MLOps: Vector Indexing,COMPLETED,8.385,10,1
2026-05-01T14:42:24Z,MLOps: Sentiment Enrichment,COMPLETED,7.807,27,1
2026-05-01T14:42:32Z,MLOps: Vector Indexing,COMPLETED,8.324,27,1
2026-05-01T15:42:25Z,MLOps: Sentiment Enrichment,COMPLETED,8.017,28,1
2026-05-01T15:42:33Z,MLOps: Vector Indexing,COMPLETED,8.325,28,1
2026-05-01T16:42:27Z,MLOps: Sentiment Enrichment,COMPLETED,6.382,2,1
2026-05-01T16:42:34Z,MLOps: Vector Indexing,COMPLETED,8.167,2,1
2026-05-01T17:42:25Z,MLOps: Sentiment Enrichment,COMPLETED,6.754,8,1
2026-05-01T17:42:32Z,MLOps: Vector Indexing,COMPLETED,8.370,8,1
2026-05-01T18:42:25Z,MLOps: Sentiment Enrichment,COMPLETED,7.750,22,1
2026-05-01T18:42:32Z,MLOps: Vector Indexing,COMPLETED,8.540,22,1
2026-05-01T19:42:25Z,MLOps: Sentiment Enrichment,COMPLETED,8.340,38,1
2026-05-01T19:42:33Z,MLOps: Vector Indexing,COMPLETED,8.305,38,1
2026-05-01T20:42:24Z,MLOps: Sentiment Enrichment,COMPLETED,7.723,29,1
2026-05-01T20:42:32Z,MLOps: Vector Indexing,COMPLETED,8.388,29,1
2026-05-01T21:42:25Z,MLOps: Sentiment Enrichment,COMPLETED,7.337,21,1
2026-05-01T21:42:32Z,MLOps: Vector Indexing,COMPLETED,8.537,21,1
2026-05-01T22:42:25Z,MLOps: Sentiment Enrichment,COMPLETED,7.208,17,1
2026-05-01T22:42:32Z,MLOps: Vector Indexing,COMPLETED,8.223,17,1
2026-05-01T23:42:25Z,MLOps: Sentiment Enrichment,COMPLETED,7.360,18,1
2026-05-01T23:42:32Z,MLOps: Vector Indexing,COMPLETED,8.322,18,1
2026-05-02T00:42:24Z,MLOps: Sentiment Enrichment,COMPLETED,7.445,22,1
2026-05-02T00:42:32Z,MLOps: Vector Indexing,COMPLETED,8.379,22,1
2026-05-02T01:42:24Z,MLOps: Sentiment Enrichment,COMPLETED,7.429,27,1
2026-05-02T01:42:32Z,MLOps: Vector Indexing,COMPLETED,8.343,27,1
2026-05-02T02:42:24Z,MLOps: Sentiment Enrichment,COMPLETED,8.383,38,1
2026-05-02T02:42:33Z,MLOps: Vector Indexing,COMPLETED,8.220,38,1
2026-05-02T03:42:25Z,MLOps: Sentiment Enrichment,COMPLETED,8.537,41,1
2026-05-02T03:42:33Z,MLOps: Vector Indexing,COMPLETED,8.789,41,1
2026-05-02T04:42:25Z,MLOps: Sentiment Enrichment,COMPLETED,7.513,22,1
2026-05-02T04:42:32Z,MLOps: Vector Indexing,COMPLETED,8.298,22,1
2026-05-02T05:42:24Z,MLOps: Sentiment Enrichment,COMPLETED,7.984,30,1
2026-05-02T05:42:32Z,MLOps: Vector Indexing,COMPLETED,8.343,30,1
2026-05-02T06:42:25Z,MLOps: Sentiment Enrichment,COMPLETED,7.595,23,1
2026-05-02T06:42:32Z,MLOps: Vector Indexing,COMPLETED,8.746,23,1
2026-05-02T07:42:25Z,MLOps: Sentiment Enrichment,COMPLETED,8.620,39,1
2026-05-02T07:42:33Z,MLOps: Vector Indexing,COMPLETED,8.582,39,1
2026-05-02T08:42:25Z,MLOps: Sentiment Enrichment,COMPLETED,7.765,25,1
2026-05-02T08:42:33Z,MLOps: Vector Indexing,COMPLETED,8.523,25,1
2026-05-02T09:42:25Z,MLOps: Sentiment Enrichment,COMPLETED,8.716,38,1
2026-05-02T09:42:34Z,MLOps: Vector Indexing,COMPLETED,8.619,38,1
2026-05-02T10:42:27Z,MLOps: Sentiment Enrichment,COMPLETED,7.766,22,1
2026-05-02T10:42:35Z,MLOps: Vector Indexing,COMPLETED,8.379,22,1
2026-05-02T11:42:24Z,MLOps: Sentiment Enrichment,COMPLETED,8.559,33,1
2026-05-02T11:42:33Z,MLOps: Vector Indexing,COMPLETED,8.506,33,1
2026-05-02T12:42:24Z,MLOps: Sentiment Enrichment,COMPLETED,7.742,23,1
2026-05-02T12:42:32Z,MLOps: Vector Indexing,COMPLETED,8.679,23,1
2026-05-02T13:42:24Z,MLOps: Sentiment Enrichment,COMPLETED,7.935,28,1
2026-05-02T13:42:32Z,MLOps: Vector Indexing,COMPLETED,8.497,28,1
2026-05-02T14:42:25Z,MLOps: Sentiment Enrichment,COMPLETED,7.647,20,1
2026-05-02T14:42:32Z,MLOps: Vector Indexing,COMPLETED,8.728,20,1
2026-05-02T15:42:24Z,MLOps: Sentiment Enrichment,COMPLETED,7.945,30,1
2026-05-02T15:42:32Z,MLOps: Vector Indexing,COMPLETED,8.610,30,1
2026-05-02T16:42:25Z,MLOps: Sentiment Enrichment,COMPLETED,6.884,10,1
2026-05-02T16:42:32Z,MLOps: Vector Indexing,COMPLETED,8.416,10,1
2026-05-02T17:42:25Z,MLOps: Sentiment Enrichment,COMPLETED,7.168,12,1
2026-05-02T17:42:32Z,MLOps: Vector Indexing,COMPLETED,8.449,12,1
2026-05-02T18:42:25Z,MLOps: Sentiment Enrichment,COMPLETED,8.321,37,1
2026-05-02T18:42:33Z,MLOps: Vector Indexing,COMPLETED,8.628,37,1
2026-05-02T19:42:24Z,MLOps: Sentiment Enrichment,COMPLETED,8.335,30,1
2026-05-02T19:42:32Z,MLOps: Vector Indexing,COMPLETED,9.125,30,1
2026-05-02T20:42:25Z,MLOps: Sentiment Enrichment,COMPLETED,6.688,9,1
2026-05-02T20:42:31Z,MLOps: Vector Indexing,COMPLETED,8.256,9,1
2026-05-02T21:42:26Z,MLOps: Sentiment Enrichment,COMPLETED,6.686,8,1
2026-05-02T21:42:33Z,MLOps: Vector Indexing,COMPLETED,8.391,8,1
2026-05-02T22:42:24Z,MLOps: Sentiment Enrichment,COMPLETED,6.573,8,1
2026-05-02T22:42:31Z,MLOps: Vector Indexing,COMPLETED,8.466,8,1
2026-05-02T23:42:24Z,MLOps: Sentiment Enrichment,COMPLETED,7.806,24,1
2026-05-02T23:42:32Z,MLOps: Vector Indexing,COMPLETED,8.498,24,1
2026-05-03T00:42:25Z,MLOps: Sentiment Enrichment,COMPLETED,7.523,23,1
2026-05-03T00:42:32Z,MLOps: Vector Indexing,COMPLETED,8.494,23,1
2026-05-03T01:42:25Z,MLOps: Sentiment Enrichment,COMPLETED,7.615,20,1
2026-05-03T01:42:32Z,MLOps: Vector Indexing,COMPLETED,8.572,20,1
2026-05-03T02:42:24Z,MLOps: Sentiment Enrichment,COMPLETED,7.378,22,1
2026-05-03T02:42:32Z,MLOps: Vector Indexing,COMPLETED,8.552,22,1
2026-05-03T03:42:24Z,MLOps: Sentiment Enrichment,COMPLETED,7.992,29,1
2026-05-03T03:42:32Z,MLOps: Vector Indexing,COMPLETED,8.617,29,1
2026-05-03T04:42:25Z,MLOps: Sentiment Enrichment,COMPLETED,7.240,15,1
2026-05-03T04:42:32Z,MLOps: Vector Indexing,COMPLETED,8.314,15,1
2026-05-03T05:42:24Z,MLOps: Sentiment Enrichment,COMPLETED,6.784,9,1
2026-05-03T05:42:31Z,MLOps: Vector Indexing,COMPLETED,8.555,9,1
2026-05-03T06:42:24Z,MLOps: Sentiment Enrichment,COMPLETED,6.767,8,1
2026-05-03T06:42:31Z,MLOps: Vector Indexing,COMPLETED,8.457,8,1
2026-05-03T07:42:24Z,MLOps: Sentiment Enrichment,COMPLETED,6.809,9,1
2026-05-03T07:42:31Z,MLOps: Vector Indexing,COMPLETED,8.441,9,1
2026-05-03T08:42:24Z,MLOps: Sentiment Enrichment,COMPLETED,7.298,17,1
2026-05-03T08:42:32Z,MLOps: Vector Indexing,COMPLETED,8.401,17,1
2026-05-03T09:42:24Z,MLOps: Sentiment Enrichment,COMPLETED,8.009,29,1
2026-05-03T09:42:32Z,MLOps: Vector Indexing,COMPLETED,8.605,29,1
2026-05-03T10:42:25Z,MLOps: Sentiment Enrichment,COMPLETED,7.001,15,1
2026-05-03T10:42:32Z,MLOps: Vector Indexing,COMPLETED,8.315,15,1
2026-05-03T11:42:25Z,MLOps: Sentiment Enrichment,COMPLETED,6.843,12,1
2026-05-03T11:42:32Z,MLOps: Vector Indexing,COMPLETED,8.533,12,1
2026-05-03T12:42:24Z,MLOps: Sentiment Enrichment,COMPLETED,6.943,9,1
2026-05-03T12:42:31Z,MLOps: Vector Indexing,COMPLETED,8.477,9,1
2026-05-03T13:42:25Z,MLOps: Sentiment Enrichment,COMPLETED,6.942,9,1
2026-05-03T13:42:32Z,MLOps: Vector Indexing,COMPLETED,8.489,9,1
2026-05-03T14:42:24Z,MLOps: Sentiment Enrichment,COMPLETED,6.906,6,1
2026-05-03T14:42:31Z,MLOps: Vector Indexing,COMPLETED,8.509,6,1
2026-05-03T15:42:24Z,MLOps: Sentiment Enrichment,COMPLETED,6.906,11,1
2026-05-03T15:42:31Z,MLOps: Vector Indexing,COMPLETED,8.552,11,1
2026-05-03T16:42:25Z,MLOps: Sentiment Enrichment,COMPLETED,8.994,48,1
2026-05-03T16:42:34Z,MLOps: Vector Indexing,COMPLETED,8.711,48,1
2026-05-03T17:42:25Z,MLOps: Sentiment Enrichment,COMPLETED,8.099,30,1
2026-05-03T17:42:33Z,MLOps: Vector Indexing,COMPLETED,8.515,30,1
2026-05-03T18:42:25Z,MLOps: Sentiment Enrichment,COMPLETED,8.784,48,1
2026-05-03T18:42:33Z,MLOps: Vector Indexing,COMPLETED,8.599,48,1
2026-05-03T19:42:24Z,MLOps: Sentiment Enrichment,COMPLETED,8.264,32,1
2026-05-03T19:42:33Z,MLOps: Vector Indexing,COMPLETED,8.508,32,1
2026-05-03T20:42:24Z,MLOps: Sentiment Enrichment,COMPLETED,7.872,28,1
2026-05-03T20:42:32Z,MLOps: Vector Indexing,COMPLETED,8.460,28,1
2026-05-03T21:42:25Z,MLOps: Sentiment Enrichment,COMPLETED,6.957,8,1
2026-05-03T21:42:32Z,MLOps: Vector Indexing,COMPLETED,8.384,8,1
2026-05-03T22:42:25Z,MLOps: Sentiment Enrichment,COMPLETED,7.025,11,1
2026-05-03T22:42:32Z,MLOps: Vector Indexing,COMPLETED,8.436,11,1
2026-05-03T23:42:26Z,MLOps: Sentiment Enrichment,COMPLETED,6.536,3,1
2026-05-03T23:42:32Z,MLOps: Vector Indexing,COMPLETED,8.474,3,1
2026-05-04T00:42:24Z,MLOps: Sentiment Enrichment,COMPLETED,6.686,5,1
2026-05-04T00:42:31Z,MLOps: Vector Indexing,COMPLETED,8.493,5,1
2026-05-04T01:42:25Z,MLOps: Sentiment Enrichment,COMPLETED,7.025,11,1
2026-05-04T01:42:32Z,MLOps: Vector Indexing,COMPLETED,8.502,11,1
2026-05-04T02:42:25Z,MLOps: Sentiment Enrichment,COMPLETED,6.815,6,1
2026-05-04T02:42:32Z,MLOps: Vector Indexing,COMPLETED,8.310,6,1
2026-05-04T03:42:24Z,MLOps: Sentiment Enrichment,COMPLETED,6.835,9,1
2026-05-04T03:42:31Z,MLOps: Vector Indexing,COMPLETED,8.655,9,1
2026-05-04T04:42:25Z,MLOps: Sentiment Enrichment,COMPLETED,6.572,5,1
2026-05-04T04:42:31Z,MLOps: Vector Indexing,COMPLETED,8.460,5,1
2026-05-04T05:42:25Z,MLOps: Sentiment Enrichment,COMPLETED,6.759,4,1
2026-05-04T05:42:31Z,MLOps: Vector Indexing,COMPLETED,8.383,4,1
2026-05-04T06:42:24Z,MLOps: Sentiment Enrichment,COMPLETED,6.544,4,1
2026-05-04T06:42:31Z,MLOps: Vector Indexing,COMPLETED,8.482,4,1
2026-05-04T07:42:25Z,MLOps: Sentiment Enrichment,COMPLETED,6.642,5,1
2026-05-04T07:42:31Z,MLOps: Vector Indexing,COMPLETED,8.287,5,1
2026-05-04T08:42:25Z,MLOps: Sentiment Enrichment,COMPLETED,6.993,11,1
2026-05-04T08:42:32Z,MLOps: Vector Indexing,COMPLETED,8.422,11,1
2026-05-04T09:42:25Z,MLOps: Sentiment Enrichment,COMPLETED,7.500,18,1
2026-05-04T09:42:33Z,MLOps: Vector Indexing,COMPLETED,8.556,18,1
2026-05-04T10:42:25Z,MLOps: Sentiment Enrichment,COMPLETED,7.439,20,1
2026-05-04T10:42:32Z,MLOps: Vector Indexing,COMPLETED,8.375,20,1
2026-05-04T11:42:24Z,MLOps: Sentiment Enrichment,COMPLETED,7.211,14,1
2026-05-04T11:42:31Z,MLOps: Vector Indexing,COMPLETED,8.454,14,1
2026-05-04T12:42:24Z,MLOps: Sentiment Enrichment,COMPLETED,8.086,30,1
2026-05-04T12:42:32Z,MLOps: Vector Indexing,COMPLETED,8.393,30,1
2026-05-04T13:42:27Z,MLOps: Sentiment Enrichment,COMPLETED,7.865,23,1
2026-05-04T13:42:35Z,MLOps: Vector Indexing,COMPLETED,8.473,23,1
2026-05-04T14:42:24Z,MLOps: Sentiment Enrichment,COMPLETED,7.149,17,1
2026-05-04T14:42:31Z,MLOps: Vector Indexing,COMPLETED,8.325,17,1
2026-05-04T15:42:24Z,MLOps: Sentiment Enrichment,COMPLETED,7.634,22,1
2026-05-04T15:42:32Z,MLOps: Vector Indexing,COMPLETED,8.508,22,1
2026-05-04T16:42:25Z,MLOps: Sentiment Enrichment,COMPLETED,7.479,21,1
2026-05-04T16:42:32Z,MLOps: Vector Indexing,COMPLETED,8.422,21,1
2026-05-04T17:42:25Z,MLOps: Sentiment Enrichment,COMPLETED,8.314,37,1
2026-05-04T17:42:33Z,MLOps: Vector Indexing,COMPLETED,8.678,37,1
2026-05-04T18:42:24Z,MLOps: Sentiment Enrichment,COMPLETED,8.464,40,1
2026-05-04T18:42:33Z,MLOps: Vector Indexing,COMPLETED,8.518,40,1
2026-05-04T19:42:24Z,MLOps: Sentiment Enrichment,COMPLETED,7.670,24,1
2026-05-04T19:42:32Z,MLOps: Vector Indexing,COMPLETED,8.437,24,1
2026-05-04T20:42:24Z,MLOps: Sentiment Enrichment,COMPLETED,6.944,11,1
2026-05-04T20:42:31Z,MLOps: Vector Indexing,COMPLETED,8.511,11,1
2026-05-04T21:42:25Z,MLOps: Sentiment Enrichment,COMPLETED,6.864,9,1
2026-05-04T21:42:32Z,MLOps: Vector Indexing,COMPLETED,8.577,9,1
2026-05-04T22:42:25Z,MLOps: Sentiment Enrichment,COMPLETED,6.937,11,1
2026-05-04T22:42:31Z,MLOps: Vector Indexing,COMPLETED,8.432,11,1
2026-05-04T23:42:28Z,MLOps: Sentiment Enrichment,COMPLETED,6.477,1,1
2026-05-04T23:42:34Z,MLOps: Vector Indexing,COMPLETED,8.331,1,1
2026-05-05T00:42:24Z,MLOps: Sentiment Enrichment,COMPLETED,6.412,1,1
2026-05-05T00:42:31Z,MLOps: Vector Indexing,COMPLETED,8.367,1,1
2026-05-05T01:42:24Z,MLOps: Sentiment Enrichment,COMPLETED,6.477,1,1
2026-05-05T01:42:31Z,MLOps: Vector Indexing,COMPLETED,8.559,1,1
2026-05-05T02:42:24Z,MLOps: Sentiment Enrichment,COMPLETED,6.335,2,1
2026-05-05T02:42:30Z,MLOps: Vector Indexing,COMPLETED,8.620,2,1
2026-05-05T03:42:24Z,MLOps: Sentiment Enrichment,COMPLETED,4.702,0,0
2026-05-05T03:42:29Z,MLOps: Vector Indexing,COMPLETED,1.544,0,0
2026-05-05T04:42:24Z,MLOps: Sentiment Enrichment,COMPLETED,7.317,18,1
2026-05-05T04:42:31Z,MLOps: Vector Indexing,COMPLETED,8.159,18,1
2026-05-05T05:42:28Z,MLOps: Sentiment Enrichment,COMPLETED,6.597,5,1
2026-05-05T05:42:35Z,MLOps: Vector Indexing,COMPLETED,8.339,5,1
2026-05-05T06:42:25Z,MLOps: Sentiment Enrichment,COMPLETED,4.906,0,0
2026-05-05T06:42:30Z,MLOps: Vector Indexing,COMPLETED,1.594,0,0
2026-05-05T07:42:25Z,MLOps: Sentiment Enrichment,COMPLETED,6.724,7,1
2026-05-05T07:42:31Z,MLOps: Vector Indexing,COMPLETED,8.265,7,1
2026-05-05T08:42:25Z,MLOps: Sentiment Enrichment,COMPLETED,6.689,7,1
2026-05-05T08:42:32Z,MLOps: Vector Indexing,COMPLETED,8.259,7,1
2026-05-05T09:42:25Z,MLOps: Sentiment Enrichment,COMPLETED,7.926,27,1
2026-05-05T09:42:33Z,MLOps: Vector Indexing,COMPLETED,8.606,27,1
2026-05-05T10:42:25Z,MLOps: Sentiment Enrichment,COMPLETED,7.619,26,1
2026-05-05T10:42:32Z,MLOps: Vector Indexing,COMPLETED,8.514,26,1
2026-05-05T11:42:25Z,MLOps: Sentiment Enrichment,COMPLETED,7.492,20,1
2026-05-05T11:42:32Z,MLOps: Vector Indexing,COMPLETED,8.268,20,1
2026-05-05T12:42:24Z,MLOps: Sentiment Enrichment,COMPLETED,8.860,42,1
2026-05-05T12:42:33Z,MLOps: Vector Indexing,COMPLETED,8.789,42,1
2026-05-05T13:42:24Z,MLOps: Sentiment Enrichment,COMPLETED,8.050,31,1
2026-05-05T13:42:32Z,MLOps: Vector Indexing,COMPLETED,8.398,31,1
2026-05-05T14:42:24Z,MLOps: Sentiment Enrichment,COMPLETED,8.019,32,1
2026-05-05T14:42:32Z,MLOps: Vector Indexing,COMPLETED,8.587,32,1
2026-05-05T15:42:25Z,MLOps: Sentiment Enrichment,COMPLETED,8.033,29,1
2026-05-05T15:42:33Z,MLOps: Vector Indexing,COMPLETED,8.571,29,1
2026-05-05T16:42:25Z,MLOps: Sentiment Enrichment,COMPLETED,7.984,29,1
2026-05-05T16:42:33Z,MLOps: Vector Indexing,COMPLETED,8.724,29,1
2026-05-05T17:42:26Z,MLOps: Sentiment Enrichment,COMPLETED,8.380,38,1
2026-05-05T17:42:35Z,MLOps: Vector Indexing,COMPLETED,8.322,38,1
2026-05-05T18:42:24Z,MLOps: Sentiment Enrichment,COMPLETED,6.828,9,1
2026-05-05T18:42:31Z,MLOps: Vector Indexing,COMPLETED,8.409,9,1
2026-05-05T19:42:24Z,MLOps: Sentiment Enrichment,COMPLETED,7.235,16,1
2026-05-05T19:42:31Z,MLOps: Vector Indexing,COMPLETED,8.590,16,1
2026-05-05T20:42:25Z,MLOps: Sentiment Enrichment,COMPLETED,7.046,18,1
2026-05-05T20:42:32Z,MLOps: Vector Indexing,COMPLETED,8.475,18,1
2026-05-05T21:42:25Z,MLOps: Sentiment Enrichment,COMPLETED,6.911,7,1
2026-05-05T21:42:31Z,MLOps: Vector Indexing,COMPLETED,8.552,7,1
2026-05-05T22:42:24Z,MLOps: Sentiment Enrichment,COMPLETED,7.047,14,1
2026-05-05T22:42:31Z,MLOps: Vector Indexing,COMPLETED,8.456,14,1
2026-05-05T23:42:25Z,MLOps: Sentiment Enrichment,COMPLETED,7.206,15,1
2026-05-05T23:42:32Z,MLOps: Vector Indexing,COMPLETED,8.408,15,1
2026-05-06T00:42:24Z,MLOps: Sentiment Enrichment,COMPLETED,6.769,8,1
2026-05-06T00:42:31Z,MLOps: Vector Indexing,COMPLETED,8.250,8,1
2026-05-06T01:42:24Z,MLOps: Sentiment Enrichment,COMPLETED,6.838,7,1
2026-05-06T01:42:31Z,MLOps: Vector Indexing,COMPLETED,8.462,7,1
2026-05-06T02:42:24Z,MLOps: Sentiment Enrichment,COMPLETED,6.495,4,1
2026-05-06T02:42:31Z,MLOps: Vector Indexing,COMPLETED,8.325,4,1
2026-05-06T03:42:25Z,MLOps: Sentiment Enrichment,COMPLETED,7.400,18,1
2026-05-06T03:42:32Z,MLOps: Vector Indexing,COMPLETED,8.553,18,1
2026-05-06T04:42:25Z,MLOps: Sentiment Enrichment,COMPLETED,7.227,15,1
2026-05-06T04:42:32Z,MLOps: Vector Indexing,COMPLETED,8.430,15,1
2026-05-06T05:42:25Z,MLOps: Sentiment Enrichment,COMPLETED,8.547,38,1
2026-05-06T05:42:33Z,MLOps: Vector Indexing,COMPLETED,8.595,38,1
2026-05-06T06:42:25Z,MLOps: Sentiment Enrichment,COMPLETED,8.553,36,1
2026-05-06T06:42:33Z,MLOps: Vector Indexing,COMPLETED,8.639,36,1
2026-05-06T07:42:24Z,MLOps: Sentiment Enrichment,COMPLETED,7.520,25,1
2026-05-06T07:42:32Z,MLOps: Vector Indexing,COMPLETED,8.395,25,1
2026-05-06T08:42:25Z,MLOps: Sentiment Enrichment,COMPLETED,7.499,19,1
2026-05-06T08:42:32Z,MLOps: Vector Indexing,COMPLETED,8.455,19,1
2026-05-06T09:42:24Z,MLOps: Sentiment Enrichment,COMPLETED,7.188,13,1
2026-05-06T09:42:31Z,MLOps: Vector Indexing,COMPLETED,8.603,13,1
2026-05-06T10:42:24Z,MLOps: Sentiment Enrichment,COMPLETED,8.566,40,1
2026-05-06T10:42:33Z,MLOps: Vector Indexing,COMPLETED,8.581,40,1
2026-05-06T11:42:24Z,MLOps: Sentiment Enrichment,COMPLETED,7.569,23,1
2026-05-06T11:42:32Z,MLOps: Vector Indexing,COMPLETED,8.779,23,1
2026-05-06T12:42:24Z,MLOps: Sentiment Enrichment,COMPLETED,7.707,25,1
2026-05-06T12:42:32Z,MLOps: Vector Indexing,COMPLETED,8.617,25,1
2026-05-06T13:42:26Z,MLOps: Sentiment Enrichment,COMPLETED,7.400,18,1
2026-05-06T13:42:33Z,MLOps: Vector Indexing,COMPLETED,8.495,18,1
2026-05-06T14:42:25Z,MLOps: Sentiment Enrichment,COMPLETED,7.712,23,1
2026-05-06T14:42:32Z,MLOps: Vector Indexing,COMPLETED,8.378,23,1
2026-05-06T15:42:25Z,MLOps: Sentiment Enrichment,COMPLETED,7.698,24,1
2026-05-06T15:42:32Z,MLOps: Vector Indexing,COMPLETED,8.445,24,1
2026-05-06T16:42:24Z,MLOps: Sentiment Enrichment,COMPLETED,7.372,20,1
2026-05-06T16:42:32Z,MLOps: Vector Indexing,COMPLETED,8.668,20,1
2026-05-06T17:42:26Z,MLOps: Sentiment Enrichment,COMPLETED,8.489,38,1
2026-05-06T17:42:34Z,MLOps: Vector Indexing,COMPLETED,8.458,38,1
2026-05-06T18:42:24Z,MLOps: Sentiment Enrichment,COMPLETED,6.902,11,1
2026-05-06T18:42:31Z,MLOps: Vector Indexing,COMPLETED,8.376,11,1
2026-05-06T19:42:25Z,MLOps: Sentiment Enrichment,COMPLETED,7.488,23,1
2026-05-06T19:42:32Z,MLOps: Vector Indexing,COMPLETED,8.565,23,1
2026-05-06T20:42:24Z,MLOps: Sentiment Enrichment,COMPLETED,7.732,24,1
2026-05-06T20:42:32Z,MLOps: Vector Indexing,COMPLETED,8.523,24,1
2026-05-06T21:42:24Z,MLOps: Sentiment Enrichment,COMPLETED,7.905,26,1
2026-05-06T21:42:32Z,MLOps: Vector Indexing,COMPLETED,8.536,26,1
2026-05-06T22:42:25Z,MLOps: Sentiment Enrichment,COMPLETED,6.962,13,1
2026-05-06T22:42:32Z,MLOps: Vector Indexing,COMPLETED,8.541,13,1
2026-05-06T23:42:25Z,MLOps: Sentiment Enrichment,COMPLETED,7.472,16,1
2026-05-06T23:42:32Z,MLOps: Vector Indexing,COMPLETED,8.399,16,1
2026-05-07T00:42:28Z,MLOps: Sentiment Enrichment,COMPLETED,6.716,6,1
2026-05-07T00:42:35Z,MLOps: Vector Indexing,COMPLETED,8.302,6,1
2026-05-07T01:42:25Z,MLOps: Sentiment Enrichment,COMPLETED,7.065,13,1
2026-05-07T01:42:32Z,MLOps: Vector Indexing,COMPLETED,8.392,13,1
2026-05-07T02:42:25Z,MLOps: Sentiment Enrichment,COMPLETED,7.009,11,1
2026-05-07T02:42:32Z,MLOps: Vector Indexing,COMPLETED,8.380,11,1
2026-05-07T03:42:24Z,MLOps: Sentiment Enrichment,COMPLETED,6.760,7,1
2026-05-07T03:42:31Z,MLOps: Vector Indexing,COMPLETED,8.478,7,1
2026-05-07T04:42:24Z,MLOps: Sentiment Enrichment,COMPLETED,8.141,33,1
2026-05-07T04:42:33Z,MLOps: Vector Indexing,COMPLETED,8.389,33,1
2026-05-07T05:42:24Z,MLOps: Sentiment Enrichment,COMPLETED,8.528,38,1
2026-05-07T05:42:33Z,MLOps: Vector Indexing,COMPLETED,8.458,38,1
2026-05-07T06:42:25Z,MLOps: Sentiment Enrichment,COMPLETED,8.003,26,1
2026-05-07T06:42:33Z,MLOps: Vector Indexing,COMPLETED,8.559,26,1
2026-05-07T07:42:25Z,MLOps: Sentiment Enrichment,COMPLETED,8.412,34,1
2026-05-07T07:42:33Z,MLOps: Vector Indexing,COMPLETED,8.486,34,1
2026-05-07T08:42:24Z,MLOps: Sentiment Enrichment,COMPLETED,7.965,30,1
2026-05-07T08:42:32Z,MLOps: Vector Indexing,COMPLETED,8.271,30,1
2026-05-07T09:42:24Z,MLOps: Sentiment Enrichment,COMPLETED,7.274,16,1
2026-05-07T09:42:32Z,MLOps: Vector Indexing,COMPLETED,8.400,16,1
2026-05-07T10:42:24Z,MLOps: Sentiment Enrichment,COMPLETED,7.576,23,1
2026-05-07T10:42:32Z,MLOps: Vector Indexing,COMPLETED,8.498,23,1
2026-05-07T11:42:24Z,MLOps: Sentiment Enrichment,COMPLETED,7.670,27,1
2026-05-07T11:42:32Z,MLOps: Vector Indexing,COMPLETED,8.460,27,1
2026-05-07T12:42:24Z,MLOps: Sentiment Enrichment,COMPLETED,8.939,45,1
2026-05-07T12:42:33Z,MLOps: Vector Indexing,COMPLETED,8.875,45,1
2026-05-07T13:42:25Z,MLOps: Sentiment Enrichment,COMPLETED,8.639,39,1
2026-05-07T13:42:34Z,MLOps: Vector Indexing,COMPLETED,8.639,39,1
2026-05-07T14:42:25Z,MLOps: Sentiment Enrichment,COMPLETED,8.041,31,1
2026-05-07T14:42:33Z,MLOps: Vector Indexing,COMPLETED,8.593,31,1
2026-05-07T15:42:25Z,MLOps: Sentiment Enrichment,COMPLETED,8.157,29,1
2026-05-07T15:42:33Z,MLOps: Vector Indexing,COMPLETED,8.644,29,1
2026-05-07T16:42:25Z,MLOps: Sentiment Enrichment,COMPLETED,7.771,25,1
2026-05-07T16:42:32Z,MLOps: Vector Indexing,COMPLETED,8.478,25,1
2026-05-07T17:42:24Z,MLOps: Sentiment Enrichment,COMPLETED,8.433,39,1
2026-05-07T17:42:33Z,MLOps: Vector Indexing,COMPLETED,8.582,39,1
2026-05-07T18:42:24Z,MLOps: Sentiment Enrichment,COMPLETED,7.327,17,1
2026-05-07T18:42:31Z,MLOps: Vector Indexing,COMPLETED,8.383,17,1
2026-05-07T19:42:24Z,MLOps: Sentiment Enrichment,COMPLETED,7.789,22,1
2026-05-07T19:42:32Z,MLOps: Vector Indexing,COMPLETED,8.617,22,1
2026-05-07T20:42:25Z,MLOps: Sentiment Enrichment,COMPLETED,8.829,39,1
2026-05-07T20:42:34Z,MLOps: Vector Indexing,COMPLETED,9.979,39,1
2026-05-07T21:42:24Z,MLOps: Sentiment Enrichment,COMPLETED,8.663,30,1
2026-05-07T21:42:33Z,MLOps: Vector Indexing,COMPLETED,8.475,30,1
2026-05-07T22:42:25Z,MLOps: Sentiment Enrichment,COMPLETED,7.970,32,1
2026-05-07T22:42:33Z,MLOps: Vector Indexing,COMPLETED,8.654,32,1
2026-05-07T23:42:25Z,MLOps: Sentiment Enrichment,COMPLETED,7.432,19,1
2026-05-07T23:42:32Z,MLOps: Vector Indexing,COMPLETED,8.589,19,1
2026-05-08T00:42:24Z,MLOps: Sentiment Enrichment,COMPLETED,6.891,13,1
2026-05-08T00:42:31Z,MLOps: Vector Indexing,COMPLETED,8.361,13,1
2026-05-08T01:42:24Z,MLOps: Sentiment Enrichment,COMPLETED,6.843,8,1
2026-05-08T01:42:31Z,MLOps: Vector Indexing,COMPLETED,8.424,8,1
2026-05-08T02:42:24Z,MLOps: Sentiment Enrichment,COMPLETED,6.980,11,1
2026-05-08T02:42:31Z,MLOps: Vector Indexing,COMPLETED,8.517,11,1
2026-05-08T03:42:24Z,MLOps: Sentiment Enrichment,COMPLETED,6.864,11,1
2026-05-08T03:42:31Z,MLOps: Vector Indexing,COMPLETED,8.210,11,1
2026-05-08T04:42:25Z,MLOps: Sentiment Enrichment,COMPLETED,7.604,24,1
2026-05-08T04:42:32Z,MLOps: Vector Indexing,COMPLETED,8.274,24,1
2026-05-08T05:42:25Z,MLOps: Sentiment Enrichment,COMPLETED,8.299,31,1
2026-05-08T05:42:33Z,MLOps: Vector Indexing,COMPLETED,8.632,31,1
2026-05-08T06:42:25Z,MLOps: Sentiment Enrichment,COMPLETED,7.715,27,1
2026-05-08T06:42:32Z,MLOps: Vector Indexing,COMPLETED,8.534,27,1
2026-05-08T07:42:24Z,MLOps: Sentiment Enrichment,COMPLETED,7.968,27,1
2026-05-08T07:42:32Z,MLOps: Vector Indexing,COMPLETED,8.619,27,1
2026-05-08T08:42:27Z,MLOps: Sentiment Enrichment,COMPLETED,8.169,37,1
2026-05-08T08:42:35Z,MLOps: Vector Indexing,COMPLETED,8.487,37,1
2026-05-08T09:42:25Z,MLOps: Sentiment Enrichment,COMPLETED,7.621,25,1
2026-05-08T09:42:33Z,MLOps: Vector Indexing,COMPLETED,8.454,25,1
2026-05-08T10:42:25Z,MLOps: Sentiment Enrichment,COMPLETED,7.468,20,1
2026-05-08T10:42:32Z,MLOps: Vector Indexing,COMPLETED,8.334,20,1
2026-05-08T11:42:25Z,MLOps: Sentiment Enrichment,COMPLETED,7.722,28,1
2026-05-08T11:42:32Z,MLOps: Vector Indexing,COMPLETED,8.523,28,1
2026-05-08T12:42:24Z,MLOps: Sentiment Enrichment,COMPLETED,8.126,32,1
2026-05-08T12:42:32Z,MLOps: Vector Indexing,COMPLETED,8.312,32,1
2026-05-08T13:42:24Z,MLOps: Sentiment Enrichment,COMPLETED,7.731,26,1
2026-05-08T13:42:32Z,MLOps: Vector Indexing,COMPLETED,8.402,26,1
2026-05-08T14:42:25Z,MLOps: Sentiment Enrichment,COMPLETED,8.372,32,1
2026-05-08T14:42:33Z,MLOps: Vector Indexing,COMPLETED,8.692,32,1
2026-05-08T15:42:25Z,MLOps: Sentiment Enrichment,COMPLETED,8.726,43,1
2026-05-08T15:42:33Z,MLOps: Vector Indexing,COMPLETED,8.570,43,1
2026-05-08T16:42:25Z,MLOps: Sentiment Enrichment,COMPLETED,7.484,17,1
2026-05-08T16:42:32Z,MLOps: Vector Indexing,COMPLETED,8.421,17,1
2026-05-08T17:42:25Z,MLOps: Sentiment Enrichment,COMPLETED,8.641,41,1
2026-05-08T17:42:33Z,MLOps: Vector Indexing,COMPLETED,8.687,41,1
2026-05-08T18:42:24Z,MLOps: Sentiment Enrichment,COMPLETED,20.973,27,1
2026-05-08T18:42:45Z,MLOps: Vector Indexing,COMPLETED,28.541,27,1
2026-05-08T19:42:24Z,MLOps: Sentiment Enrichment,COMPLETED,24.538,32,1
2026-05-08T19:42:49Z,MLOps: Vector Indexing,COMPLETED,8.633,32,1
2026-05-08T20:42:24Z,MLOps: Sentiment Enrichment,COMPLETED,8.087,33,1
2026-05-08T20:42:33Z,MLOps: Vector Indexing,COMPLETED,8.320,33,1
2026-05-08T21:42:24Z,MLOps: Sentiment Enrichment,COMPLETED,7.341,16,1
2026-05-08T21:42:32Z,MLOps: Vector Indexing,COMPLETED,8.390,16,1
2026-05-08T22:42:24Z,MLOps: Sentiment Enrichment,COMPLETED,7.464,20,1
2026-05-08T22:42:32Z,MLOps: Vector Indexing,COMPLETED,8.407,20,1
2026-05-08T23:42:24Z,MLOps: Sentiment Enrichment,COMPLETED,7.444,24,1
2026-05-08T23:42:31Z,MLOps: Vector Indexing,COMPLETED,8.487,24,1
2026-05-09T00:42:25Z,MLOps: Sentiment Enrichment,COMPLETED,8.286,35,1
2026-05-09T00:42:33Z,MLOps: Vector Indexing,COMPLETED,8.462,35,1
2026-05-09T01:42:25Z,MLOps: Sentiment Enrichment,COMPLETED,7.982,26,1
2026-05-09T01:42:33Z,MLOps: Vector Indexing,COMPLETED,8.485,26,1
2026-05-09T02:42:25Z,MLOps: Sentiment Enrichment,COMPLETED,8.082,37,1
2026-05-09T02:42:33Z,MLOps: Vector Indexing,COMPLETED,8.378,37,1
2026-05-09T03:42:25Z,MLOps: Sentiment Enrichment,COMPLETED,8.507,39,1
2026-05-09T03:42:33Z,MLOps: Vector Indexing,COMPLETED,8.478,39,1
2026-05-09T04:42:25Z,MLOps: Sentiment Enrichment,COMPLETED,6.984,6,1
2026-05-09T04:42:32Z,MLOps: Vector Indexing,COMPLETED,8.294,6,1
2026-05-09T05:42:25Z,MLOps: Sentiment Enrichment,COMPLETED,7.034,13,1
2026-05-09T05:42:32Z,MLOps: Vector Indexing,COMPLETED,8.229,13,1
2026-05-09T06:42:26Z,MLOps: Sentiment Enrichment,COMPLETED,7.455,20,1
2026-05-09T06:42:34Z,MLOps: Vector Indexing,COMPLETED,8.373,20,1
2026-05-09T07:42:25Z,MLOps: Sentiment Enrichment,COMPLETED,8.456,41,1
2026-05-09T07:42:33Z,MLOps: Vector Indexing,COMPLETED,8.412,41,1
2026-05-09T08:42:26Z,MLOps: Sentiment Enrichment,COMPLETED,7.342,16,1
2026-05-09T08:42:33Z,MLOps: Vector Indexing,COMPLETED,8.414,16,1
2026-05-09T09:42:24Z,MLOps: Sentiment Enrichment,COMPLETED,7.193,12,1
2026-05-09T09:42:32Z,MLOps: Vector Indexing,COMPLETED,8.308,12,1
2026-05-09T10:42:24Z,MLOps: Sentiment Enrichment,COMPLETED,7.113,14,1
2026-05-09T10:42:31Z,MLOps: Vector Indexing,COMPLETED,8.213,14,1
2026-05-09T11:42:25Z,MLOps: Sentiment Enrichment,COMPLETED,7.432,18,1
2026-05-09T11:42:32Z,MLOps: Vector Indexing,COMPLETED,8.442,18,1
2026-05-09T12:42:25Z,MLOps: Sentiment Enrichment,COMPLETED,7.476,25,1
2026-05-09T12:42:32Z,MLOps: Vector Indexing,COMPLETED,8.339,25,1
2026-05-09T13:42:24Z,MLOps: Sentiment Enrichment,COMPLETED,8.306,34,1
2026-05-09T13:42:32Z,MLOps: Vector Indexing,COMPLETED,8.585,34,1
2026-05-09T14:42:25Z,MLOps: Sentiment Enrichment,COMPLETED,7.680,23,1
2026-05-09T14:42:33Z,MLOps: Vector Indexing,COMPLETED,8.497,23,1
2026-05-09T15:42:24Z,MLOps: Sentiment Enrichment,COMPLETED,7.341,19,1
2026-05-09T15:42:31Z,MLOps: Vector Indexing,COMPLETED,8.442,19,1
2026-05-09T16:42:25Z,MLOps: Sentiment Enrichment,COMPLETED,6.952,8,1
2026-05-09T16:42:32Z,MLOps: Vector Indexing,COMPLETED,8.395,8,1
2026-05-09T17:42:25Z,MLOps: Sentiment Enrichment,COMPLETED,6.806,10,1
2026-05-09T17:42:32Z,MLOps: Vector Indexing,COMPLETED,8.398,10,1
2026-05-09T18:42:25Z,MLOps: Sentiment Enrichment,COMPLETED,6.807,10,1
2026-05-09T18:42:31Z,MLOps: Vector Indexing,COMPLETED,8.327,10,1
2026-05-09T19:42:25Z,MLOps: Sentiment Enrichment,COMPLETED,8.372,31,1
2026-05-09T19:42:33Z,MLOps: Vector Indexing,COMPLETED,8.576,31,1
2026-05-09T20:42:24Z,MLOps: Sentiment Enrichment,COMPLETED,6.936,9,1
2026-05-09T20:42:31Z,MLOps: Vector Indexing,COMPLETED,8.208,9,1
2026-05-09T21:42:25Z,MLOps: Sentiment Enrichment,COMPLETED,6.804,9,1
2026-05-09T21:42:32Z,MLOps: Vector Indexing,COMPLETED,8.290,9,1
2026-05-09T22:42:24Z,MLOps: Sentiment Enrichment,COMPLETED,7.463,18,1
2026-05-09T22:42:32Z,MLOps: Vector Indexing,COMPLETED,8.688,18,1
2026-05-09T23:42:24Z,MLOps: Sentiment Enrichment,COMPLETED,6.666,8,1
2026-05-09T23:42:31Z,MLOps: Vector Indexing,COMPLETED,8.351,8,1
2026-05-10T00:42:25Z,MLOps: Sentiment Enrichment,COMPLETED,7.296,18,1
2026-05-10T00:42:32Z,MLOps: Vector Indexing,COMPLETED,8.697,18,1
2026-05-10T01:42:25Z,MLOps: Sentiment Enrichment,COMPLETED,7.799,26,1
2026-05-10T01:42:32Z,MLOps: Vector Indexing,COMPLETED,8.549,26,1
2026-05-10T02:42:24Z,MLOps: Sentiment Enrichment,COMPLETED,7.218,16,1
2026-05-10T02:42:31Z,MLOps: Vector Indexing,COMPLETED,8.327,16,1
2026-05-10T03:42:24Z,MLOps: Sentiment Enrichment,COMPLETED,7.613,23,1
2026-05-10T03:42:32Z,MLOps: Vector Indexing,COMPLETED,8.665,23,1
2026-05-10T04:42:25Z,MLOps: Sentiment Enrichment,COMPLETED,8.002,26,1
2026-05-10T04:42:33Z,MLOps: Vector Indexing,COMPLETED,8.522,26,1
2026-05-10T05:42:25Z,MLOps: Sentiment Enrichment,COMPLETED,7.091,17,1
2026-05-10T05:42:32Z,MLOps: Vector Indexing,COMPLETED,8.396,17,1
2026-05-10T06:42:25Z,MLOps: Sentiment Enrichment,COMPLETED,7.932,28,1
2026-05-10T06:42:33Z,MLOps: Vector Indexing,COMPLETED,8.384,28,1
2026-05-10T07:42:25Z,MLOps: Sentiment Enrichment,COMPLETED,6.880,10,1
2026-05-10T07:42:32Z,MLOps: Vector Indexing,COMPLETED,8.382,10,1
2026-05-10T08:42:24Z,MLOps: Sentiment Enrichment,COMPLETED,8.334,34,1
2026-05-10T08:42:32Z,MLOps: Vector Indexing,COMPLETED,8.585,34,1
2026-05-10T09:42:24Z,MLOps: Sentiment Enrichment,COMPLETED,6.798,8,1
2026-05-10T09:42:31Z,MLOps: Vector Indexing,COMPLETED,8.375,8,1
2026-05-10T10:42:24Z,MLOps: Sentiment Enrichment,COMPLETED,7.933,31,1
2026-05-10T10:42:32Z,MLOps: Vector Indexing,COMPLETED,8.676,31,1
2026-05-10T11:42:24Z,MLOps: Sentiment Enrichment,COMPLETED,7.363,20,1
2026-05-10T11:42:32Z,MLOps: Vector Indexing,COMPLETED,8.481,20,1
2026-05-10T12:42:25Z,MLOps: Sentiment Enrichment,COMPLETED,6.863,11,1
2026-05-10T12:42:31Z,MLOps: Vector Indexing,COMPLETED,8.362,11,1
2026-05-10T13:42:24Z,MLOps: Sentiment Enrichment,COMPLETED,7.338,14,1
2026-05-10T13:42:31Z,MLOps: Vector Indexing,COMPLETED,8.321,14,1
2026-05-10T14:42:25Z,MLOps: Sentiment Enrichment,COMPLETED,7.085,12,1
2026-05-10T14:42:32Z,MLOps: Vector Indexing,COMPLETED,8.384,12,1
2026-05-10T15:42:24Z,MLOps: Sentiment Enrichment,COMPLETED,7.325,16,1
2026-05-10T15:42:32Z,MLOps: Vector Indexing,COMPLETED,8.526,16,1
2026-05-10T16:42:25Z,MLOps: Sentiment Enrichment,COMPLETED,8.211,29,1
2026-05-10T16:42:33Z,MLOps: Vector Indexing,COMPLETED,8.897,29,1
2026-05-10T17:42:25Z,MLOps: Sentiment Enrichment,COMPLETED,7.033,11,1
2026-05-10T17:42:32Z,MLOps: Vector Indexing,COMPLETED,8.616,11,1
2026-05-10T18:42:26Z,MLOps: Sentiment Enrichment,COMPLETED,7.339,14,1
2026-05-10T18:42:33Z,MLOps: Vector Indexing,COMPLETED,8.447,14,1
2026-05-10T19:42:26Z,MLOps: Sentiment Enrichment,COMPLETED,7.134,10,1
2026-05-10T19:42:33Z,MLOps: Vector Indexing,COMPLETED,8.758,10,1
2026-05-10T20:42:24Z,MLOps: Sentiment Enrichment,COMPLETED,7.098,14,1
2026-05-10T20:42:32Z,MLOps: Vector Indexing,COMPLETED,8.265,14,1
2026-05-10T21:42:26Z,MLOps: Sentiment Enrichment,COMPLETED,7.317,18,1
2026-05-10T21:42:33Z,MLOps: Vector Indexing,COMPLETED,8.602,18,1
2026-05-10T22:42:26Z,MLOps: Sentiment Enrichment,COMPLETED,7.061,11,1
2026-05-10T22:42:33Z,MLOps: Vector Indexing,COMPLETED,8.493,11,1
2026-05-10T23:42:25Z,MLOps: Sentiment Enrichment,COMPLETED,7.458,22,1
2026-05-10T23:42:32Z,MLOps: Vector Indexing,COMPLETED,8.524,22,1
2026-05-11T00:42:24Z,MLOps: Sentiment Enrichment,COMPLETED,7.147,13,1
2026-05-11T00:42:32Z,MLOps: Vector Indexing,COMPLETED,8.457,13,1
2026-05-11T01:42:25Z,MLOps: Sentiment Enrichment,COMPLETED,6.847,8,1
2026-05-11T01:42:32Z,MLOps: Vector Indexing,COMPLETED,8.337,8,1
2026-05-11T02:42:24Z,MLOps: Sentiment Enrichment,COMPLETED,6.800,7,1
2026-05-11T02:42:31Z,MLOps: Vector Indexing,COMPLETED,8.395,7,1
2026-05-11T03:42:25Z,MLOps: Sentiment Enrichment,COMPLETED,6.842,9,1
2026-05-11T03:42:31Z,MLOps: Vector Indexing,COMPLETED,8.502,9,1
2026-05-11T04:42:26Z,MLOps: Sentiment Enrichment,COMPLETED,6.768,8,1
2026-05-11T04:42:33Z,MLOps: Vector Indexing,COMPLETED,8.414,8,1
2026-05-11T05:42:24Z,MLOps: Sentiment Enrichment,COMPLETED,6.694,8,1
2026-05-11T05:42:31Z,MLOps: Vector Indexing,COMPLETED,8.354,8,1
2026-05-11T06:42:24Z,MLOps: Sentiment Enrichment,COMPLETED,6.611,5,1
2026-05-11T06:42:31Z,MLOps: Vector Indexing,COMPLETED,8.412,5,1
2026-05-11T07:42:24Z,MLOps: Sentiment Enrichment,COMPLETED,6.774,7,1
2026-05-11T07:42:31Z,MLOps: Vector Indexing,COMPLETED,8.250,7,1
2026-05-11T08:42:25Z,MLOps: Sentiment Enrichment,COMPLETED,7.222,13,1
2026-05-11T08:42:32Z,MLOps: Vector Indexing,COMPLETED,8.396,13,1
2026-05-11T09:42:24Z,MLOps: Sentiment Enrichment,COMPLETED,7.932,30,1
2026-05-11T09:42:32Z,MLOps: Vector Indexing,COMPLETED,8.689,30,1
2026-05-11T10:42:25Z,MLOps: Sentiment Enrichment,COMPLETED,7.540,23,1
2026-05-11T10:42:32Z,MLOps: Vector Indexing,COMPLETED,8.403,23,1
2026-05-11T11:42:24Z,MLOps: Sentiment Enrichment,COMPLETED,7.984,27,1
2026-05-11T11:42:32Z,MLOps: Vector Indexing,COMPLETED,8.558,27,1
2026-05-11T12:42:24Z,MLOps: Sentiment Enrichment,COMPLETED,7.604,23,1
2026-05-11T12:42:32Z,MLOps: Vector Indexing,COMPLETED,8.476,23,1
2026-05-11T13:42:24Z,MLOps: Sentiment Enrichment,COMPLETED,7.676,30,1
2026-05-11T13:42:32Z,MLOps: Vector Indexing,COMPLETED,8.585,30,1
2026-05-11T14:42:25Z,MLOps: Sentiment Enrichment,COMPLETED,8.596,34,1
2026-05-11T14:42:34Z,MLOps: Vector Indexing,COMPLETED,8.763,34,1
2026-05-11T15:42:27Z,MLOps: Sentiment Enrichment,COMPLETED,8.111,29,1
2026-05-11T15:42:35Z,MLOps: Vector Indexing,COMPLETED,8.470,29,1
2026-05-11T16:42:25Z,MLOps: Sentiment Enrichment,COMPLETED,7.869,26,1
2026-05-11T16:42:32Z,MLOps: Vector Indexing,COMPLETED,8.468,26,1
2026-05-11T17:42:24Z,MLOps: Sentiment Enrichment,COMPLETED,8.896,42,1
2026-05-11T17:42:33Z,MLOps: Vector Indexing,COMPLETED,8.785,42,1
2026-05-11T18:42:26Z,MLOps: Sentiment Enrichment,COMPLETED,7.826,27,1
2026-05-11T18:42:34Z,MLOps: Vector Indexing,COMPLETED,8.527,27,1
2026-05-11T19:42:25Z,MLOps: Sentiment Enrichment,COMPLETED,7.340,14,1
2026-05-11T19:42:32Z,MLOps: Vector Indexing,COMPLETED,8.622,14,1
2026-05-11T20:42:25Z,MLOps: Sentiment Enrichment,COMPLETED,7.418,13,1
2026-05-11T20:42:32Z,MLOps: Vector Indexing,COMPLETED,8.162,13,1
2026-05-11T21:42:25Z,MLOps: Sentiment Enrichment,COMPLETED,7.201,11,1
2026-05-11T21:42:32Z,MLOps: Vector Indexing,COMPLETED,8.472,11,1
2026-05-11T22:42:25Z,MLOps: Sentiment Enrichment,COMPLETED,6.917,11,1
2026-05-11T22:42:31Z,MLOps: Vector Indexing,COMPLETED,8.281,11,1
2026-05-11T23:42:25Z,MLOps: Sentiment Enrichment,COMPLETED,6.417,4,1
2026-05-11T23:42:31Z,MLOps: Vector Indexing,COMPLETED,8.467,4,1
2026-05-12T00:42:24Z,MLOps: Sentiment Enrichment,COMPLETED,6.797,7,1
2026-05-12T00:42:31Z,MLOps: Vector Indexing,COMPLETED,8.361,7,1
2026-05-12T01:42:25Z,MLOps: Sentiment Enrichment,COMPLETED,6.863,6,1
2026-05-12T01:42:32Z,MLOps: Vector Indexing,COMPLETED,8.337,6,1
2026-05-12T02:42:24Z,MLOps: Sentiment Enrichment,COMPLETED,6.433,3,1
2026-05-12T02:42:30Z,MLOps: Vector Indexing,COMPLETED,8.377,3,1
2026-05-12T03:42:24Z,MLOps: Sentiment Enrichment,COMPLETED,6.183,1,1
2026-05-12T03:42:30Z,MLOps: Vector Indexing,COMPLETED,8.348,1,1
2026-05-12T04:42:26Z,MLOps: Sentiment Enrichment,COMPLETED,6.688,6,1
2026-05-12T04:42:33Z,MLOps: Vector Indexing,COMPLETED,8.479,6,1
2026-05-12T05:42:24Z,MLOps: Sentiment Enrichment,COMPLETED,6.767,3,1
2026-05-12T05:42:31Z,MLOps: Vector Indexing,COMPLETED,8.522,3,1
2026-05-12T06:42:24Z,MLOps: Sentiment Enrichment,COMPLETED,6.288,1,1
2026-05-12T06:42:30Z,MLOps: Vector Indexing,COMPLETED,8.460,1,1
2026-05-12T07:42:24Z,MLOps: Sentiment Enrichment,COMPLETED,6.819,9,1
2026-05-12T07:42:31Z,MLOps: Vector Indexing,COMPLETED,8.399,9,1
2026-05-12T08:42:26Z,MLOps: Sentiment Enrichment,COMPLETED,6.818,9,1
2026-05-12T08:42:32Z,MLOps: Vector Indexing,COMPLETED,8.261,9,1
2026-05-12T09:42:24Z,MLOps: Sentiment Enrichment,COMPLETED,7.695,22,1
2026-05-12T09:42:32Z,MLOps: Vector Indexing,COMPLETED,8.589,22,1
2026-05-12T10:42:25Z,MLOps: Sentiment Enrichment,COMPLETED,7.377,17,1
2026-05-12T10:42:32Z,MLOps: Vector Indexing,COMPLETED,8.649,17,1
2026-05-12T11:42:24Z,MLOps: Sentiment Enrichment,COMPLETED,7.522,25,1
2026-05-12T11:42:32Z,MLOps: Vector Indexing,COMPLETED,8.432,25,1
2026-05-12T12:42:25Z,MLOps: Sentiment Enrichment,COMPLETED,8.031,32,1
2026-05-12T12:42:33Z,MLOps: Vector Indexing,COMPLETED,8.489,32,1
2026-05-12T13:42:24Z,MLOps: Sentiment Enrichment,COMPLETED,7.733,27,1
2026-05-12T13:42:32Z,MLOps: Vector Indexing,COMPLETED,8.583,27,1
2026-05-12T14:42:24Z,MLOps: Sentiment Enrichment,COMPLETED,7.764,24,1
2026-05-12T14:42:32Z,MLOps: Vector Indexing,COMPLETED,8.476,24,1
2026-05-12T15:42:25Z,MLOps: Sentiment Enrichment,COMPLETED,7.237,16,1
2026-05-12T15:42:32Z,MLOps: Vector Indexing,COMPLETED,8.351,16,1
2026-05-12T16:42:25Z,MLOps: Sentiment Enrichment,COMPLETED,7.433,19,1
2026-05-12T16:42:32Z,MLOps: Vector Indexing,COMPLETED,8.418,19,1
2026-05-12T17:42:24Z,MLOps: Sentiment Enrichment,COMPLETED,7.430,18,1
2026-05-12T17:42:32Z,MLOps: Vector Indexing,COMPLETED,8.473,18,1
2026-05-12T18:42:24Z,MLOps: Sentiment Enrichment,COMPLETED,6.774,5,1
2026-05-12T18:42:31Z,MLOps: Vector Indexing,COMPLETED,8.396,5,1
2026-05-12T19:42:25Z,MLOps: Sentiment Enrichment,COMPLETED,6.903,10,1
2026-05-12T19:42:32Z,MLOps: Vector Indexing,COMPLETED,8.288,10,1
2026-05-12T20:42:25Z,MLOps: Sentiment Enrichment,COMPLETED,7.762,28,1
2026-05-12T20:42:32Z,MLOps: Vector Indexing,COMPLETED,8.556,28,1
2026-05-12T21:42:24Z,MLOps: Sentiment Enrichment,COMPLETED,7.388,20,1
2026-05-12T21:42:32Z,MLOps: Vector Indexing,COMPLETED,8.574,20,1
2026-05-12T22:42:25Z,MLOps: Sentiment Enrichment,COMPLETED,7.327,14,1
2026-05-12T22:42:32Z,MLOps: Vector Indexing,COMPLETED,8.283,14,1
2026-05-12T23:42:25Z,MLOps: Sentiment Enrichment,COMPLETED,7.101,13,1
2026-05-12T23:42:32Z,MLOps: Vector Indexing,COMPLETED,8.512,13,1
2026-05-13T00:42:25Z,MLOps: Sentiment Enrichment,COMPLETED,6.722,9,1
2026-05-13T00:42:31Z,MLOps: Vector Indexing,COMPLETED,8.334,9,1
2026-05-13T01:42:26Z,MLOps: Sentiment Enrichment,COMPLETED,6.745,10,1
2026-05-13T01:42:32Z,MLOps: Vector Indexing,COMPLETED,8.629,10,1
2026-05-13T02:42:25Z,MLOps: Sentiment Enrichment,COMPLETED,6.897,9,1
2026-05-13T02:42:32Z,MLOps: Vector Indexing,COMPLETED,8.578,9,1
2026-05-13T03:42:24Z,MLOps: Sentiment Enrichment,COMPLETED,7.007,13,1
2026-05-13T03:42:31Z,MLOps: Vector Indexing,COMPLETED,8.392,13,1
2026-05-13T04:42:24Z,MLOps: Sentiment Enrichment,COMPLETED,7.028,13,1
2026-05-13T04:42:31Z,MLOps: Vector Indexing,COMPLETED,8.459,13,1
2026-05-13T05:42:24Z,MLOps: Sentiment Enrichment,COMPLETED,7.591,32,1
2026-05-13T05:42:32Z,MLOps: Vector Indexing,COMPLETED,7.971,32,1
2026-05-13T06:42:24Z,MLOps: Sentiment Enrichment,COMPLETED,7.553,35,1
2026-05-13T06:42:32Z,MLOps: Vector Indexing,COMPLETED,8.126,35,1
2026-05-13T07:42:25Z,MLOps: Sentiment Enrichment,COMPLETED,6.931,18,1
2026-05-13T07:42:32Z,MLOps: Vector Indexing,COMPLETED,7.919,18,1
2026-05-13T08:42:25Z,MLOps: Sentiment Enrichment,COMPLETED,7.423,31,1
2026-05-13T08:42:32Z,MLOps: Vector Indexing,COMPLETED,8.076,31,1
2026-05-13T09:42:24Z,MLOps: Sentiment Enrichment,COMPLETED,7.771,32,1
2026-05-13T09:42:32Z,MLOps: Vector Indexing,COMPLETED,8.115,32,1
2026-05-13T10:42:24Z,MLOps: Sentiment Enrichment,COMPLETED,7.556,30,1
2026-05-13T10:42:32Z,MLOps: Vector Indexing,COMPLETED,8.182,30,1
2026-05-13T11:42:25Z,MLOps: Sentiment Enrichment,COMPLETED,8.130,35,1
2026-05-13T11:42:33Z,MLOps: Vector Indexing,COMPLETED,8.376,35,1
2026-05-13T12:42:25Z,MLOps: Sentiment Enrichment,COMPLETED,8.299,43,1
2026-05-13T12:42:33Z,MLOps: Vector Indexing,COMPLETED,8.721,43,1
2026-05-13T13:42:25Z,MLOps: Sentiment Enrichment,COMPLETED,8.820,33,1
2026-05-13T13:42:33Z,MLOps: Vector Indexing,COMPLETED,9.484,33,1
2026-05-13T14:42:25Z,MLOps: Sentiment Enrichment,COMPLETED,7.708,30,1
2026-05-13T14:42:32Z,MLOps: Vector Indexing,COMPLETED,8.508,30,1
2026-05-13T15:42:25Z,MLOps: Sentiment Enrichment,COMPLETED,7.662,25,1
2026-05-13T15:42:32Z,MLOps: Vector Indexing,COMPLETED,8.539,25,1
2026-05-13T16:42:25Z,MLOps: Sentiment Enrichment,COMPLETED,9.007,40,1
2026-05-13T16:42:34Z,MLOps: Vector Indexing,COMPLETED,8.524,40,1
2026-05-13T17:42:24Z,MLOps: Sentiment Enrichment,COMPLETED,8.867,38,1
2026-05-13T17:42:33Z,MLOps: Vector Indexing,COMPLETED,8.465,38,1
2026-05-13T18:42:24Z,MLOps: Sentiment Enrichment,COMPLETED,7.024,17,1
2026-05-13T18:42:31Z,MLOps: Vector Indexing,COMPLETED,8.399,17,1
2026-05-13T19:42:24Z,MLOps: Sentiment Enrichment,COMPLETED,6.665,12,1
2026-05-13T19:42:31Z,MLOps: Vector Indexing,COMPLETED,8.392,12,1
2026-05-13T20:42:24Z,MLOps: Sentiment Enrichment,COMPLETED,7.514,25,1
2026-05-13T20:42:32Z,MLOps: Vector Indexing,COMPLETED,8.306,25,1
2026-05-13T21:42:25Z,MLOps: Sentiment Enrichment,COMPLETED,7.051,18,1
2026-05-13T21:42:32Z,MLOps: Vector Indexing,COMPLETED,8.174,18,1
2026-05-13T22:42:24Z,MLOps: Sentiment Enrichment,COMPLETED,6.974,16,1
2026-05-13T22:42:31Z,MLOps: Vector Indexing,COMPLETED,8.056,16,1
2026-05-13T23:42:24Z,MLOps: Sentiment Enrichment,COMPLETED,6.853,16,1
2026-05-13T23:42:31Z,MLOps: Vector Indexing,COMPLETED,8.052,16,1
2026-05-14T00:42:25Z,MLOps: Sentiment Enrichment,COMPLETED,6.091,4,1
2026-05-14T00:42:31Z,MLOps: Vector Indexing,COMPLETED,7.981,4,1
2026-05-14T01:42:24Z,MLOps: Sentiment Enrichment,COMPLETED,6.651,11,1
2026-05-14T01:42:31Z,MLOps: Vector Indexing,COMPLETED,8.121,11,1
2026-05-14T02:42:24Z,MLOps: Sentiment Enrichment,COMPLETED,6.835,10,1
2026-05-14T02:42:31Z,MLOps: Vector Indexing,COMPLETED,8.212,10,1
2026-05-14T03:42:25Z,MLOps: Sentiment Enrichment,COMPLETED,6.739,9,1
2026-05-14T03:42:31Z,MLOps: Vector Indexing,COMPLETED,8.098,9,1
2026-05-14T04:42:25Z,MLOps: Sentiment Enrichment,COMPLETED,8.083,34,1
2026-05-14T04:42:33Z,MLOps: Vector Indexing,COMPLETED,8.602,34,1
2026-05-14T05:42:25Z,MLOps: Sentiment Enrichment,COMPLETED,8.464,40,1
2026-05-14T05:42:33Z,MLOps: Vector Indexing,COMPLETED,8.635,40,1
2026-05-14T06:42:24Z,MLOps: Sentiment Enrichment,COMPLETED,8.164,39,1
2026-05-14T06:42:33Z,MLOps: Vector Indexing,COMPLETED,8.312,39,1
2026-05-14T07:42:25Z,MLOps: Sentiment Enrichment,COMPLETED,7.790,31,1
2026-05-14T07:42:32Z,MLOps: Vector Indexing,COMPLETED,8.310,31,1
2026-05-14T08:42:25Z,MLOps: Sentiment Enrichment,COMPLETED,7.595,27,1
2026-05-14T08:42:32Z,MLOps: Vector Indexing,COMPLETED,8.284,27,1
2026-05-14T09:42:24Z,MLOps: Sentiment Enrichment,COMPLETED,7.947,33,1
2026-05-14T09:42:32Z,MLOps: Vector Indexing,COMPLETED,8.387,33,1
2026-05-14T10:42:26Z,MLOps: Sentiment Enrichment,COMPLETED,7.027,15,1
2026-05-14T10:42:33Z,MLOps: Vector Indexing,COMPLETED,8.359,15,1
2026-05-14T11:42:24Z,MLOps: Sentiment Enrichment,COMPLETED,7.650,28,1
2026-05-14T11:42:32Z,MLOps: Vector Indexing,COMPLETED,8.272,28,1
2026-05-14T12:42:24Z,MLOps: Sentiment Enrichment,COMPLETED,8.269,35,1
2026-05-14T12:42:33Z,MLOps: Vector Indexing,COMPLETED,8.299,35,1
2026-05-14T13:42:24Z,MLOps: Sentiment Enrichment,COMPLETED,7.498,28,1
2026-05-14T13:42:32Z,MLOps: Vector Indexing,COMPLETED,8.314,28,1
2026-05-14T14:42:25Z,MLOps: Sentiment Enrichment,COMPLETED,7.616,25,1
2026-05-14T14:42:32Z,MLOps: Vector Indexing,COMPLETED,8.420,25,1
2026-05-14T15:42:24Z,MLOps: Sentiment Enrichment,COMPLETED,8.084,31,1
2026-05-14T15:42:32Z,MLOps: Vector Indexing,COMPLETED,8.409,31,1
2026-05-14T16:42:25Z,MLOps: Sentiment Enrichment,COMPLETED,7.809,36,1
2026-05-14T16:42:32Z,MLOps: Vector Indexing,COMPLETED,8.362,36,1
2026-05-14T17:42:24Z,MLOps: Sentiment Enrichment,COMPLETED,8.241,38,1
2026-05-14T17:42:32Z,MLOps: Vector Indexing,COMPLETED,8.246,38,1
2026-05-14T18:42:24Z,MLOps: Sentiment Enrichment,COMPLETED,8.097,28,1
2026-05-14T18:42:32Z,MLOps: Vector Indexing,COMPLETED,8.521,28,1
2026-05-14T19:42:25Z,MLOps: Sentiment Enrichment,COMPLETED,6.890,19,1
2026-05-14T19:42:32Z,MLOps: Vector Indexing,COMPLETED,8.081,19,1
2026-05-14T20:42:25Z,MLOps: Sentiment Enrichment,COMPLETED,7.774,34,1
2026-05-14T20:42:32Z,MLOps: Vector Indexing,COMPLETED,8.309,34,1
2026-05-14T21:42:25Z,MLOps: Sentiment Enrichment,COMPLETED,6.909,14,1
2026-05-14T21:42:32Z,MLOps: Vector Indexing,COMPLETED,8.116,14,1
2026-05-14T22:42:24Z,MLOps: Sentiment Enrichment,COMPLETED,7.131,18,1
2026-05-14T22:42:32Z,MLOps: Vector Indexing,COMPLETED,8.153,18,1
2026-05-14T23:42:24Z,MLOps: Sentiment Enrichment,COMPLETED,6.998,13,1
2026-05-14T23:42:31Z,MLOps: Vector Indexing,COMPLETED,8.249,13,1
2026-05-15T00:42:25Z,MLOps: Sentiment Enrichment,COMPLETED,6.626,12,1
2026-05-15T00:42:31Z,MLOps: Vector Indexing,COMPLETED,8.102,12,1
2026-05-15T01:42:24Z,MLOps: Sentiment Enrichment,COMPLETED,6.837,14,1
2026-05-15T01:42:31Z,MLOps: Vector Indexing,COMPLETED,8.068,14,1
2026-05-15T02:42:25Z,MLOps: Sentiment Enrichment,COMPLETED,6.853,9,1
2026-05-15T02:42:32Z,MLOps: Vector Indexing,COMPLETED,8.388,9,1
2026-05-15T03:42:25Z,MLOps: Sentiment Enrichment,COMPLETED,7.013,14,1
2026-05-15T03:42:32Z,MLOps: Vector Indexing,COMPLETED,8.677,14,1
2026-05-15T04:42:26Z,MLOps: Sentiment Enrichment,COMPLETED,7.203,15,1
2026-05-15T04:42:33Z,MLOps: Vector Indexing,COMPLETED,8.300,15,1
2026-05-15T05:42:25Z,MLOps: Sentiment Enrichment,COMPLETED,7.911,34,1
2026-05-15T05:42:33Z,MLOps: Vector Indexing,COMPLETED,8.223,34,1
2026-05-15T06:42:25Z,MLOps: Sentiment Enrichment,COMPLETED,7.619,29,1
2026-05-15T06:42:33Z,MLOps: Vector Indexing,COMPLETED,8.369,29,1
2026-05-15T07:42:25Z,MLOps: Sentiment Enrichment,COMPLETED,7.812,32,1
2026-05-15T07:42:33Z,MLOps: Vector Indexing,COMPLETED,8.421,32,1
2026-05-15T08:42:26Z,MLOps: Sentiment Enrichment,COMPLETED,7.604,27,1
2026-05-15T08:42:34Z,MLOps: Vector Indexing,COMPLETED,8.256,27,1
2026-05-15T09:42:25Z,MLOps: Sentiment Enrichment,COMPLETED,6.730,13,1
2026-05-15T09:42:31Z,MLOps: Vector Indexing,COMPLETED,8.365,13,1
2026-05-15T10:42:25Z,MLOps: Sentiment Enrichment,COMPLETED,7.930,27,1
2026-05-15T10:42:33Z,MLOps: Vector Indexing,COMPLETED,8.446,27,1
2026-05-15T11:42:24Z,MLOps: Sentiment Enrichment,COMPLETED,7.328,13,1
2026-05-15T11:42:32Z,MLOps: Vector Indexing,COMPLETED,8.329,13,1
2026-05-15T12:42:25Z,MLOps: Sentiment Enrichment,COMPLETED,8.013,31,1
2026-05-15T12:42:33Z,MLOps: Vector Indexing,COMPLETED,8.511,31,1
2026-05-15T13:42:24Z,MLOps: Sentiment Enrichment,COMPLETED,7.181,15,1
2026-05-15T13:42:31Z,MLOps: Vector Indexing,COMPLETED,8.324,15,1
2026-05-15T14:42:24Z,MLOps: Sentiment Enrichment,COMPLETED,7.273,16,1
2026-05-15T14:42:31Z,MLOps: Vector Indexing,COMPLETED,8.416,16,1
2026-05-15T15:42:24Z,MLOps: Sentiment Enrichment,COMPLETED,8.016,32,1
2026-05-15T15:42:32Z,MLOps: Vector Indexing,COMPLETED,8.517,32,1
2026-05-15T16:42:24Z,MLOps: Sentiment Enrichment,COMPLETED,8.252,34,1
2026-05-15T16:42:32Z,MLOps: Vector Indexing,COMPLETED,8.723,34,1
2026-05-15T17:42:25Z,MLOps: Sentiment Enrichment,COMPLETED,7.383,24,1
2026-05-15T17:42:32Z,MLOps: Vector Indexing,COMPLETED,8.540,24,1
2026-05-15T18:42:24Z,MLOps: Sentiment Enrichment,COMPLETED,7.755,28,1
2026-05-15T18:42:32Z,MLOps: Vector Indexing,COMPLETED,8.534,28,1
2026-05-15T19:42:26Z,MLOps: Sentiment Enrichment,COMPLETED,7.230,19,1
2026-05-15T19:42:33Z,MLOps: Vector Indexing,COMPLETED,8.114,19,1
2026-05-15T20:42:27Z,MLOps: Sentiment Enrichment,COMPLETED,8.013,33,1
2026-05-15T20:42:35Z,MLOps: Vector Indexing,COMPLETED,8.581,33,1
2026-05-15T21:42:25Z,MLOps: Sentiment Enrichment,COMPLETED,7.112,15,1
2026-05-15T21:42:32Z,MLOps: Vector Indexing,COMPLETED,8.475,15,1
2026-05-15T22:42:25Z,MLOps: Sentiment Enrichment,COMPLETED,7.045,16,1
2026-05-15T22:42:32Z,MLOps: Vector Indexing,COMPLETED,8.322,16,1
2026-05-15T23:42:24Z,MLOps: Sentiment Enrichment,COMPLETED,7.598,25,1
2026-05-15T23:42:32Z,MLOps: Vector Indexing,COMPLETED,8.217,25,1
2026-05-16T00:42:25Z,MLOps: Sentiment Enrichment,COMPLETED,7.755,30,1
2026-05-16T00:42:33Z,MLOps: Vector Indexing,COMPLETED,8.155,30,1
2026-05-16T01:42:25Z,MLOps: Sentiment Enrichment,COMPLETED,7.744,31,1
2026-05-16T01:42:33Z,MLOps: Vector Indexing,COMPLETED,8.377,31,1
2026-05-16T02:42:24Z,MLOps: Sentiment Enrichment,COMPLETED,8.360,38,1
2026-05-16T02:42:33Z,MLOps: Vector Indexing,COMPLETED,8.324,38,1
2026-05-16T03:42:25Z,MLOps: Sentiment Enrichment,COMPLETED,7.910,31,1
2026-05-16T03:42:32Z,MLOps: Vector Indexing,COMPLETED,8.384,31,1
2026-05-16T04:42:25Z,MLOps: Sentiment Enrichment,COMPLETED,6.132,1,1
2026-05-16T04:42:31Z,MLOps: Vector Indexing,COMPLETED,8.019,1,1
2026-05-16T05:42:25Z,MLOps: Sentiment Enrichment,COMPLETED,7.489,26,1
2026-05-16T05:42:32Z,MLOps: Vector Indexing,COMPLETED,8.289,26,1
2026-05-16T06:42:24Z,MLOps: Sentiment Enrichment,COMPLETED,6.569,9,1
2026-05-16T06:42:31Z,MLOps: Vector Indexing,COMPLETED,8.077,9,1
2026-05-16T07:42:24Z,MLOps: Sentiment Enrichment,COMPLETED,7.763,35,1
2026-05-16T07:42:32Z,MLOps: Vector Indexing,COMPLETED,8.247,35,1
2026-05-16T08:42:24Z,MLOps: Sentiment Enrichment,COMPLETED,6.664,10,1
2026-05-16T08:42:31Z,MLOps: Vector Indexing,COMPLETED,8.464,10,1
2026-05-16T09:42:25Z,MLOps: Sentiment Enrichment,COMPLETED,7.104,19,1
2026-05-16T09:42:32Z,MLOps: Vector Indexing,COMPLETED,8.659,19,1
2026-05-16T10:42:24Z,MLOps: Sentiment Enrichment,COMPLETED,7.353,20,1
2026-05-16T10:42:32Z,MLOps: Vector Indexing,COMPLETED,8.432,20,1
2026-05-16T11:42:25Z,MLOps: Sentiment Enrichment,COMPLETED,6.820,17,1
2026-05-16T11:42:32Z,MLOps: Vector Indexing,COMPLETED,8.334,17,1
2026-05-16T12:42:24Z,MLOps: Sentiment Enrichment,COMPLETED,7.496,24,1
2026-05-16T12:42:32Z,MLOps: Vector Indexing,COMPLETED,8.251,24,1
2026-05-16T13:42:24Z,MLOps: Sentiment Enrichment,COMPLETED,7.314,23,1
2026-05-16T13:42:32Z,MLOps: Vector Indexing,COMPLETED,8.188,23,1
2026-05-16T14:42:24Z,MLOps: Sentiment Enrichment,COMPLETED,7.698,24,1
2026-05-16T14:42:32Z,MLOps: Vector Indexing,COMPLETED,8.511,24,1
2026-05-16T15:42:25Z,MLOps: Sentiment Enrichment,COMPLETED,6.624,11,1
2026-05-16T15:42:31Z,MLOps: Vector Indexing,COMPLETED,8.151,11,1
2026-05-16T16:42:24Z,MLOps: Sentiment Enrichment,COMPLETED,6.878,17,1
2026-05-16T16:42:31Z,MLOps: Vector Indexing,COMPLETED,8.400,17,1
2026-05-16T17:42:24Z,MLOps: Sentiment Enrichment,COMPLETED,6.786,13,1
2026-05-16T17:42:31Z,MLOps: Vector Indexing,COMPLETED,8.337,13,1
2026-05-16T18:42:25Z,MLOps: Sentiment Enrichment,COMPLETED,7.448,26,1
2026-05-16T18:42:32Z,MLOps: Vector Indexing,COMPLETED,8.385,26,1
2026-05-16T19:42:25Z,MLOps: Sentiment Enrichment,COMPLETED,6.780,8,1
2026-05-16T19:42:32Z,MLOps: Vector Indexing,COMPLETED,8.189,8,1
2026-05-16T20:42:25Z,MLOps: Sentiment Enrichment,COMPLETED,6.713,10,1
2026-05-16T20:42:31Z,MLOps: Vector Indexing,COMPLETED,8.321,10,1
2026-05-16T21:42:25Z,MLOps: Sentiment Enrichment,COMPLETED,6.353,5,1
2026-05-16T21:42:31Z,MLOps: Vector Indexing,COMPLETED,8.170,5,1
2026-05-16T22:42:24Z,MLOps: Sentiment Enrichment,COMPLETED,6.152,3,1
2026-05-16T22:42:30Z,MLOps: Vector Indexing,COMPLETED,7.993,3,1
2026-05-16T23:42:24Z,MLOps: Sentiment Enrichment,COMPLETED,6.697,10,1
2026-05-16T23:42:31Z,MLOps: Vector Indexing,COMPLETED,8.261,10,1
2026-05-17T00:42:24Z,MLOps: Sentiment Enrichment,COMPLETED,7.269,20,1
2026-05-17T00:42:31Z,MLOps: Vector Indexing,COMPLETED,8.125,20,1
2026-05-17T01:42:24Z,MLOps: Sentiment Enrichment,COMPLETED,7.489,23,1
2026-05-17T01:42:32Z,MLOps: Vector Indexing,COMPLETED,8.251,23,1
2026-05-17T02:42:24Z,MLOps: Sentiment Enrichment,COMPLETED,6.978,15,1
2026-05-17T02:42:31Z,MLOps: Vector Indexing,COMPLETED,8.390,15,1
2026-05-17T03:42:25Z,MLOps: Sentiment Enrichment,COMPLETED,6.794,12,1
2026-05-17T03:42:32Z,MLOps: Vector Indexing,COMPLETED,8.220,12,1
2026-05-17T04:42:24Z,MLOps: Sentiment Enrichment,COMPLETED,6.748,14,1
2026-05-17T04:42:31Z,MLOps: Vector Indexing,COMPLETED,8.070,14,1
2026-05-17T05:42:24Z,MLOps: Sentiment Enrichment,COMPLETED,6.545,11,1
2026-05-17T05:42:31Z,MLOps: Vector Indexing,COMPLETED,8.260,11,1
2026-05-17T06:42:28Z,MLOps: Sentiment Enrichment,COMPLETED,7.257,20,1
2026-05-17T06:42:35Z,MLOps: Vector Indexing,COMPLETED,8.226,20,1
2026-05-17T07:42:24Z,MLOps: Sentiment Enrichment,COMPLETED,6.790,10,1
2026-05-17T07:42:31Z,MLOps: Vector Indexing,COMPLETED,8.274,10,1
2026-05-17T08:42:24Z,MLOps: Sentiment Enrichment,COMPLETED,6.808,11,1
2026-05-17T08:42:31Z,MLOps: Vector Indexing,COMPLETED,8.368,11,1
2026-05-17T09:42:26Z,MLOps: Sentiment Enrichment,COMPLETED,8.089,32,1
2026-05-17T09:42:34Z,MLOps: Vector Indexing,COMPLETED,8.448,32,1
2026-05-17T10:42:24Z,MLOps: Sentiment Enrichment,COMPLETED,7.026,13,1
2026-05-17T10:42:31Z,MLOps: Vector Indexing,COMPLETED,8.246,13,1
2026-05-17T11:42:24Z,MLOps: Sentiment Enrichment,COMPLETED,7.720,28,1
2026-05-17T11:42:32Z,MLOps: Vector Indexing,COMPLETED,8.335,28,1
2026-05-17T12:42:25Z,MLOps: Sentiment Enrichment,COMPLETED,6.644,12,1
2026-05-17T12:42:31Z,MLOps: Vector Indexing,COMPLETED,8.264,12,1
2026-05-17T13:42:24Z,MLOps: Sentiment Enrichment,COMPLETED,7.036,14,1
2026-05-17T13:42:31Z,MLOps: Vector Indexing,COMPLETED,8.217,14,1
2026-05-17T14:42:24Z,MLOps: Sentiment Enrichment,COMPLETED,6.985,15,1
2026-05-17T14:42:31Z,MLOps: Vector Indexing,COMPLETED,8.243,15,1
2026-05-17T15:42:24Z,MLOps: Sentiment Enrichment,COMPLETED,6.932,13,1
2026-05-17T15:42:31Z,MLOps: Vector Indexing,COMPLETED,8.252,13,1
2026-05-17T16:42:25Z,MLOps: Sentiment Enrichment,COMPLETED,6.995,13,1
2026-05-17T16:42:32Z,MLOps: Vector Indexing,COMPLETED,8.247,13,1
2026-05-17T17:42:25Z,MLOps: Sentiment Enrichment,COMPLETED,8.006,36,1
2026-05-17T17:42:33Z,MLOps: Vector Indexing,COMPLETED,8.428,36,1
2026-05-17T18:42:26Z,MLOps: Sentiment Enrichment,COMPLETED,6.752,10,1
2026-05-17T18:42:33Z,MLOps: Vector Indexing,COMPLETED,8.592,10,1
2026-05-17T19:42:24Z,MLOps: Sentiment Enrichment,COMPLETED,7.767,24,1
2026-05-17T19:42:32Z,MLOps: Vector Indexing,COMPLETED,8.587,24,1
2026-05-17T20:42:24Z,MLOps: Sentiment Enrichment,COMPLETED,7.069,20,1
2026-05-17T20:42:31Z,MLOps: Vector Indexing,COMPLETED,8.384,20,1
2026-05-17T21:42:27Z,MLOps: Sentiment Enrichment,COMPLETED,6.747,10,1
2026-05-17T21:42:33Z,MLOps: Vector Indexing,COMPLETED,8.416,10,1
2026-05-17T22:42:24Z,MLOps: Sentiment Enrichment,COMPLETED,6.452,4,1
2026-05-17T22:42:31Z,MLOps: Vector Indexing,COMPLETED,8.281,4,1
2026-05-17T23:42:24Z,MLOps: Sentiment Enrichment,COMPLETED,6.575,8,1
2026-05-17T23:42:31Z,MLOps: Vector Indexing,COMPLETED,8.171,8,1
2026-05-18T00:42:24Z,MLOps: Sentiment Enrichment,COMPLETED,6.605,9,1
2026-05-18T00:42:31Z,MLOps: Vector Indexing,COMPLETED,8.114,9,1
2026-05-18T01:42:24Z,MLOps: Sentiment Enrichment,COMPLETED,6.602,8,1
2026-05-18T01:42:31Z,MLOps: Vector Indexing,COMPLETED,8.178,8,1
2026-05-18T02:42:24Z,MLOps: Sentiment Enrichment,COMPLETED,6.961,11,1
2026-05-18T02:42:31Z,MLOps: Vector Indexing,COMPLETED,8.480,11,1
2026-05-18T03:42:25Z,MLOps: Sentiment Enrichment,COMPLETED,6.942,10,1
2026-05-18T03:42:32Z,MLOps: Vector Indexing,COMPLETED,8.313,10,1
2026-05-18T04:42:25Z,MLOps: Sentiment Enrichment,COMPLETED,6.682,7,1
2026-05-18T04:42:32Z,MLOps: Vector Indexing,COMPLETED,8.170,7,1
2026-05-18T05:42:24Z,MLOps: Sentiment Enrichment,COMPLETED,6.363,4,1
2026-05-18T05:42:31Z,MLOps: Vector Indexing,COMPLETED,8.155,4,1
2026-05-18T06:42:25Z,MLOps: Sentiment Enrichment,COMPLETED,6.516,6,1
2026-05-18T06:42:31Z,MLOps: Vector Indexing,COMPLETED,8.335,6,1
2026-05-18T07:42:24Z,MLOps: Sentiment Enrichment,COMPLETED,6.471,3,1
2026-05-18T07:42:31Z,MLOps: Vector Indexing,COMPLETED,8.312,3,1
2026-05-18T08:42:24Z,MLOps: Sentiment Enrichment,COMPLETED,6.455,4,1
2026-05-18T08:42:31Z,MLOps: Vector Indexing,COMPLETED,8.204,4,1
2026-05-18T09:42:24Z,MLOps: Sentiment Enrichment,COMPLETED,8.407,37,1
2026-05-18T09:42:33Z,MLOps: Vector Indexing,COMPLETED,8.356,37,1
2026-05-18T10:42:24Z,MLOps: Sentiment Enrichment,COMPLETED,8.506,39,1
2026-05-18T10:42:33Z,MLOps: Vector Indexing,COMPLETED,8.530,39,1
2026-05-18T11:42:25Z,MLOps: Sentiment Enrichment,COMPLETED,6.953,14,1
2026-05-18T11:42:32Z,MLOps: Vector Indexing,COMPLETED,8.498,14,1
2026-05-18T12:42:25Z,MLOps: Sentiment Enrichment,COMPLETED,7.852,32,1
2026-05-18T12:42:33Z,MLOps: Vector Indexing,COMPLETED,8.263,32,1
2026-05-18T13:42:24Z,MLOps: Sentiment Enrichment,COMPLETED,8.009,30,1
2026-05-18T13:42:32Z,MLOps: Vector Indexing,COMPLETED,8.590,30,1
2026-05-18T14:42:24Z,MLOps: Sentiment Enrichment,COMPLETED,7.560,23,1
2026-05-18T14:42:32Z,MLOps: Vector Indexing,COMPLETED,8.438,23,1
2026-05-18T15:42:25Z,MLOps: Sentiment Enrichment,COMPLETED,8.643,39,1
2026-05-18T15:42:33Z,MLOps: Vector Indexing,COMPLETED,8.509,39,1
2026-05-18T16:42:24Z,MLOps: Sentiment Enrichment,COMPLETED,7.396,20,1
2026-05-18T16:42:31Z,MLOps: Vector Indexing,COMPLETED,8.493,20,1
2026-05-18T17:42:25Z,MLOps: Sentiment Enrichment,COMPLETED,7.874,24,1
2026-05-18T17:42:33Z,MLOps: Vector Indexing,COMPLETED,8.817,24,1
2026-05-18T18:42:25Z,MLOps: Sentiment Enrichment,COMPLETED,7.422,23,1
2026-05-18T18:42:32Z,MLOps: Vector Indexing,COMPLETED,8.563,23,1
2026-05-18T19:42:24Z,MLOps: Sentiment Enrichment,COMPLETED,6.874,8,1
2026-05-18T19:42:31Z,MLOps: Vector Indexing,COMPLETED,8.558,8,1
2026-05-18T20:42:25Z,MLOps: Sentiment Enrichment,COMPLETED,6.914,9,1
2026-05-18T20:42:32Z,MLOps: Vector Indexing,COMPLETED,8.236,9,1
2026-05-18T21:42:24Z,MLOps: Sentiment Enrichment,COMPLETED,6.860,12,1
2026-05-18T21:42:31Z,MLOps: Vector Indexing,COMPLETED,8.156,12,1
2026-05-18T22:42:24Z,MLOps: Sentiment Enrichment,COMPLETED,6.628,8,1
2026-05-18T22:42:31Z,MLOps: Vector Indexing,COMPLETED,8.124,8,1
2026-05-18T23:42:24Z,MLOps: Sentiment Enrichment,COMPLETED,6.193,2,1
2026-05-18T23:42:31Z,MLOps: Vector Indexing,COMPLETED,8.046,2,1
2026-05-19T00:42:24Z,MLOps: Sentiment Enrichment,COMPLETED,6.207,3,1
2026-05-19T00:42:31Z,MLOps: Vector Indexing,COMPLETED,8.158,3,1
2026-05-19T01:42:24Z,MLOps: Sentiment Enrichment,COMPLETED,5.992,2,1
2026-05-19T01:42:30Z,MLOps: Vector Indexing,COMPLETED,8.136,2,1
2026-05-19T02:42:25Z,MLOps: Sentiment Enrichment,COMPLETED,6.444,1,1
2026-05-19T02:42:32Z,MLOps: Vector Indexing,COMPLETED,8.271,1,1
2026-05-19T03:42:25Z,MLOps: Sentiment Enrichment,COMPLETED,6.441,3,1
2026-05-19T03:42:31Z,MLOps: Vector Indexing,COMPLETED,8.087,3,1
2026-05-19T04:42:24Z,MLOps: Sentiment Enrichment,COMPLETED,6.139,3,1
2026-05-19T04:42:30Z,MLOps: Vector Indexing,COMPLETED,8.191,3,1
2026-05-19T05:42:25Z,MLOps: Sentiment Enrichment,COMPLETED,6.405,1,1
2026-05-19T05:42:31Z,MLOps: Vector Indexing,COMPLETED,8.064,1,1
2026-05-19T06:42:25Z,MLOps: Sentiment Enrichment,COMPLETED,6.252,1,1
2026-05-19T06:42:31Z,MLOps: Vector Indexing,COMPLETED,8.218,1,1
2026-05-19T07:42:24Z,MLOps: Sentiment Enrichment,COMPLETED,6.994,14,1
2026-05-19T07:42:31Z,MLOps: Vector Indexing,COMPLETED,8.270,14,1
2026-05-19T08:42:24Z,MLOps: Sentiment Enrichment,COMPLETED,7.333,17,1
2026-05-19T08:42:32Z,MLOps: Vector Indexing,COMPLETED,8.337,17,1
2026-05-19T09:42:25Z,MLOps: Sentiment Enrichment,COMPLETED,8.010,32,1
2026-05-19T09:42:33Z,MLOps: Vector Indexing,COMPLETED,8.451,32,1
2026-05-19T10:42:25Z,MLOps: Sentiment Enrichment,COMPLETED,7.195,21,1
2026-05-19T10:42:32Z,MLOps: Vector Indexing,COMPLETED,8.044,21,1
2026-05-19T11:42:25Z,MLOps: Sentiment Enrichment,COMPLETED,8.193,39,1
2026-05-19T11:42:33Z,MLOps: Vector Indexing,COMPLETED,8.152,39,1
2026-05-19T12:42:26Z,MLOps: Sentiment Enrichment,COMPLETED,7.564,24,1
2026-05-19T12:42:34Z,MLOps: Vector Indexing,COMPLETED,8.273,24,1
2026-05-19T13:42:24Z,MLOps: Sentiment Enrichment,COMPLETED,8.310,41,1
2026-05-19T13:42:33Z,MLOps: Vector Indexing,COMPLETED,8.462,41,1
2026-05-19T14:42:25Z,MLOps: Sentiment Enrichment,COMPLETED,7.629,29,1
2026-05-19T14:42:32Z,MLOps: Vector Indexing,COMPLETED,8.370,29,1
2026-05-19T15:42:25Z,MLOps: Sentiment Enrichment,COMPLETED,7.282,21,1
2026-05-19T15:42:32Z,MLOps: Vector Indexing,COMPLETED,8.511,21,1
2026-05-19T16:42:25Z,MLOps: Sentiment Enrichment,COMPLETED,7.121,16,1
2026-05-19T16:42:32Z,MLOps: Vector Indexing,COMPLETED,8.211,16,1
2026-05-19T17:42:24Z,MLOps: Sentiment Enrichment,COMPLETED,6.819,12,1
2026-05-19T17:42:31Z,MLOps: Vector Indexing,COMPLETED,8.463,12,1
2026-05-19T18:42:25Z,MLOps: Sentiment Enrichment,COMPLETED,6.618,6,1
2026-05-19T18:42:31Z,MLOps: Vector Indexing,COMPLETED,8.411,6,1
2026-05-19T19:42:24Z,MLOps: Sentiment Enrichment,COMPLETED,6.987,16,1
2026-05-19T19:42:31Z,MLOps: Vector Indexing,COMPLETED,8.362,16,1
2026-05-19T20:42:25Z,MLOps: Sentiment Enrichment,COMPLETED,6.854,13,1
2026-05-19T20:42:32Z,MLOps: Vector Indexing,COMPLETED,8.275,13,1
2026-05-19T21:42:24Z,MLOps: Sentiment Enrichment,COMPLETED,7.094,15,1
2026-05-19T21:42:32Z,MLOps: Vector Indexing,COMPLETED,8.122,15,1
2026-05-19T22:42:24Z,MLOps: Sentiment Enrichment,COMPLETED,8.249,24,1
2026-05-19T22:42:32Z,MLOps: Vector Indexing,COMPLETED,10.548,24,1
2026-05-19T23:42:24Z,MLOps: Sentiment Enrichment,COMPLETED,6.807,15,1
2026-05-19T23:42:31Z,MLOps: Vector Indexing,COMPLETED,8.144,15,1
2026-05-20T00:42:24Z,MLOps: Sentiment Enrichment,COMPLETED,6.626,10,1
2026-05-20T00:42:31Z,MLOps: Vector Indexing,COMPLETED,8.088,10,1
2026-05-20T01:42:25Z,MLOps: Sentiment Enrichment,COMPLETED,6.827,14,1
2026-05-20T01:42:31Z,MLOps: Vector Indexing,COMPLETED,8.128,14,1
2026-05-20T02:42:25Z,MLOps: Sentiment Enrichment,COMPLETED,7.322,10,1
2026-05-20T02:42:32Z,MLOps: Vector Indexing,COMPLETED,10.421,10,1
2026-05-20T03:42:25Z,MLOps: Sentiment Enrichment,COMPLETED,6.843,12,1
2026-05-20T03:42:31Z,MLOps: Vector Indexing,COMPLETED,8.428,12,1
2026-05-20T04:42:25Z,MLOps: Sentiment Enrichment,COMPLETED,7.166,19,1
2026-05-20T04:42:32Z,MLOps: Vector Indexing,COMPLETED,8.438,19,1
2026-05-20T05:42:24Z,MLOps: Sentiment Enrichment,COMPLETED,8.078,33,1
2026-05-20T05:42:33Z,MLOps: Vector Indexing,COMPLETED,8.317,33,1
2026-05-20T06:42:25Z,MLOps: Sentiment Enrichment,COMPLETED,7.047,17,1
2026-05-20T06:42:32Z,MLOps: Vector Indexing,COMPLETED,8.534,17,1
2026-05-20T07:42:25Z,MLOps: Sentiment Enrichment,COMPLETED,8.526,33,1
2026-05-20T07:42:33Z,MLOps: Vector Indexing,COMPLETED,8.359,33,1
2026-05-20T08:42:24Z,MLOps: Sentiment Enrichment,COMPLETED,8.219,36,1
2026-05-20T08:42:33Z,MLOps: Vector Indexing,COMPLETED,8.461,36,1
2026-05-20T09:42:26Z,MLOps: Sentiment Enrichment,COMPLETED,7.401,24,1
2026-05-20T09:42:33Z,MLOps: Vector Indexing,COMPLETED,8.375,24,1
2026-05-20T10:42:25Z,MLOps: Sentiment Enrichment,COMPLETED,8.061,25,1
2026-05-20T10:42:33Z,MLOps: Vector Indexing,COMPLETED,8.307,25,1
2026-05-20T11:42:24Z,MLOps: Sentiment Enrichment,COMPLETED,7.224,22,1
2026-05-20T11:42:32Z,MLOps: Vector Indexing,COMPLETED,8.219,22,1
2026-05-20T12:42:25Z,MLOps: Sentiment Enrichment,COMPLETED,8.589,42,1
2026-05-20T12:42:33Z,MLOps: Vector Indexing,COMPLETED,8.479,42,1
2026-05-20T13:42:25Z,MLOps: Sentiment Enrichment,COMPLETED,8.474,38,1
2026-05-20T13:42:33Z,MLOps: Vector Indexing,COMPLETED,8.263,38,1
2026-05-20T14:42:25Z,MLOps: Sentiment Enrichment,COMPLETED,7.997,28,1
2026-05-20T14:42:33Z,MLOps: Vector Indexing,COMPLETED,8.568,28,1
2026-05-20T15:42:24Z,MLOps: Sentiment Enrichment,COMPLETED,7.575,21,1
2026-05-20T15:42:32Z,MLOps: Vector Indexing,COMPLETED,8.274,21,1
2026-05-20T16:42:25Z,MLOps: Sentiment Enrichment,COMPLETED,7.365,22,1
2026-05-20T16:42:32Z,MLOps: Vector Indexing,COMPLETED,8.389,22,1
2026-05-20T17:42:24Z,MLOps: Sentiment Enrichment,COMPLETED,8.289,39,1
2026-05-20T17:42:33Z,MLOps: Vector Indexing,COMPLETED,8.398,39,1
2026-05-20T18:42:24Z,MLOps: Sentiment Enrichment,COMPLETED,6.810,11,1
2026-05-20T18:42:31Z,MLOps: Vector Indexing,COMPLETED,8.362,11,1
2026-05-20T19:42:24Z,MLOps: Sentiment Enrichment,COMPLETED,7.001,14,1
2026-05-20T19:42:31Z,MLOps: Vector Indexing,COMPLETED,8.181,14,1
2026-05-20T20:42:25Z,MLOps: Sentiment Enrichment,COMPLETED,6.858,15,1
2026-05-20T20:42:32Z,MLOps: Vector Indexing,COMPLETED,8.132,15,1
2026-05-20T21:42:25Z,MLOps: Sentiment Enrichment,COMPLETED,7.190,15,1
2026-05-20T21:42:32Z,MLOps: Vector Indexing,COMPLETED,8.334,15,1
2026-05-20T22:42:24Z,MLOps: Sentiment Enrichment,COMPLETED,6.936,17,1
2026-05-20T22:42:31Z,MLOps: Vector Indexing,COMPLETED,8.279,17,1
2026-05-20T23:42:25Z,MLOps: Sentiment Enrichment,COMPLETED,7.148,19,1
2026-05-20T23:42:32Z,MLOps: Vector Indexing,COMPLETED,8.410,19,1
2026-05-21T00:42:24Z,MLOps: Sentiment Enrichment,COMPLETED,6.740,9,1
2026-05-21T00:42:31Z,MLOps: Vector Indexing,COMPLETED,8.368,9,1
2026-05-21T01:42:25Z,MLOps: Sentiment Enrichment,COMPLETED,6.987,13,1
2026-05-21T01:42:32Z,MLOps: Vector Indexing,COMPLETED,8.276,13,1
2026-05-21T02:42:24Z,MLOps: Sentiment Enrichment,COMPLETED,6.673,8,1
2026-05-21T02:42:31Z,MLOps: Vector Indexing,COMPLETED,8.212,8,1
2026-05-21T03:42:25Z,MLOps: Sentiment Enrichment,COMPLETED,6.876,10,1
2026-05-21T03:42:32Z,MLOps: Vector Indexing,COMPLETED,8.204,10,1
2026-05-21T04:42:24Z,MLOps: Sentiment Enrichment,COMPLETED,7.774,30,1
2026-05-21T04:42:32Z,MLOps: Vector Indexing,COMPLETED,8.307,30,1
2026-05-21T05:42:24Z,MLOps: Sentiment Enrichment,COMPLETED,7.216,16,1
2026-05-21T05:42:32Z,MLOps: Vector Indexing,COMPLETED,8.232,16,1
2026-05-21T06:42:25Z,MLOps: Sentiment Enrichment,COMPLETED,7.634,28,1
2026-05-21T06:42:32Z,MLOps: Vector Indexing,COMPLETED,8.329,28,1
2026-05-21T07:42:24Z,MLOps: Sentiment Enrichment,COMPLETED,7.201,19,1
2026-05-21T07:42:32Z,MLOps: Vector Indexing,COMPLETED,8.265,19,1
2026-05-21T08:42:25Z,MLOps: Sentiment Enrichment,COMPLETED,7.460,22,1
2026-05-21T08:42:32Z,MLOps: Vector Indexing,COMPLETED,8.187,22,1
2026-05-21T09:42:25Z,MLOps: Sentiment Enrichment,COMPLETED,7.415,25,1
2026-05-21T09:42:32Z,MLOps: Vector Indexing,COMPLETED,8.416,25,1
2026-05-21T10:42:25Z,MLOps: Sentiment Enrichment,COMPLETED,7.165,17,1
2026-05-21T10:42:32Z,MLOps: Vector Indexing,COMPLETED,8.510,17,1
2026-05-21T11:42:26Z,MLOps: Sentiment Enrichment,COMPLETED,7.702,17,1
2026-05-21T11:42:34Z,MLOps: Vector Indexing,COMPLETED,8.650,17,1
2026-05-21T12:42:25Z,MLOps: Sentiment Enrichment,COMPLETED,8.060,27,1
2026-05-21T12:42:33Z,MLOps: Vector Indexing,COMPLETED,8.453,27,1
2026-05-21T13:42:25Z,MLOps: Sentiment Enrichment,COMPLETED,8.562,41,1
2026-05-21T13:42:33Z,MLOps: Vector Indexing,COMPLETED,8.558,41,1
2026-05-21T14:42:24Z,MLOps: Sentiment Enrichment,COMPLETED,7.711,26,1
2026-05-21T14:42:32Z,MLOps: Vector Indexing,COMPLETED,8.469,26,1
2026-05-21T15:42:25Z,MLOps: Sentiment Enrichment,COMPLETED,7.683,25,1
2026-05-21T15:42:32Z,MLOps: Vector Indexing,COMPLETED,8.478,25,1
2026-05-21T16:42:24Z,MLOps: Sentiment Enrichment,COMPLETED,7.778,31,1
2026-05-21T16:42:32Z,MLOps: Vector Indexing,COMPLETED,8.516,31,1
2026-05-21T17:42:24Z,MLOps: Sentiment Enrichment,COMPLETED,7.196,17,1
2026-05-21T17:42:31Z,MLOps: Vector Indexing,COMPLETED,8.244,17,1
2026-05-21T18:42:25Z,MLOps: Sentiment Enrichment,COMPLETED,7.864,29,1
2026-05-21T18:42:33Z,MLOps: Vector Indexing,COMPLETED,8.288,29,1
2026-05-21T19:42:25Z,MLOps: Sentiment Enrichment,COMPLETED,6.947,19,1
2026-05-21T19:42:32Z,MLOps: Vector Indexing,COMPLETED,8.115,19,1
2026-05-21T20:42:27Z,MLOps: Sentiment Enrichment,COMPLETED,7.236,18,1
2026-05-21T20:42:34Z,MLOps: Vector Indexing,COMPLETED,8.244,18,1
2026-05-21T21:42:24Z,MLOps: Sentiment Enrichment,COMPLETED,7.057,19,1
2026-05-21T21:42:31Z,MLOps: Vector Indexing,COMPLETED,8.040,19,1
2026-05-21T22:42:25Z,MLOps: Sentiment Enrichment,COMPLETED,6.850,15,1
2026-05-21T22:42:32Z,MLOps: Vector Indexing,COMPLETED,8.170,15,1
2026-05-21T23:42:25Z,MLOps: Sentiment Enrichment,COMPLETED,6.740,13,1
2026-05-21T23:42:32Z,MLOps: Vector Indexing,COMPLETED,8.470,13,1
2026-05-22T00:42:24Z,MLOps: Sentiment Enrichment,COMPLETED,7.117,17,1
2026-05-22T00:42:32Z,MLOps: Vector Indexing,COMPLETED,8.148,17,1
2026-05-22T01:42:24Z,MLOps: Sentiment Enrichment,COMPLETED,6.467,6,1
2026-05-22T01:42:31Z,MLOps: Vector Indexing,COMPLETED,8.207,6,1
2026-05-22T02:42:24Z,MLOps: Sentiment Enrichment,COMPLETED,6.804,10,1
2026-05-22T02:42:31Z,MLOps: Vector Indexing,COMPLETED,8.566,10,1
2026-05-22T03:42:25Z,MLOps: Sentiment Enrichment,COMPLETED,6.704,7,1
2026-05-22T03:42:32Z,MLOps: Vector Indexing,COMPLETED,8.405,7,1
2026-05-22T04:42:27Z,MLOps: Sentiment Enrichment,COMPLETED,7.175,14,1
2026-05-22T04:42:34Z,MLOps: Vector Indexing,COMPLETED,8.219,14,1
2026-05-22T05:42:24Z,MLOps: Sentiment Enrichment,COMPLETED,8.529,38,1
2026-05-22T05:42:33Z,MLOps: Vector Indexing,COMPLETED,8.407,38,1
2026-05-22T06:42:25Z,MLOps: Sentiment Enrichment,COMPLETED,8.393,37,1
2026-05-22T06:42:33Z,MLOps: Vector Indexing,COMPLETED,8.357,37,1
2026-05-22T07:42:25Z,MLOps: Sentiment Enrichment,COMPLETED,7.335,21,1
2026-05-22T07:42:32Z,MLOps: Vector Indexing,COMPLETED,8.573,21,1
2026-05-22T08:42:24Z,MLOps: Sentiment Enrichment,COMPLETED,8.835,41,1
2026-05-22T08:42:33Z,MLOps: Vector Indexing,COMPLETED,8.637,41,1
2026-05-22T09:42:25Z,MLOps: Sentiment Enrichment,COMPLETED,7.977,31,1
2026-05-22T09:42:33Z,MLOps: Vector Indexing,COMPLETED,8.463,31,1
2026-05-22T10:42:24Z,MLOps: Sentiment Enrichment,COMPLETED,7.950,24,1
2026-05-22T10:42:32Z,MLOps: Vector Indexing,COMPLETED,8.406,24,1
2026-05-22T11:42:24Z,MLOps: Sentiment Enrichment,COMPLETED,7.453,19,1
2026-05-22T11:42:32Z,MLOps: Vector Indexing,COMPLETED,8.740,19,1
2026-05-22T12:42:25Z,MLOps: Sentiment Enrichment,COMPLETED,7.861,26,1
2026-05-22T12:42:33Z,MLOps: Vector Indexing,COMPLETED,8.711,26,1
2026-05-22T13:42:25Z,MLOps: Sentiment Enrichment,COMPLETED,6.881,14,1
2026-05-22T13:42:32Z,MLOps: Vector Indexing,COMPLETED,8.320,14,1
2026-05-22T14:42:24Z,MLOps: Sentiment Enrichment,COMPLETED,7.828,23,1
2026-05-22T14:42:32Z,MLOps: Vector Indexing,COMPLETED,8.596,23,1
2026-05-22T15:42:24Z,MLOps: Sentiment Enrichment,COMPLETED,8.318,36,1
2026-05-22T15:42:32Z,MLOps: Vector Indexing,COMPLETED,9.166,36,1
2026-05-22T16:42:25Z,MLOps: Sentiment Enrichment,COMPLETED,7.422,24,1
2026-05-22T16:42:32Z,MLOps: Vector Indexing,COMPLETED,8.328,24,1
2026-05-22T17:42:24Z,MLOps: Sentiment Enrichment,COMPLETED,7.710,31,1
2026-05-22T17:42:32Z,MLOps: Vector Indexing,COMPLETED,8.243,31,1
2026-05-22T18:42:24Z,MLOps: Sentiment Enrichment,COMPLETED,8.462,40,1
2026-05-22T18:42:33Z,MLOps: Vector Indexing,COMPLETED,8.162,40,1
2026-05-22T19:42:25Z,MLOps: Sentiment Enrichment,COMPLETED,7.490,24,1
2026-05-22T19:42:32Z,MLOps: Vector Indexing,COMPLETED,8.223,24,1
2026-05-22T20:42:24Z,MLOps: Sentiment Enrichment,COMPLETED,7.445,27,1
2026-05-22T20:42:32Z,MLOps: Vector Indexing,COMPLETED,8.284,27,1
2026-05-22T21:42:25Z,MLOps: Sentiment Enrichment,COMPLETED,7.070,16,1
2026-05-22T21:42:32Z,MLOps: Vector Indexing,COMPLETED,8.256,16,1
2026-05-22T22:42:25Z,MLOps: Sentiment Enrichment,COMPLETED,6.814,13,1
2026-05-22T22:42:31Z,MLOps: Vector Indexing,COMPLETED,8.174,13,1
2026-05-22T23:42:26Z,MLOps: Sentiment Enrichment,COMPLETED,6.736,15,1
2026-05-22T23:42:33Z,MLOps: Vector Indexing,COMPLETED,8.134,15,1
2026-05-23T00:42:24Z,MLOps: Sentiment Enrichment,COMPLETED,7.872,29,1
2026-05-23T00:42:32Z,MLOps: Vector Indexing,COMPLETED,8.165,29,1
2026-05-23T01:42:25Z,MLOps: Sentiment Enrichment,COMPLETED,7.992,33,1
2026-05-23T01:42:33Z,MLOps: Vector Indexing,COMPLETED,8.281,33,1
2026-05-23T02:42:25Z,MLOps: Sentiment Enrichment,COMPLETED,7.766,33,1
2026-05-23T02:42:32Z,MLOps: Vector Indexing,COMPLETED,8.209,33,1
2026-05-23T03:42:24Z,MLOps: Sentiment Enrichment,COMPLETED,6.901,12,1
2026-05-23T03:42:31Z,MLOps: Vector Indexing,COMPLETED,8.213,12,1
2026-05-23T04:42:24Z,MLOps: Sentiment Enrichment,COMPLETED,6.612,3,1
2026-05-23T04:42:31Z,MLOps: Vector Indexing,COMPLETED,8.067,3,1
2026-05-23T05:42:24Z,MLOps: Sentiment Enrichment,COMPLETED,7.396,20,1
2026-05-23T05:42:32Z,MLOps: Vector Indexing,COMPLETED,8.488,20,1
2026-05-23T06:42:24Z,MLOps: Sentiment Enrichment,COMPLETED,7.104,15,1
2026-05-23T06:42:31Z,MLOps: Vector Indexing,COMPLETED,8.294,15,1
2026-05-23T07:42:25Z,MLOps: Sentiment Enrichment,COMPLETED,7.197,18,1
2026-05-23T07:42:32Z,MLOps: Vector Indexing,COMPLETED,8.264,18,1
2026-05-23T08:42:24Z,MLOps: Sentiment Enrichment,COMPLETED,7.227,16,1
2026-05-23T08:42:32Z,MLOps: Vector Indexing,COMPLETED,8.241,16,1
2026-05-23T09:42:24Z,MLOps: Sentiment Enrichment,COMPLETED,7.062,7,1
2026-05-23T09:42:31Z,MLOps: Vector Indexing,COMPLETED,8.416,7,1
2026-05-23T10:42:24Z,MLOps: Sentiment Enrichment,COMPLETED,6.600,11,1
2026-05-23T10:42:31Z,MLOps: Vector Indexing,COMPLETED,8.478,11,1
2026-05-23T11:42:24Z,MLOps: Sentiment Enrichment,COMPLETED,7.382,20,1
2026-05-23T11:42:32Z,MLOps: Vector Indexing,COMPLETED,8.566,20,1
2026-05-23T12:42:24Z,MLOps: Sentiment Enrichment,COMPLETED,7.720,27,1
2026-05-23T12:42:32Z,MLOps: Vector Indexing,COMPLETED,8.514,27,1
2026-05-23T13:42:25Z,MLOps: Sentiment Enrichment,COMPLETED,7.806,27,1
2026-05-23T13:42:33Z,MLOps: Vector Indexing,COMPLETED,8.317,27,1
2026-05-23T14:42:24Z,MLOps: Sentiment Enrichment,COMPLETED,6.514,8,1
2026-05-23T14:42:31Z,MLOps: Vector Indexing,COMPLETED,8.264,8,1
2026-05-23T15:42:25Z,MLOps: Sentiment Enrichment,COMPLETED,7.146,19,1
2026-05-23T15:42:32Z,MLOps: Vector Indexing,COMPLETED,8.106,19,1
2026-05-23T16:42:24Z,MLOps: Sentiment Enrichment,COMPLETED,6.575,9,1
2026-05-23T16:42:31Z,MLOps: Vector Indexing,COMPLETED,8.049,9,1
2026-05-23T17:42:25Z,MLOps: Sentiment Enrichment,COMPLETED,6.445,5,1
2026-05-23T17:42:31Z,MLOps: Vector Indexing,COMPLETED,8.055,5,1
2026-05-23T18:42:25Z,MLOps: Sentiment Enrichment,COMPLETED,6.448,7,1
2026-05-23T18:42:31Z,MLOps: Vector Indexing,COMPLETED,8.209,7,1
2026-05-23T19:42:25Z,MLOps: Sentiment Enrichment,COMPLETED,6.496,5,1
2026-05-23T19:42:31Z,MLOps: Vector Indexing,COMPLETED,8.196,5,1
2026-05-23T20:42:25Z,MLOps: Sentiment Enrichment,COMPLETED,6.502,7,1
2026-05-23T20:42:31Z,MLOps: Vector Indexing,COMPLETED,8.349,7,1
2026-05-23T21:42:25Z,MLOps: Sentiment Enrichment,COMPLETED,7.098,17,1
2026-05-23T21:42:32Z,MLOps: Vector Indexing,COMPLETED,8.210,17,1
2026-05-23T22:42:24Z,MLOps: Sentiment Enrichment,COMPLETED,6.434,5,1
2026-05-23T22:42:31Z,MLOps: Vector Indexing,COMPLETED,8.138,5,1
2026-05-23T23:42:25Z,MLOps: Sentiment Enrichment,COMPLETED,7.120,17,1
2026-05-23T23:42:32Z,MLOps: Vector Indexing,COMPLETED,8.018,17,1
2026-05-24T00:42:24Z,MLOps: Sentiment Enrichment,COMPLETED,6.694,11,1
2026-05-24T00:42:31Z,MLOps: Vector Indexing,COMPLETED,8.193,11,1
2026-05-24T01:42:25Z,MLOps: Sentiment Enrichment,COMPLETED,8.205,34,1
2026-05-24T01:42:33Z,MLOps: Vector Indexing,COMPLETED,8.279,34,1
2026-05-24T02:42:24Z,MLOps: Sentiment Enrichment,COMPLETED,7.183,17,1
2026-05-24T02:42:31Z,MLOps: Vector Indexing,COMPLETED,8.176,17,1
2026-05-24T03:42:25Z,MLOps: Sentiment Enrichment,COMPLETED,7.112,17,1
2026-05-24T03:42:32Z,MLOps: Vector Indexing,COMPLETED,8.262,17,1
2026-05-24T04:42:25Z,MLOps: Sentiment Enrichment,COMPLETED,6.822,15,1
2026-05-24T04:42:31Z,MLOps: Vector Indexing,COMPLETED,8.297,15,1
2026-05-24T05:42:24Z,MLOps: Sentiment Enrichment,COMPLETED,6.583,10,1
2026-05-24T05:42:31Z,MLOps: Vector Indexing,COMPLETED,8.276,10,1
2026-05-24T06:42:24Z,MLOps: Sentiment Enrichment,COMPLETED,7.222,19,1
2026-05-24T06:42:31Z,MLOps: Vector Indexing,COMPLETED,8.217,19,1
2026-05-24T07:42:25Z,MLOps: Sentiment Enrichment,COMPLETED,7.264,20,1
2026-05-24T07:42:32Z,MLOps: Vector Indexing,COMPLETED,8.215,20,1
2026-05-24T08:42:25Z,MLOps: Sentiment Enrichment,COMPLETED,6.802,10,1
2026-05-24T08:42:32Z,MLOps: Vector Indexing,COMPLETED,8.344,10,1
2026-05-24T09:42:25Z,MLOps: Sentiment Enrichment,COMPLETED,7.394,28,1
2026-05-24T09:42:33Z,MLOps: Vector Indexing,COMPLETED,8.327,28,1
2026-05-24T10:42:25Z,MLOps: Sentiment Enrichment,COMPLETED,6.678,11,1
2026-05-24T10:42:32Z,MLOps: Vector Indexing,COMPLETED,8.216,11,1
2026-05-24T11:42:24Z,MLOps: Sentiment Enrichment,COMPLETED,7.129,17,1
2026-05-24T11:42:31Z,MLOps: Vector Indexing,COMPLETED,8.446,17,1
2026-05-24T12:42:24Z,MLOps: Sentiment Enrichment,COMPLETED,7.688,28,1
2026-05-24T12:42:32Z,MLOps: Vector Indexing,COMPLETED,8.243,28,1
2026-05-24T13:42:24Z,MLOps: Sentiment Enrichment,COMPLETED,6.670,8,1
2026-05-24T13:42:31Z,MLOps: Vector Indexing,COMPLETED,8.188,8,1
2026-05-24T14:42:25Z,MLOps: Sentiment Enrichment,COMPLETED,6.709,10,1
2026-05-24T14:42:31Z,MLOps: Vector Indexing,COMPLETED,8.083,10,1
2026-05-24T15:42:27Z,MLOps: Sentiment Enrichment,COMPLETED,7.678,30,1
2026-05-24T15:42:34Z,MLOps: Vector Indexing,COMPLETED,8.055,30,1
2026-05-24T16:42:24Z,MLOps: Sentiment Enrichment,COMPLETED,6.600,10,1
2026-05-24T16:42:31Z,MLOps: Vector Indexing,COMPLETED,8.301,10,1
2026-05-24T17:42:25Z,MLOps: Sentiment Enrichment,COMPLETED,7.053,19,1
2026-05-24T17:42:32Z,MLOps: Vector Indexing,COMPLETED,8.156,19,1
2026-05-24T18:42:25Z,MLOps: Sentiment Enrichment,COMPLETED,7.196,16,1
2026-05-24T18:42:32Z,MLOps: Vector Indexing,COMPLETED,8.282,16,1
2026-05-24T19:42:25Z,MLOps: Sentiment Enrichment,COMPLETED,6.678,9,1
2026-05-24T19:42:32Z,MLOps: Vector Indexing,COMPLETED,8.150,9,1
2026-05-24T20:42:25Z,MLOps: Sentiment Enrichment,COMPLETED,6.540,8,1
2026-05-24T20:42:31Z,MLOps: Vector Indexing,COMPLETED,8.317,8,1
2026-05-24T21:42:24Z,MLOps: Sentiment Enrichment,COMPLETED,6.873,12,1
2026-05-24T21:42:31Z,MLOps: Vector Indexing,COMPLETED,8.167,12,1
2026-05-24T22:42:24Z,MLOps: Sentiment Enrichment,COMPLETED,7.490,26,1
2026-05-24T22:42:31Z,MLOps: Vector Indexing,COMPLETED,8.260,26,1
2026-05-24T23:42:25Z,MLOps: Sentiment Enrichment,COMPLETED,6.275,5,1
2026-05-24T23:42:31Z,MLOps: Vector Indexing,COMPLETED,7.977,5,1
2026-05-25T00:42:25Z,MLOps: Sentiment Enrichment,COMPLETED,6.530,8,1
2026-05-25T00:42:31Z,MLOps: Vector Indexing,COMPLETED,8.057,8,1
2026-05-25T01:42:24Z,MLOps: Sentiment Enrichment,COMPLETED,6.482,9,1
2026-05-25T01:42:31Z,MLOps: Vector Indexing,COMPLETED,8.040,9,1
2026-05-25T02:42:25Z,MLOps: Sentiment Enrichment,COMPLETED,6.409,7,1
2026-05-25T02:42:31Z,MLOps: Vector Indexing,COMPLETED,8.198,7,1
2026-05-25T03:42:25Z,MLOps: Sentiment Enrichment,COMPLETED,6.593,10,1
2026-05-25T03:42:31Z,MLOps: Vector Indexing,COMPLETED,8.068,10,1
2026-05-25T04:42:25Z,MLOps: Sentiment Enrichment,COMPLETED,6.428,6,1
2026-05-25T04:42:31Z,MLOps: Vector Indexing,COMPLETED,8.074,6,1
2026-05-25T05:42:24Z,MLOps: Sentiment Enrichment,COMPLETED,6.429,6,1
2026-05-25T05:42:31Z,MLOps: Vector Indexing,COMPLETED,8.103,6,1
2026-05-25T06:42:25Z,MLOps: Sentiment Enrichment,COMPLETED,6.797,16,1
2026-05-25T06:42:32Z,MLOps: Vector Indexing,COMPLETED,8.231,16,1
2026-05-25T07:42:24Z,MLOps: Sentiment Enrichment,COMPLETED,6.304,3,1
2026-05-25T07:42:31Z,MLOps: Vector Indexing,COMPLETED,7.994,3,1
2026-05-25T08:42:25Z,MLOps: Sentiment Enrichment,COMPLETED,6.632,9,1
2026-05-25T08:42:31Z,MLOps: Vector Indexing,COMPLETED,8.221,9,1
2026-05-25T09:42:24Z,MLOps: Sentiment Enrichment,COMPLETED,6.775,13,1
2026-05-25T09:42:31Z,MLOps: Vector Indexing,COMPLETED,8.160,13,1
2026-05-25T10:42:24Z,MLOps: Sentiment Enrichment,COMPLETED,9.315,23,1
2026-05-25T10:42:34Z,MLOps: Vector Indexing,COMPLETED,8.256,23,1
2026-05-25T11:42:24Z,MLOps: Sentiment Enrichment,COMPLETED,7.100,18,1
2026-05-25T11:42:31Z,MLOps: Vector Indexing,COMPLETED,8.185,18,1
2026-05-25T12:42:25Z,MLOps: Sentiment Enrichment,COMPLETED,7.291,22,1
2026-05-25T12:42:32Z,MLOps: Vector Indexing,COMPLETED,8.264,22,1
2026-05-25T13:42:24Z,MLOps: Sentiment Enrichment,COMPLETED,7.289,26,1
2026-05-25T13:42:32Z,MLOps: Vector Indexing,COMPLETED,8.189,26,1
2026-05-25T14:42:24Z,MLOps: Sentiment Enrichment,COMPLETED,6.698,11,1
2026-05-25T14:42:31Z,MLOps: Vector Indexing,COMPLETED,8.146,11,1
2026-05-25T15:42:24Z,MLOps: Sentiment Enrichment,COMPLETED,7.077,16,1
2026-05-25T15:42:31Z,MLOps: Vector Indexing,COMPLETED,8.320,16,1
2026-05-25T16:42:25Z,MLOps: Sentiment Enrichment,COMPLETED,7.195,21,1
2026-05-25T16:42:32Z,MLOps: Vector Indexing,COMPLETED,8.228,21,1
2026-05-25T17:42:24Z,MLOps: Sentiment Enrichment,COMPLETED,7.167,20,1
2026-05-25T17:42:31Z,MLOps: Vector Indexing,COMPLETED,8.159,20,1
2026-05-25T18:42:25Z,MLOps: Sentiment Enrichment,COMPLETED,8.245,32,1
2026-05-25T18:42:33Z,MLOps: Vector Indexing,COMPLETED,8.302,32,1
2026-05-25T19:42:24Z,MLOps: Sentiment Enrichment,COMPLETED,6.791,11,1
2026-05-25T19:42:31Z,MLOps: Vector Indexing,COMPLETED,8.136,11,1
2026-05-25T20:42:25Z,MLOps: Sentiment Enrichment,COMPLETED,7.161,20,1
2026-05-25T20:42:32Z,MLOps: Vector Indexing,COMPLETED,8.208,20,1
2026-05-25T21:42:25Z,MLOps: Sentiment Enrichment,COMPLETED,6.576,10,1
2026-05-25T21:42:31Z,MLOps: Vector Indexing,COMPLETED,8.229,10,1
2026-05-25T22:42:24Z,MLOps: Sentiment Enrichment,COMPLETED,6.933,13,1
2026-05-25T22:42:31Z,MLOps: Vector Indexing,COMPLETED,8.349,13,1
2026-05-25T23:42:25Z,MLOps: Sentiment Enrichment,COMPLETED,6.673,11,1
2026-05-25T23:42:32Z,MLOps: Vector Indexing,COMPLETED,8.131,11,1
2026-05-26T00:42:25Z,MLOps: Sentiment Enrichment,COMPLETED,6.458,3,1
2026-05-26T00:42:31Z,MLOps: Vector Indexing,COMPLETED,8.102,3,1
2026-05-26T01:42:24Z,MLOps: Sentiment Enrichment,COMPLETED,6.548,9,1
2026-05-26T01:42:31Z,MLOps: Vector Indexing,COMPLETED,8.021,9,1
2026-05-26T02:42:24Z,MLOps: Sentiment Enrichment,COMPLETED,6.360,4,1
2026-05-26T02:42:30Z,MLOps: Vector Indexing,COMPLETED,8.101,4,1
2026-05-26T03:42:25Z,MLOps: Sentiment Enrichment,COMPLETED,6.782,5,1
2026-05-26T03:42:31Z,MLOps: Vector Indexing,COMPLETED,8.096,5,1
2026-05-26T04:42:24Z,MLOps: Sentiment Enrichment,COMPLETED,6.299,4,1
2026-05-26T04:42:31Z,MLOps: Vector Indexing,COMPLETED,8.102,4,1
2026-05-26T05:42:25Z,MLOps: Sentiment Enrichment,COMPLETED,6.464,3,1
2026-05-26T05:42:32Z,MLOps: Vector Indexing,COMPLETED,8.335,3,1
2026-05-26T06:42:27Z,MLOps: Sentiment Enrichment,COMPLETED,6.481,5,1
2026-05-26T06:42:33Z,MLOps: Vector Indexing,COMPLETED,8.181,5,1
2026-05-26T07:42:24Z,MLOps: Sentiment Enrichment,COMPLETED,4.649,0,0
2026-05-26T07:42:29Z,MLOps: Vector Indexing,COMPLETED,1.490,0,0
2026-05-26T08:42:25Z,MLOps: Sentiment Enrichment,COMPLETED,6.109,2,1
2026-05-26T08:42:31Z,MLOps: Vector Indexing,COMPLETED,8.235,2,1
2026-05-26T09:42:24Z,MLOps: Sentiment Enrichment,COMPLETED,6.605,13,1
2026-05-26T09:42:31Z,MLOps: Vector Indexing,COMPLETED,8.116,13,1
2026-05-26T10:42:25Z,MLOps: Sentiment Enrichment,COMPLETED,7.126,24,1
2026-05-26T10:42:32Z,MLOps: Vector Indexing,COMPLETED,8.230,24,1
2026-05-26T11:42:24Z,MLOps: Sentiment Enrichment,COMPLETED,7.360,21,1
2026-05-26T11:42:32Z,MLOps: Vector Indexing,COMPLETED,8.281,21,1
2026-05-26T12:42:25Z,MLOps: Sentiment Enrichment,COMPLETED,8.405,42,1
2026-05-26T12:42:33Z,MLOps: Vector Indexing,COMPLETED,8.402,42,1
2026-05-26T13:42:26Z,MLOps: Sentiment Enrichment,COMPLETED,8.507,41,1
2026-05-26T13:42:34Z,MLOps: Vector Indexing,COMPLETED,8.375,41,1
2026-05-26T14:42:24Z,MLOps: Sentiment Enrichment,COMPLETED,7.598,29,1
2026-05-26T14:42:32Z,MLOps: Vector Indexing,COMPLETED,8.398,29,1
2026-05-26T15:42:24Z,MLOps: Sentiment Enrichment,COMPLETED,7.033,21,1
2026-05-26T15:42:31Z,MLOps: Vector Indexing,COMPLETED,8.058,21,1
2026-05-26T16:42:24Z,MLOps: Sentiment Enrichment,COMPLETED,7.393,22,1
2026-05-26T16:42:32Z,MLOps: Vector Indexing,COMPLETED,8.225,22,1
2026-05-26T17:42:24Z,MLOps: Sentiment Enrichment,COMPLETED,6.983,18,1
2026-05-26T17:42:31Z,MLOps: Vector Indexing,COMPLETED,8.129,18,1
2026-05-26T18:42:25Z,MLOps: Sentiment Enrichment,COMPLETED,7.160,17,1
2026-05-26T18:42:33Z,MLOps: Vector Indexing,COMPLETED,8.375,17,1
2026-05-26T19:42:24Z,MLOps: Sentiment Enrichment,COMPLETED,6.427,7,1
2026-05-26T19:42:30Z,MLOps: Vector Indexing,COMPLETED,8.149,7,1
2026-05-26T20:42:24Z,MLOps: Sentiment Enrichment,COMPLETED,6.693,11,1
2026-05-26T20:42:31Z,MLOps: Vector Indexing,COMPLETED,8.205,11,1
2026-05-26T21:42:25Z,MLOps: Sentiment Enrichment,COMPLETED,6.658,12,1
2026-05-26T21:42:31Z,MLOps: Vector Indexing,COMPLETED,8.130,12,1
2026-05-26T22:42:25Z,MLOps: Sentiment Enrichment,COMPLETED,7.155,21,1
2026-05-26T22:42:32Z,MLOps: Vector Indexing,COMPLETED,8.133,21,1
2026-05-26T23:42:24Z,MLOps: Sentiment Enrichment,COMPLETED,6.569,7,1
2026-05-26T23:42:31Z,MLOps: Vector Indexing,COMPLETED,8.042,7,1
2026-05-27T00:42:24Z,MLOps: Sentiment Enrichment,COMPLETED,6.540,8,1
2026-05-27T00:42:31Z,MLOps: Vector Indexing,COMPLETED,8.007,8,1
2026-05-27T01:42:24Z,MLOps: Sentiment Enrichment,COMPLETED,6.258,4,1
2026-05-27T01:42:31Z,MLOps: Vector Indexing,COMPLETED,8.148,4,1
2026-05-27T02:42:25Z,MLOps: Sentiment Enrichment,COMPLETED,6.809,10,1
2026-05-27T02:42:32Z,MLOps: Vector Indexing,COMPLETED,8.349,10,1
2026-05-27T03:42:24Z,MLOps: Sentiment Enrichment,COMPLETED,6.396,6,1
2026-05-27T03:42:31Z,MLOps: Vector Indexing,COMPLETED,8.172,6,1
2026-05-27T04:42:25Z,MLOps: Sentiment Enrichment,COMPLETED,7.637,18,1
2026-05-27T04:42:32Z,MLOps: Vector Indexing,COMPLETED,8.234,18,1
2026-05-27T05:42:24Z,MLOps: Sentiment Enrichment,COMPLETED,7.583,24,1
2026-05-27T05:42:32Z,MLOps: Vector Indexing,COMPLETED,8.242,24,1
2026-05-27T06:42:24Z,MLOps: Sentiment Enrichment,COMPLETED,7.980,33,1
2026-05-27T06:42:32Z,MLOps: Vector Indexing,COMPLETED,8.334,33,1
2026-05-27T07:42:25Z,MLOps: Sentiment Enrichment,COMPLETED,6.381,9,1
2026-05-27T07:42:31Z,MLOps: Vector Indexing,COMPLETED,8.188,9,1
2026-05-27T08:42:24Z,MLOps: Sentiment Enrichment,COMPLETED,7.976,29,1
2026-05-27T08:42:32Z,MLOps: Vector Indexing,COMPLETED,8.449,29,1
2026-05-27T09:42:25Z,MLOps: Sentiment Enrichment,COMPLETED,6.756,12,1
2026-05-27T09:42:32Z,MLOps: Vector Indexing,COMPLETED,8.155,12,1
2026-05-27T10:42:27Z,MLOps: Sentiment Enrichment,COMPLETED,7.390,22,1
2026-05-27T10:42:34Z,MLOps: Vector Indexing,COMPLETED,8.335,22,1
2026-05-27T11:42:25Z,MLOps: Sentiment Enrichment,COMPLETED,7.883,31,1
2026-05-27T11:42:33Z,MLOps: Vector Indexing,COMPLETED,8.330,31,1
2026-05-27T12:42:25Z,MLOps: Sentiment Enrichment,COMPLETED,7.287,22,1
2026-05-27T12:42:32Z,MLOps: Vector Indexing,COMPLETED,8.222,22,1
2026-05-27T13:42:24Z,MLOps: Sentiment Enrichment,COMPLETED,7.416,21,1
2026-05-27T13:42:32Z,MLOps: Vector Indexing,COMPLETED,8.318,21,1
2026-05-27T14:42:25Z,MLOps: Sentiment Enrichment,COMPLETED,7.234,19,1
2026-05-27T14:42:32Z,MLOps: Vector Indexing,COMPLETED,8.432,19,1
2026-05-27T15:42:25Z,MLOps: Sentiment Enrichment,COMPLETED,7.229,16,1
2026-05-27T15:42:32Z,MLOps: Vector Indexing,COMPLETED,8.292,16,1
2026-05-27T16:42:24Z,MLOps: Sentiment Enrichment,COMPLETED,7.037,18,1
2026-05-27T16:42:31Z,MLOps: Vector Indexing,COMPLETED,8.142,18,1
2026-05-27T17:42:24Z,MLOps: Sentiment Enrichment,COMPLETED,7.244,20,1
2026-05-27T17:42:31Z,MLOps: Vector Indexing,COMPLETED,8.374,20,1
2026-05-27T18:42:25Z,MLOps: Sentiment Enrichment,COMPLETED,6.885,13,1
2026-05-27T18:42:32Z,MLOps: Vector Indexing,COMPLETED,8.273,13,1
2026-05-27T19:42:24Z,MLOps: Sentiment Enrichment,COMPLETED,7.068,16,1
2026-05-27T19:42:31Z,MLOps: Vector Indexing,COMPLETED,8.204,16,1
2026-05-27T20:42:25Z,MLOps: Sentiment Enrichment,COMPLETED,6.655,12,1
2026-05-27T20:42:31Z,MLOps: Vector Indexing,COMPLETED,8.230,12,1
2026-05-27T21:42:24Z,MLOps: Sentiment Enrichment,COMPLETED,6.772,12,1
2026-05-27T21:42:31Z,MLOps: Vector Indexing,COMPLETED,8.097,12,1
2026-05-27T22:42:24Z,MLOps: Sentiment Enrichment,COMPLETED,7.080,21,1
2026-05-27T22:42:32Z,MLOps: Vector Indexing,COMPLETED,8.283,21,1
2026-05-27T23:42:24Z,MLOps: Sentiment Enrichment,COMPLETED,7.004,18,1
2026-05-27T23:42:32Z,MLOps: Vector Indexing,COMPLETED,8.278,18,1
2026-05-28T00:42:25Z,MLOps: Sentiment Enrichment,COMPLETED,7.540,26,1
2026-05-28T00:42:32Z,MLOps: Vector Indexing,COMPLETED,8.176,26,1
2026-05-28T01:42:24Z,MLOps: Sentiment Enrichment,COMPLETED,6.639,9,1
2026-05-28T01:42:31Z,MLOps: Vector Indexing,COMPLETED,8.135,9,1
2026-05-28T02:42:26Z,MLOps: Sentiment Enrichment,COMPLETED,6.426,7,1
2026-05-28T02:42:33Z,MLOps: Vector Indexing,COMPLETED,8.218,7,1
2026-05-28T03:42:25Z,MLOps: Sentiment Enrichment,COMPLETED,6.532,8,1
2026-05-28T03:42:31Z,MLOps: Vector Indexing,COMPLETED,8.139,8,1
2026-05-28T04:42:24Z,MLOps: Sentiment Enrichment,COMPLETED,7.373,22,1
2026-05-28T04:42:32Z,MLOps: Vector Indexing,COMPLETED,8.326,22,1
2026-05-28T05:42:26Z,MLOps: Sentiment Enrichment,COMPLETED,7.659,20,1
2026-05-28T05:42:34Z,MLOps: Vector Indexing,COMPLETED,8.387,20,1
2026-05-28T06:42:24Z,MLOps: Sentiment Enrichment,COMPLETED,7.435,24,1
2026-05-28T06:42:32Z,MLOps: Vector Indexing,COMPLETED,8.181,24,1
2026-05-28T07:42:25Z,MLOps: Sentiment Enrichment,COMPLETED,7.281,22,1
2026-05-28T07:42:32Z,MLOps: Vector Indexing,COMPLETED,9.379,22,1
2026-05-28T08:42:25Z,MLOps: Sentiment Enrichment,COMPLETED,7.775,23,1
2026-05-28T08:42:32Z,MLOps: Vector Indexing,COMPLETED,8.550,23,1
2026-05-28T09:42:24Z,MLOps: Sentiment Enrichment,COMPLETED,6.953,16,1
2026-05-28T09:42:31Z,MLOps: Vector Indexing,COMPLETED,8.351,16,1
2026-05-28T10:42:24Z,MLOps: Sentiment Enrichment,COMPLETED,6.915,11,1
2026-05-28T10:42:31Z,MLOps: Vector Indexing,COMPLETED,8.541,11,1
2026-05-28T11:42:24Z,MLOps: Sentiment Enrichment,COMPLETED,7.463,26,1
2026-05-28T11:42:32Z,MLOps: Vector Indexing,COMPLETED,8.799,26,1
2026-05-28T12:42:24Z,MLOps: Sentiment Enrichment,COMPLETED,7.987,25,1
2026-05-28T12:42:32Z,MLOps: Vector Indexing,COMPLETED,8.491,25,1
2026-05-28T13:42:24Z,MLOps: Sentiment Enrichment,COMPLETED,8.724,40,1
2026-05-28T13:42:33Z,MLOps: Vector Indexing,COMPLETED,8.423,40,1
2026-05-28T14:42:25Z,MLOps: Sentiment Enrichment,COMPLETED,8.506,34,1
2026-05-28T14:42:34Z,MLOps: Vector Indexing,COMPLETED,8.627,34,1
2026-05-28T15:42:24Z,MLOps: Sentiment Enrichment,COMPLETED,7.182,19,1
2026-05-28T15:42:31Z,MLOps: Vector Indexing,COMPLETED,8.209,19,1
2026-05-28T16:42:24Z,MLOps: Sentiment Enrichment,COMPLETED,6.995,20,1
2026-05-28T16:42:31Z,MLOps: Vector Indexing,COMPLETED,8.336,20,1
2026-05-28T17:42:25Z,MLOps: Sentiment Enrichment,COMPLETED,7.174,22,1
2026-05-28T17:42:32Z,MLOps: Vector Indexing,COMPLETED,8.242,22,1
2026-05-28T18:42:25Z,MLOps: Sentiment Enrichment,COMPLETED,8.856,22,1
2026-05-28T18:42:34Z,MLOps: Vector Indexing,COMPLETED,8.543,22,1
2026-05-28T19:42:27Z,MLOps: Sentiment Enrichment,COMPLETED,6.702,10,1
2026-05-28T19:42:33Z,MLOps: Vector Indexing,COMPLETED,8.231,10,1
2026-05-28T20:42:24Z,MLOps: Sentiment Enrichment,COMPLETED,7.153,16,1
2026-05-28T20:42:32Z,MLOps: Vector Indexing,COMPLETED,8.299,16,1
2026-05-28T21:42:26Z,MLOps: Sentiment Enrichment,COMPLETED,7.022,16,1
2026-05-28T21:42:33Z,MLOps: Vector Indexing,COMPLETED,8.162,16,1
2026-05-28T22:42:24Z,MLOps: Sentiment Enrichment,COMPLETED,6.842,15,1
2026-05-28T22:42:31Z,MLOps: Vector Indexing,COMPLETED,8.080,15,1
2026-05-28T23:42:25Z,MLOps: Sentiment Enrichment,COMPLETED,7.104,15,1
2026-05-28T23:42:32Z,MLOps: Vector Indexing,COMPLETED,8.057,15,1
2026-05-29T00:42:25Z,MLOps: Sentiment Enrichment,COMPLETED,6.451,7,1
2026-05-29T00:42:31Z,MLOps: Vector Indexing,COMPLETED,8.127,7,1
2026-05-29T01:42:25Z,MLOps: Sentiment Enrichment,COMPLETED,6.280,2,1
2026-05-29T01:42:31Z,MLOps: Vector Indexing,COMPLETED,8.104,2,1
2026-05-29T02:42:26Z,MLOps: Sentiment Enrichment,COMPLETED,6.503,7,1
2026-05-29T02:42:32Z,MLOps: Vector Indexing,COMPLETED,8.132,7,1
2026-05-29T03:42:24Z,MLOps: Sentiment Enrichment,COMPLETED,6.640,10,1
2026-05-29T03:42:31Z,MLOps: Vector Indexing,COMPLETED,8.182,10,1
2026-05-29T04:42:25Z,MLOps: Sentiment Enrichment,COMPLETED,7.496,21,1
2026-05-29T04:42:32Z,MLOps: Vector Indexing,COMPLETED,8.395,21,1
2026-05-29T05:42:24Z,MLOps: Sentiment Enrichment,COMPLETED,7.429,20,1
2026-05-29T05:42:32Z,MLOps: Vector Indexing,COMPLETED,8.268,20,1
2026-05-29T06:42:24Z,MLOps: Sentiment Enrichment,COMPLETED,7.755,24,1
2026-05-29T06:42:32Z,MLOps: Vector Indexing,COMPLETED,8.415,24,1
2026-05-29T07:42:27Z,MLOps: Sentiment Enrichment,COMPLETED,7.246,19,1
2026-05-29T07:42:34Z,MLOps: Vector Indexing,COMPLETED,8.180,19,1
2026-05-29T08:42:25Z,MLOps: Sentiment Enrichment,COMPLETED,7.830,32,1
2026-05-29T08:42:33Z,MLOps: Vector Indexing,COMPLETED,8.291,32,1
2026-05-29T09:42:24Z,MLOps: Sentiment Enrichment,COMPLETED,7.303,24,1
2026-05-29T09:42:31Z,MLOps: Vector Indexing,COMPLETED,8.336,24,1
2026-05-29T10:42:25Z,MLOps: Sentiment Enrichment,COMPLETED,7.865,28,1
2026-05-29T10:42:33Z,MLOps: Vector Indexing,COMPLETED,8.345,28,1
2026-05-29T11:42:24Z,MLOps: Sentiment Enrichment,COMPLETED,7.370,18,1
2026-05-29T11:42:31Z,MLOps: Vector Indexing,COMPLETED,8.333,18,1
2026-05-29T12:42:26Z,MLOps: Sentiment Enrichment,COMPLETED,7.219,19,1
2026-05-29T12:42:33Z,MLOps: Vector Indexing,COMPLETED,8.298,19,1
2026-05-29T13:42:24Z,MLOps: Sentiment Enrichment,COMPLETED,6.869,8,1
2026-05-29T13:42:31Z,MLOps: Vector Indexing,COMPLETED,8.404,8,1
2026-05-29T14:42:27Z,MLOps: Sentiment Enrichment,COMPLETED,6.968,17,1
2026-05-29T14:42:34Z,MLOps: Vector Indexing,COMPLETED,8.282,17,1
2026-05-29T15:42:25Z,MLOps: Sentiment Enrichment,COMPLETED,6.984,16,1
2026-05-29T15:42:32Z,MLOps: Vector Indexing,COMPLETED,18.284,16,1
2026-05-29T16:42:24Z,MLOps: Sentiment Enrichment,COMPLETED,6.976,15,1
2026-05-29T16:42:31Z,MLOps: Vector Indexing,COMPLETED,8.126,15,1
2026-05-29T17:42:26Z,MLOps: Sentiment Enrichment,COMPLETED,6.159,2,1
2026-05-29T17:42:32Z,MLOps: Vector Indexing,COMPLETED,8.209,2,1
2026-05-29T18:42:25Z,MLOps: Sentiment Enrichment,COMPLETED,7.084,16,1
2026-05-29T18:42:32Z,MLOps: Vector Indexing,COMPLETED,8.263,16,1
2026-05-29T19:42:24Z,MLOps: Sentiment Enrichment,COMPLETED,7.003,15,1
2026-05-29T19:42:31Z,MLOps: Vector Indexing,COMPLETED,8.288,15,1
2026-05-29T20:42:25Z,MLOps: Sentiment Enrichment,COMPLETED,8.304,37,1
2026-05-29T20:42:33Z,MLOps: Vector Indexing,COMPLETED,8.325,37,1
2026-05-29T21:42:25Z,MLOps: Sentiment Enrichment,COMPLETED,6.833,16,1
2026-05-29T21:42:32Z,MLOps: Vector Indexing,COMPLETED,7.999,16,1
2026-05-29T22:42:24Z,MLOps: Sentiment Enrichment,COMPLETED,6.690,11,1
2026-05-29T22:42:31Z,MLOps: Vector Indexing,COMPLETED,8.283,11,1
2026-05-29T23:42:27Z,MLOps: Sentiment Enrichment,COMPLETED,6.674,10,1
2026-05-29T23:42:33Z,MLOps: Vector Indexing,COMPLETED,8.266,10,1
2026-05-30T00:42:25Z,MLOps: Sentiment Enrichment,COMPLETED,6.827,19,1
2026-05-30T00:42:32Z,MLOps: Vector Indexing,COMPLETED,8.129,19,1
2026-05-30T01:42:24Z,MLOps: Sentiment Enrichment,COMPLETED,7.251,24,1
2026-05-30T01:42:32Z,MLOps: Vector Indexing,COMPLETED,8.246,24,1
2026-05-30T02:42:25Z,MLOps: Sentiment Enrichment,COMPLETED,8.266,37,1
2026-05-30T02:42:33Z,MLOps: Vector Indexing,COMPLETED,8.394,37,1
2026-05-30T03:42:24Z,MLOps: Sentiment Enrichment,COMPLETED,7.325,19,1
2026-05-30T03:42:32Z,MLOps: Vector Indexing,COMPLETED,8.279,19,1
2026-05-30T04:42:25Z,MLOps: Sentiment Enrichment,COMPLETED,6.828,11,1
2026-05-30T04:42:32Z,MLOps: Vector Indexing,COMPLETED,8.227,11,1
2026-05-30T05:42:25Z,MLOps: Sentiment Enrichment,COMPLETED,7.395,21,1
2026-05-30T05:42:32Z,MLOps: Vector Indexing,COMPLETED,8.240,21,1
2026-05-30T06:42:24Z,MLOps: Sentiment Enrichment,COMPLETED,8.011,30,1
2026-05-30T06:42:32Z,MLOps: Vector Indexing,COMPLETED,8.381,30,1
2026-05-30T07:42:25Z,MLOps: Sentiment Enrichment,COMPLETED,8.618,39,1
2026-05-30T07:42:34Z,MLOps: Vector Indexing,COMPLETED,8.386,39,1
2026-05-30T08:42:28Z,MLOps: Sentiment Enrichment,COMPLETED,7.342,23,1
2026-05-30T08:42:35Z,MLOps: Vector Indexing,COMPLETED,8.143,23,1
2026-05-30T09:42:24Z,MLOps: Sentiment Enrichment,COMPLETED,7.355,26,1
2026-05-30T09:42:32Z,MLOps: Vector Indexing,COMPLETED,8.310,26,1
2026-05-30T10:42:26Z,MLOps: Sentiment Enrichment,COMPLETED,7.526,28,1
2026-05-30T10:42:33Z,MLOps: Vector Indexing,COMPLETED,8.363,28,1
2026-05-30T11:42:25Z,MLOps: Sentiment Enrichment,COMPLETED,7.598,24,1
2026-05-30T11:42:32Z,MLOps: Vector Indexing,COMPLETED,8.447,24,1
2026-05-30T12:42:25Z,MLOps: Sentiment Enrichment,COMPLETED,7.914,29,1
2026-05-30T12:42:33Z,MLOps: Vector Indexing,COMPLETED,8.348,29,1
2026-05-30T13:42:26Z,MLOps: Sentiment Enrichment,COMPLETED,8.214,32,1
2026-05-30T13:42:35Z,MLOps: Vector Indexing,COMPLETED,8.381,32,1
2026-05-30T14:42:24Z,MLOps: Sentiment Enrichment,COMPLETED,7.179,18,1
2026-05-30T14:42:31Z,MLOps: Vector Indexing,COMPLETED,8.334,18,1
2026-05-30T15:42:24Z,MLOps: Sentiment Enrichment,COMPLETED,7.869,30,1
2026-05-30T15:42:32Z,MLOps: Vector Indexing,COMPLETED,8.289,30,1
2026-05-30T16:42:25Z,MLOps: Sentiment Enrichment,COMPLETED,7.853,29,1
2026-05-30T16:42:33Z,MLOps: Vector Indexing,COMPLETED,8.246,29,1
2026-05-30T17:42:25Z,MLOps: Sentiment Enrichment,COMPLETED,7.867,29,1
2026-05-30T17:42:33Z,MLOps: Vector Indexing,COMPLETED,8.371,29,1
2026-05-30T18:42:24Z,MLOps: Sentiment Enrichment,COMPLETED,6.499,10,1
2026-05-30T18:42:30Z,MLOps: Vector Indexing,COMPLETED,8.214,10,1
2026-05-30T19:42:25Z,MLOps: Sentiment Enrichment,COMPLETED,7.162,19,1
2026-05-30T19:42:32Z,MLOps: Vector Indexing,COMPLETED,8.151,19,1
2026-05-30T20:42:24Z,MLOps: Sentiment Enrichment,COMPLETED,6.972,18,1
2026-05-30T20:42:31Z,MLOps: Vector Indexing,COMPLETED,8.165,18,1
2026-05-30T21:42:24Z,MLOps: Sentiment Enrichment,COMPLETED,6.814,14,1
2026-05-30T21:42:31Z,MLOps: Vector Indexing,COMPLETED,8.020,14,1
2026-05-30T22:42:24Z,MLOps: Sentiment Enrichment,COMPLETED,6.472,9,1
2026-05-30T22:42:31Z,MLOps: Vector Indexing,COMPLETED,8.127,9,1
2026-05-30T23:42:24Z,MLOps: Sentiment Enrichment,COMPLETED,6.492,6,1
2026-05-30T23:42:30Z,MLOps: Vector Indexing,COMPLETED,8.129,6,1
2026-05-31T00:42:24Z,MLOps: Sentiment Enrichment,COMPLETED,7.537,27,1
2026-05-31T00:42:31Z,MLOps: Vector Indexing,COMPLETED,8.298,27,1
2026-05-31T01:42:25Z,MLOps: Sentiment Enrichment,COMPLETED,7.181,20,1
2026-05-31T01:42:33Z,MLOps: Vector Indexing,COMPLETED,8.244,20,1
2026-05-31T02:42:24Z,MLOps: Sentiment Enrichment,COMPLETED,6.920,14,1
2026-05-31T02:42:31Z,MLOps: Vector Indexing,COMPLETED,8.111,14,1
2026-05-31T03:42:24Z,MLOps: Sentiment Enrichment,COMPLETED,6.362,7,1
2026-05-31T03:42:30Z,MLOps: Vector Indexing,COMPLETED,8.057,7,1
2026-05-31T04:42:24Z,MLOps: Sentiment Enrichment,COMPLETED,6.671,10,1
2026-05-31T04:42:31Z,MLOps: Vector Indexing,COMPLETED,8.003,10,1
2026-05-31T05:42:27Z,MLOps: Sentiment Enrichment,COMPLETED,6.520,7,1
2026-05-31T05:42:33Z,MLOps: Vector Indexing,COMPLETED,8.328,7,1
2026-05-31T06:42:24Z,MLOps: Sentiment Enrichment,COMPLETED,7.205,15,1
2026-05-31T06:42:31Z,MLOps: Vector Indexing,COMPLETED,8.136,15,1
2026-05-31T07:42:24Z,MLOps: Sentiment Enrichment,COMPLETED,6.712,12,1
2026-05-31T07:42:31Z,MLOps: Vector Indexing,COMPLETED,8.191,12,1
2026-05-31T08:42:24Z,MLOps: Sentiment Enrichment,COMPLETED,6.444,8,1
2026-05-31T08:42:30Z,MLOps: Vector Indexing,COMPLETED,8.068,8,1
2026-05-31T09:42:24Z,MLOps: Sentiment Enrichment,COMPLETED,6.661,9,1
2026-05-31T09:42:31Z,MLOps: Vector Indexing,COMPLETED,8.128,9,1
2026-05-31T10:42:25Z,MLOps: Sentiment Enrichment,COMPLETED,7.053,15,1
2026-05-31T10:42:32Z,MLOps: Vector Indexing,COMPLETED,8.205,15,1
2026-05-31T11:42:25Z,MLOps: Sentiment Enrichment,COMPLETED,6.630,12,1
2026-05-31T11:42:32Z,MLOps: Vector Indexing,COMPLETED,8.125,12,1
2026-05-31T12:42:25Z,MLOps: Sentiment Enrichment,COMPLETED,6.661,10,1
2026-05-31T12:42:32Z,MLOps: Vector Indexing,COMPLETED,8.155,10,1
2026-05-31T13:42:25Z,MLOps: Sentiment Enrichment,COMPLETED,7.014,17,1
2026-05-31T13:42:32Z,MLOps: Vector Indexing,COMPLETED,8.321,17,1
2026-05-31T14:42:24Z,MLOps: Sentiment Enrichment,COMPLETED,7.032,16,1
2026-05-31T14:42:31Z,MLOps: Vector Indexing,COMPLETED,8.321,16,1
2026-05-31T15:42:25Z,MLOps: Sentiment Enrichment,COMPLETED,8.370,43,1
2026-05-31T15:42:33Z,MLOps: Vector Indexing,COMPLETED,8.361,43,1
2026-05-31T16:42:25Z,MLOps: Sentiment Enrichment,COMPLETED,6.536,8,1
2026-05-31T16:42:31Z,MLOps: Vector Indexing,COMPLETED,8.074,8,1
2026-05-31T17:42:24Z,MLOps: Sentiment Enrichment,COMPLETED,6.317,6,1
2026-05-31T17:42:30Z,MLOps: Vector Indexing,COMPLETED,8.125,6,1
2026-05-31T18:42:24Z,MLOps: Sentiment Enrichment,COMPLETED,6.428,6,1
2026-05-31T18:42:30Z,MLOps: Vector Indexing,COMPLETED,8.229,6,1
2026-05-31T19:42:24Z,MLOps: Sentiment Enrichment,COMPLETED,7.122,20,1
2026-05-31T19:42:31Z,MLOps: Vector Indexing,COMPLETED,8.226,20,1
2026-05-31T20:42:24Z,MLOps: Sentiment Enrichment,COMPLETED,6.994,16,1
2026-05-31T20:42:31Z,MLOps: Vector Indexing,COMPLETED,8.075,16,1
2026-05-31T21:42:24Z,MLOps: Sentiment Enrichment,COMPLETED,7.791,29,1
2026-05-31T21:42:32Z,MLOps: Vector Indexing,COMPLETED,8.268,29,1
2026-05-31T22:42:24Z,MLOps: Sentiment Enrichment,COMPLETED,7.271,21,1
2026-05-31T22:42:31Z,MLOps: Vector Indexing,COMPLETED,8.117,21,1
2026-05-31T23:42:24Z,MLOps: Sentiment Enrichment,COMPLETED,7.343,28,1
2026-05-31T23:42:31Z,MLOps: Vector Indexing,COMPLETED,8.157,28,1
2026-06-01T00:42:24Z,MLOps: Sentiment Enrichment,COMPLETED,6.448,8,1
2026-06-01T00:42:30Z,MLOps: Vector Indexing,COMPLETED,8.085,8,1
2026-06-01T01:42:25Z,MLOps: Sentiment Enrichment,COMPLETED,6.712,9,1
2026-06-01T01:42:32Z,MLOps: Vector Indexing,COMPLETED,8.412,9,1
2026-06-01T02:42:24Z,MLOps: Sentiment Enrichment,COMPLETED,6.568,8,1
2026-06-01T02:42:31Z,MLOps: Vector Indexing,COMPLETED,8.227,8,1
2026-06-01T03:42:25Z,MLOps: Sentiment Enrichment,COMPLETED,6.679,7,1
2026-06-01T03:42:32Z,MLOps: Vector Indexing,COMPLETED,8.248,7,1
2026-06-01T04:42:25Z,MLOps: Sentiment Enrichment,COMPLETED,6.692,10,1
2026-06-01T04:42:31Z,MLOps: Vector Indexing,COMPLETED,8.153,10,1
2026-06-01T05:42:24Z,MLOps: Sentiment Enrichment,COMPLETED,6.372,6,1
2026-06-01T05:42:31Z,MLOps: Vector Indexing,COMPLETED,8.086,6,1
2026-06-01T06:42:24Z,MLOps: Sentiment Enrichment,COMPLETED,6.795,10,1
2026-06-01T06:42:31Z,MLOps: Vector Indexing,COMPLETED,8.909,10,1
2026-06-01T07:42:28Z,MLOps: Sentiment Enrichment,COMPLETED,7.393,23,1
2026-06-01T07:42:35Z,MLOps: Vector Indexing,COMPLETED,8.483,23,1
2026-06-01T08:42:24Z,MLOps: Sentiment Enrichment,COMPLETED,6.495,4,1
2026-06-01T08:42:31Z,MLOps: Vector Indexing,COMPLETED,8.091,4,1
2026-06-01T09:42:24Z,MLOps: Sentiment Enrichment,COMPLETED,7.916,33,1
2026-06-01T09:42:32Z,MLOps: Vector Indexing,COMPLETED,8.241,33,1
2026-06-01T10:42:26Z,MLOps: Sentiment Enrichment,COMPLETED,7.172,18,1
2026-06-01T10:42:33Z,MLOps: Vector Indexing,COMPLETED,8.306,18,1
2026-06-01T11:42:24Z,MLOps: Sentiment Enrichment,COMPLETED,7.635,25,1
2026-06-01T11:42:32Z,MLOps: Vector Indexing,COMPLETED,8.318,25,1
2026-06-01T12:42:25Z,MLOps: Sentiment Enrichment,COMPLETED,8.330,36,1
2026-06-01T12:42:33Z,MLOps: Vector Indexing,COMPLETED,8.403,36,1
2026-06-01T13:42:24Z,MLOps: Sentiment Enrichment,COMPLETED,7.097,19,1
2026-06-01T13:42:31Z,MLOps: Vector Indexing,COMPLETED,8.205,19,1
2026-06-01T14:42:25Z,MLOps: Sentiment Enrichment,COMPLETED,8.333,39,1
2026-06-01T14:42:33Z,MLOps: Vector Indexing,COMPLETED,8.287,39,1
2026-06-01T15:42:24Z,MLOps: Sentiment Enrichment,COMPLETED,7.555,28,1
2026-06-01T15:42:32Z,MLOps: Vector Indexing,COMPLETED,8.253,28,1
2026-06-01T16:42:24Z,MLOps: Sentiment Enrichment,COMPLETED,7.323,24,1
2026-06-01T16:42:31Z,MLOps: Vector Indexing,COMPLETED,8.258,24,1
2026-06-01T17:42:25Z,MLOps: Sentiment Enrichment,COMPLETED,8.261,37,1
2026-06-01T17:42:33Z,MLOps: Vector Indexing,COMPLETED,8.433,37,1
2026-06-01T18:42:25Z,MLOps: Sentiment Enrichment,COMPLETED,8.559,41,1
2026-06-01T18:42:33Z,MLOps: Vector Indexing,COMPLETED,8.315,41,1
2026-06-01T19:42:24Z,MLOps: Sentiment Enrichment,COMPLETED,7.631,27,1
2026-06-01T19:42:32Z,MLOps: Vector Indexing,COMPLETED,8.331,27,1
2026-06-01T20:42:28Z,MLOps: Sentiment Enrichment,COMPLETED,8.092,33,1
2026-06-01T20:42:36Z,MLOps: Vector Indexing,COMPLETED,8.445,33,1
2026-06-01T21:42:24Z,MLOps: Sentiment Enrichment,COMPLETED,8.469,42,1
2026-06-01T21:42:33Z,MLOps: Vector Indexing,COMPLETED,8.302,42,1
2026-06-01T22:42:25Z,MLOps: Sentiment Enrichment,COMPLETED,6.918,16,1
2026-06-01T22:42:31Z,MLOps: Vector Indexing,COMPLETED,8.099,16,1
2026-06-01T23:42:24Z,MLOps: Sentiment Enrichment,COMPLETED,6.656,10,1
2026-06-01T23:42:31Z,MLOps: Vector Indexing,COMPLETED,8.129,10,1
2026-06-02T00:42:24Z,MLOps: Sentiment Enrichment,COMPLETED,6.255,3,1
2026-06-02T00:42:31Z,MLOps: Vector Indexing,COMPLETED,8.132,3,1
2026-06-02T01:42:26Z,MLOps: Sentiment Enrichment,COMPLETED,6.354,4,1
2026-06-02T01:42:32Z,MLOps: Vector Indexing,COMPLETED,8.024,4,1
2026-06-02T02:42:24Z,MLOps: Sentiment Enrichment,COMPLETED,4.439,0,0
2026-06-02T02:42:29Z,MLOps: Vector Indexing,COMPLETED,1.487,0,0
2026-06-02T03:42:27Z,MLOps: Sentiment Enrichment,COMPLETED,6.874,14,1
2026-06-02T03:42:34Z,MLOps: Vector Indexing,COMPLETED,8.267,14,1
2026-06-02T04:42:24Z,MLOps: Sentiment Enrichment,COMPLETED,6.590,6,1
2026-06-02T04:42:31Z,MLOps: Vector Indexing,COMPLETED,8.145,6,1
2026-06-02T05:42:25Z,MLOps: Sentiment Enrichment,COMPLETED,6.373,5,1
2026-06-02T05:42:31Z,MLOps: Vector Indexing,COMPLETED,8.243,5,1
2026-06-02T06:42:25Z,MLOps: Sentiment Enrichment,COMPLETED,6.071,1,1
2026-06-02T06:42:31Z,MLOps: Vector Indexing,COMPLETED,8.096,1,1
2026-06-02T07:42:27Z,MLOps: Sentiment Enrichment,COMPLETED,4.720,0,0
2026-06-02T07:42:32Z,MLOps: Vector Indexing,COMPLETED,1.594,0,0
2026-06-02T08:42:24Z,MLOps: Sentiment Enrichment,COMPLETED,6.265,4,1
2026-06-02T08:42:30Z,MLOps: Vector Indexing,COMPLETED,7.983,4,1
2026-06-02T09:42:25Z,MLOps: Sentiment Enrichment,COMPLETED,6.796,14,1
2026-06-02T09:42:32Z,MLOps: Vector Indexing,COMPLETED,8.530,14,1
2026-06-02T10:42:24Z,MLOps: Sentiment Enrichment,COMPLETED,7.953,31,1
2026-06-02T10:42:32Z,MLOps: Vector Indexing,COMPLETED,8.450,31,1
2026-06-02T11:42:24Z,MLOps: Sentiment Enrichment,COMPLETED,6.881,14,1
2026-06-02T11:42:31Z,MLOps: Vector Indexing,COMPLETED,8.269,14,1
2026-06-02T12:42:25Z,MLOps: Sentiment Enrichment,COMPLETED,7.456,22,1
2026-06-02T12:42:32Z,MLOps: Vector Indexing,COMPLETED,8.247,22,1
2026-06-02T13:42:24Z,MLOps: Sentiment Enrichment,COMPLETED,8.130,31,1
2026-06-02T13:42:32Z,MLOps: Vector Indexing,COMPLETED,8.429,31,1
2026-06-02T14:42:25Z,MLOps: Sentiment Enrichment,COMPLETED,8.199,37,1
2026-06-02T14:42:33Z,MLOps: Vector Indexing,COMPLETED,8.297,37,1
2026-06-02T15:42:25Z,MLOps: Sentiment Enrichment,COMPLETED,8.431,37,1
2026-06-02T15:42:33Z,MLOps: Vector Indexing,COMPLETED,8.446,37,1
2026-06-02T16:42:28Z,MLOps: Sentiment Enrichment,COMPLETED,7.150,19,1
2026-06-02T16:42:35Z,MLOps: Vector Indexing,COMPLETED,8.214,19,1
2026-06-02T17:42:24Z,MLOps: Sentiment Enrichment,COMPLETED,7.319,24,1
2026-06-02T17:42:31Z,MLOps: Vector Indexing,COMPLETED,8.309,24,1
2026-06-02T18:42:24Z,MLOps: Sentiment Enrichment,COMPLETED,6.815,14,1
2026-06-02T18:42:31Z,MLOps: Vector Indexing,COMPLETED,8.398,14,1
2026-06-02T19:42:24Z,MLOps: Sentiment Enrichment,COMPLETED,7.086,20,1
2026-06-02T19:42:32Z,MLOps: Vector Indexing,COMPLETED,8.131,20,1
2026-06-02T20:42:24Z,MLOps: Sentiment Enrichment,COMPLETED,6.947,15,1
2026-06-02T20:42:31Z,MLOps: Vector Indexing,COMPLETED,8.236,15,1
2026-06-02T21:42:25Z,MLOps: Sentiment Enrichment,COMPLETED,7.086,17,1
2026-06-02T21:42:32Z,MLOps: Vector Indexing,COMPLETED,8.143,17,1
2026-06-02T22:42:24Z,MLOps: Sentiment Enrichment,COMPLETED,6.280,6,1
2026-06-02T22:42:30Z,MLOps: Vector Indexing,COMPLETED,8.054,6,1
2026-06-02T23:42:24Z,MLOps: Sentiment Enrichment,COMPLETED,6.930,13,1
2026-06-02T23:42:31Z,MLOps: Vector Indexing,COMPLETED,7.960,13,1
2026-06-03T00:42:24Z,MLOps: Sentiment Enrichment,COMPLETED,7.663,28,1
2026-06-03T00:42:32Z,MLOps: Vector Indexing,COMPLETED,8.244,28,1
2026-06-03T01:42:24Z,MLOps: Sentiment Enrichment,COMPLETED,6.706,11,1
2026-06-03T01:42:31Z,MLOps: Vector Indexing,COMPLETED,8.071,11,1
2026-06-03T02:42:24Z,MLOps: Sentiment Enrichment,COMPLETED,6.663,9,1
2026-06-03T02:42:31Z,MLOps: Vector Indexing,COMPLETED,8.222,9,1
2026-06-03T03:42:24Z,MLOps: Sentiment Enrichment,COMPLETED,6.861,13,1
2026-06-03T03:42:31Z,MLOps: Vector Indexing,COMPLETED,8.058,13,1
2026-06-03T04:42:25Z,MLOps: Sentiment Enrichment,COMPLETED,7.086,13,1
2026-06-03T04:42:32Z,MLOps: Vector Indexing,COMPLETED,8.565,13,1
2026-06-03T05:42:25Z,MLOps: Sentiment Enrichment,COMPLETED,7.924,39,1
2026-06-03T05:42:33Z,MLOps: Vector Indexing,COMPLETED,8.325,39,1
2026-06-03T06:42:25Z,MLOps: Sentiment Enrichment,COMPLETED,7.898,24,1
2026-06-03T06:42:33Z,MLOps: Vector Indexing,COMPLETED,8.425,24,1
2026-06-03T07:42:28Z,MLOps: Sentiment Enrichment,COMPLETED,6.839,16,1
2026-06-03T07:42:35Z,MLOps: Vector Indexing,COMPLETED,8.385,16,1
2026-06-03T08:42:25Z,MLOps: Sentiment Enrichment,COMPLETED,7.179,20,1
2026-06-03T08:42:32Z,MLOps: Vector Indexing,COMPLETED,8.655,20,1
2026-06-03T09:42:24Z,MLOps: Sentiment Enrichment,COMPLETED,8.016,26,1
2026-06-03T09:42:32Z,MLOps: Vector Indexing,COMPLETED,8.562,26,1
2026-06-03T10:42:25Z,MLOps: Sentiment Enrichment,COMPLETED,7.446,29,1
2026-06-03T10:42:33Z,MLOps: Vector Indexing,COMPLETED,8.389,29,1
2026-06-03T11:42:24Z,MLOps: Sentiment Enrichment,COMPLETED,7.460,19,1
2026-06-03T11:42:32Z,MLOps: Vector Indexing,COMPLETED,8.369,19,1
2026-06-03T12:42:24Z,MLOps: Sentiment Enrichment,COMPLETED,7.702,22,1
2026-06-03T12:42:32Z,MLOps: Vector Indexing,COMPLETED,8.435,22,1
2026-06-03T13:42:24Z,MLOps: Sentiment Enrichment,COMPLETED,7.446,23,1
2026-06-03T13:42:32Z,MLOps: Vector Indexing,COMPLETED,8.465,23,1
2026-06-03T14:42:24Z,MLOps: Sentiment Enrichment,COMPLETED,7.909,29,1
2026-06-03T14:42:32Z,MLOps: Vector Indexing,COMPLETED,8.429,29,1
2026-06-03T15:42:24Z,MLOps: Sentiment Enrichment,COMPLETED,7.295,21,1
2026-06-03T15:42:32Z,MLOps: Vector Indexing,COMPLETED,8.352,21,1
2026-06-03T16:42:25Z,MLOps: Sentiment Enrichment,COMPLETED,7.247,19,1
2026-06-03T16:42:32Z,MLOps: Vector Indexing,COMPLETED,8.500,19,1
2026-06-03T17:42:25Z,MLOps: Sentiment Enrichment,COMPLETED,7.041,19,1
2026-06-03T17:42:32Z,MLOps: Vector Indexing,COMPLETED,8.276,19,1
2026-06-03T18:42:24Z,MLOps: Sentiment Enrichment,COMPLETED,6.815,9,1
2026-06-03T18:42:31Z,MLOps: Vector Indexing,COMPLETED,8.322,9,1
2026-06-03T19:42:24Z,MLOps: Sentiment Enrichment,COMPLETED,6.864,13,1
2026-06-03T19:42:31Z,MLOps: Vector Indexing,COMPLETED,8.485,13,1
2026-06-03T20:42:25Z,MLOps: Sentiment Enrichment,COMPLETED,6.557,9,1
2026-06-03T20:42:31Z,MLOps: Vector Indexing,COMPLETED,8.158,9,1
2026-06-03T21:42:24Z,MLOps: Sentiment Enrichment,COMPLETED,7.779,30,1
2026-06-03T21:42:32Z,MLOps: Vector Indexing,COMPLETED,8.335,30,1
2026-06-03T22:42:25Z,MLOps: Sentiment Enrichment,COMPLETED,7.762,29,1
2026-06-03T22:42:32Z,MLOps: Vector Indexing,COMPLETED,8.260,29,1
2026-06-03T23:42:24Z,MLOps: Sentiment Enrichment,COMPLETED,6.972,15,1
2026-06-03T23:42:31Z,MLOps: Vector Indexing,COMPLETED,8.147,15,1
2026-06-04T00:42:24Z,MLOps: Sentiment Enrichment,COMPLETED,6.585,7,1
2026-06-04T00:42:31Z,MLOps: Vector Indexing,COMPLETED,8.095,7,1
2026-06-04T01:42:24Z,MLOps: Sentiment Enrichment,COMPLETED,6.467,7,1
2026-06-04T01:42:30Z,MLOps: Vector Indexing,COMPLETED,8.171,7,1
2026-06-04T02:42:24Z,MLOps: Sentiment Enrichment,COMPLETED,6.788,11,1
2026-06-04T02:42:31Z,MLOps: Vector Indexing,COMPLETED,8.578,11,1
2026-06-04T03:42:25Z,MLOps: Sentiment Enrichment,COMPLETED,6.677,9,1
2026-06-04T03:42:31Z,MLOps: Vector Indexing,COMPLETED,8.162,9,1
2026-06-04T04:42:24Z,MLOps: Sentiment Enrichment,COMPLETED,6.891,16,1
2026-06-04T04:42:31Z,MLOps: Vector Indexing,COMPLETED,8.299,16,1
2026-06-04T05:42:25Z,MLOps: Sentiment Enrichment,COMPLETED,8.153,36,1
2026-06-04T05:42:33Z,MLOps: Vector Indexing,COMPLETED,8.318,36,1
2026-06-04T06:42:24Z,MLOps: Sentiment Enrichment,COMPLETED,7.314,17,1
2026-06-04T06:42:32Z,MLOps: Vector Indexing,COMPLETED,8.283,17,1
2026-06-04T07:42:24Z,MLOps: Sentiment Enrichment,COMPLETED,7.636,26,1
2026-06-04T07:42:32Z,MLOps: Vector Indexing,COMPLETED,8.270,26,1
2026-06-04T08:42:24Z,MLOps: Sentiment Enrichment,COMPLETED,6.916,16,1
2026-06-04T08:42:31Z,MLOps: Vector Indexing,COMPLETED,8.289,16,1
2026-06-04T09:42:25Z,MLOps: Sentiment Enrichment,COMPLETED,7.124,20,1
2026-06-04T09:42:32Z,MLOps: Vector Indexing,COMPLETED,8.252,20,1
2026-06-04T10:42:24Z,MLOps: Sentiment Enrichment,COMPLETED,7.596,20,1
2026-06-04T10:42:32Z,MLOps: Vector Indexing,COMPLETED,8.469,20,1
2026-06-04T11:42:24Z,MLOps: Sentiment Enrichment,COMPLETED,7.184,16,1
2026-06-04T11:42:32Z,MLOps: Vector Indexing,COMPLETED,8.137,16,1
2026-06-04T12:42:25Z,MLOps: Sentiment Enrichment,COMPLETED,7.867,29,1
2026-06-04T12:42:33Z,MLOps: Vector Indexing,COMPLETED,8.407,29,1
2026-06-04T13:42:25Z,MLOps: Sentiment Enrichment,COMPLETED,8.312,39,1
2026-06-04T13:42:33Z,MLOps: Vector Indexing,COMPLETED,8.354,39,1
2026-06-04T14:42:26Z,MLOps: Sentiment Enrichment,COMPLETED,7.609,24,1
2026-06-04T14:42:34Z,MLOps: Vector Indexing,COMPLETED,8.344,24,1
2026-06-04T15:42:24Z,MLOps: Sentiment Enrichment,COMPLETED,7.285,21,1
2026-06-04T15:42:31Z,MLOps: Vector Indexing,COMPLETED,8.223,21,1
2026-06-04T16:42:25Z,MLOps: Sentiment Enrichment,COMPLETED,8.146,38,1
2026-06-04T16:42:33Z,MLOps: Vector Indexing,COMPLETED,8.319,38,1
2026-06-04T17:42:26Z,MLOps: Sentiment Enrichment,COMPLETED,7.565,25,1
2026-06-04T17:42:34Z,MLOps: Vector Indexing,COMPLETED,8.134,25,1
2026-06-04T18:42:24Z,MLOps: Sentiment Enrichment,COMPLETED,7.731,30,1
2026-06-04T18:42:32Z,MLOps: Vector Indexing,COMPLETED,8.336,30,1
2026-06-04T19:42:24Z,MLOps: Sentiment Enrichment,COMPLETED,6.825,17,1
2026-06-04T19:42:31Z,MLOps: Vector Indexing,COMPLETED,8.312,17,1
2026-06-04T20:42:24Z,MLOps: Sentiment Enrichment,COMPLETED,6.613,10,1
2026-06-04T20:42:31Z,MLOps: Vector Indexing,COMPLETED,7.910,10,1
2026-06-04T21:42:28Z,MLOps: Sentiment Enrichment,COMPLETED,7.095,19,1
2026-06-04T21:42:35Z,MLOps: Vector Indexing,COMPLETED,8.144,19,1
2026-06-04T22:42:24Z,MLOps: Sentiment Enrichment,COMPLETED,7.163,21,1
2026-06-04T22:42:32Z,MLOps: Vector Indexing,COMPLETED,8.116,21,1
2026-06-04T23:42:25Z,MLOps: Sentiment Enrichment,COMPLETED,6.717,13,1
2026-06-04T23:42:31Z,MLOps: Vector Indexing,COMPLETED,8.179,13,1
2026-06-05T00:42:25Z,MLOps: Sentiment Enrichment,COMPLETED,6.520,9,1
2026-06-05T00:42:31Z,MLOps: Vector Indexing,COMPLETED,8.104,9,1
2026-06-05T01:42:25Z,MLOps: Sentiment Enrichment,COMPLETED,6.297,6,1
2026-06-05T01:42:31Z,MLOps: Vector Indexing,COMPLETED,7.977,6,1
2026-06-05T02:42:25Z,MLOps: Sentiment Enrichment,COMPLETED,6.476,3,1
2026-06-05T02:42:31Z,MLOps: Vector Indexing,COMPLETED,8.179,3,1
2026-06-05T03:42:25Z,MLOps: Sentiment Enrichment,COMPLETED,6.532,7,1
2026-06-05T03:42:31Z,MLOps: Vector Indexing,COMPLETED,8.096,7,1
2026-06-05T04:42:24Z,MLOps: Sentiment Enrichment,COMPLETED,7.615,26,1
2026-06-05T04:42:32Z,MLOps: Vector Indexing,COMPLETED,8.450,26,1
2026-06-05T05:42:26Z,MLOps: Sentiment Enrichment,COMPLETED,7.338,22,1
2026-06-05T05:42:33Z,MLOps: Vector Indexing,COMPLETED,8.392,22,1
2026-06-05T06:42:24Z,MLOps: Sentiment Enrichment,COMPLETED,7.595,29,1
2026-06-05T06:42:32Z,MLOps: Vector Indexing,COMPLETED,8.623,29,1
2026-06-05T07:42:25Z,MLOps: Sentiment Enrichment,COMPLETED,6.954,13,1
2026-06-05T07:42:31Z,MLOps: Vector Indexing,COMPLETED,8.114,13,1
2026-06-05T08:42:24Z,MLOps: Sentiment Enrichment,COMPLETED,7.260,20,1
2026-06-05T08:42:32Z,MLOps: Vector Indexing,COMPLETED,8.333,20,1
2026-06-05T09:42:25Z,MLOps: Sentiment Enrichment,COMPLETED,7.052,16,1
2026-06-05T09:42:32Z,MLOps: Vector Indexing,COMPLETED,8.493,16,1
2026-06-05T10:42:25Z,MLOps: Sentiment Enrichment,COMPLETED,7.229,17,1
2026-06-05T10:42:32Z,MLOps: Vector Indexing,COMPLETED,8.637,17,1
2026-06-05T11:42:25Z,MLOps: Sentiment Enrichment,COMPLETED,6.707,9,1
2026-06-05T11:42:31Z,MLOps: Vector Indexing,COMPLETED,8.115,9,1
2026-06-05T12:42:25Z,MLOps: Sentiment Enrichment,COMPLETED,7.334,20,1
2026-06-05T12:42:32Z,MLOps: Vector Indexing,COMPLETED,8.910,20,1
2026-06-05T13:42:25Z,MLOps: Sentiment Enrichment,COMPLETED,6.632,11,1
2026-06-05T13:42:31Z,MLOps: Vector Indexing,COMPLETED,8.152,11,1
2026-06-05T14:42:24Z,MLOps: Sentiment Enrichment,COMPLETED,7.731,31,1
2026-06-05T14:42:32Z,MLOps: Vector Indexing,COMPLETED,8.295,31,1
2026-06-05T15:42:25Z,MLOps: Sentiment Enrichment,COMPLETED,7.178,22,1
2026-06-05T15:42:32Z,MLOps: Vector Indexing,COMPLETED,8.107,22,1
2026-06-05T16:42:25Z,MLOps: Sentiment Enrichment,COMPLETED,8.033,33,1
2026-06-05T16:42:34Z,MLOps: Vector Indexing,COMPLETED,8.560,33,1
2026-06-05T17:42:25Z,MLOps: Sentiment Enrichment,COMPLETED,8.303,37,1
2026-06-05T17:42:33Z,MLOps: Vector Indexing,COMPLETED,8.392,37,1
2026-06-05T18:42:24Z,MLOps: Sentiment Enrichment,COMPLETED,8.299,37,1
2026-06-05T18:42:32Z,MLOps: Vector Indexing,COMPLETED,8.358,37,1
2026-06-05T19:42:24Z,MLOps: Sentiment Enrichment,COMPLETED,7.145,20,1
2026-06-05T19:42:32Z,MLOps: Vector Indexing,COMPLETED,8.387,20,1
2026-06-05T20:42:24Z,MLOps: Sentiment Enrichment,COMPLETED,7.440,25,1
2026-06-05T20:42:31Z,MLOps: Vector Indexing,COMPLETED,8.297,25,1
2026-06-05T21:42:24Z,MLOps: Sentiment Enrichment,COMPLETED,6.724,15,1
2026-06-05T21:42:31Z,MLOps: Vector Indexing,COMPLETED,8.126,15,1
2026-06-05T22:42:24Z,MLOps: Sentiment Enrichment,COMPLETED,7.709,23,1
2026-06-05T22:42:32Z,MLOps: Vector Indexing,COMPLETED,8.606,23,1
2026-06-05T23:42:24Z,MLOps: Sentiment Enrichment,COMPLETED,6.573,10,1
2026-06-05T23:42:31Z,MLOps: Vector Indexing,COMPLETED,8.164,10,1
2026-06-06T00:42:24Z,MLOps: Sentiment Enrichment,COMPLETED,7.867,32,1
2026-06-06T00:42:32Z,MLOps: Vector Indexing,COMPLETED,8.339,32,1
2026-06-06T01:42:24Z,MLOps: Sentiment Enrichment,COMPLETED,7.627,28,1
2026-06-06T01:42:32Z,MLOps: Vector Indexing,COMPLETED,8.217,28,1
2026-06-06T02:42:25Z,MLOps: Sentiment Enrichment,COMPLETED,7.751,33,1
2026-06-06T02:42:32Z,MLOps: Vector Indexing,COMPLETED,8.086,33,1
2026-06-06T03:42:25Z,MLOps: Sentiment Enrichment,COMPLETED,7.508,24,1
2026-06-06T03:42:32Z,MLOps: Vector Indexing,COMPLETED,8.491,24,1
2026-06-06T04:42:24Z,MLOps: Sentiment Enrichment,COMPLETED,6.296,2,1
2026-06-06T04:42:30Z,MLOps: Vector Indexing,COMPLETED,8.055,2,1
2026-06-06T05:42:24Z,MLOps: Sentiment Enrichment,COMPLETED,7.015,14,1
2026-06-06T05:42:31Z,MLOps: Vector Indexing,COMPLETED,8.288,14,1
2026-06-06T06:42:24Z,MLOps: Sentiment Enrichment,COMPLETED,7.407,25,1
2026-06-06T06:42:32Z,MLOps: Vector Indexing,COMPLETED,8.143,25,1
2026-06-06T07:42:25Z,MLOps: Sentiment Enrichment,COMPLETED,7.817,28,1
2026-06-06T07:42:33Z,MLOps: Vector Indexing,COMPLETED,8.261,28,1
2026-06-06T08:42:25Z,MLOps: Sentiment Enrichment,COMPLETED,7.528,24,1
2026-06-06T08:42:33Z,MLOps: Vector Indexing,COMPLETED,8.440,24,1
2026-06-06T09:42:25Z,MLOps: Sentiment Enrichment,COMPLETED,6.647,11,1
2026-06-06T09:42:32Z,MLOps: Vector Indexing,COMPLETED,8.241,11,1
2026-06-06T10:42:24Z,MLOps: Sentiment Enrichment,COMPLETED,7.289,19,1
2026-06-06T10:42:31Z,MLOps: Vector Indexing,COMPLETED,8.548,19,1
2026-06-06T11:42:24Z,MLOps: Sentiment Enrichment,COMPLETED,7.637,23,1
2026-06-06T11:42:32Z,MLOps: Vector Indexing,COMPLETED,8.324,23,1
2026-06-06T12:42:25Z,MLOps: Sentiment Enrichment,COMPLETED,7.405,24,1
2026-06-06T12:42:32Z,MLOps: Vector Indexing,COMPLETED,8.587,24,1
2026-06-06T13:42:24Z,MLOps: Sentiment Enrichment,COMPLETED,7.618,25,1
2026-06-06T13:42:32Z,MLOps: Vector Indexing,COMPLETED,8.373,25,1
2026-06-06T14:42:26Z,MLOps: Sentiment Enrichment,COMPLETED,7.181,24,1
2026-06-06T14:42:33Z,MLOps: Vector Indexing,COMPLETED,8.305,24,1
2026-06-06T15:42:24Z,MLOps: Sentiment Enrichment,COMPLETED,7.467,23,1
2026-06-06T15:42:31Z,MLOps: Vector Indexing,COMPLETED,8.288,23,1
2026-06-06T16:42:26Z,MLOps: Sentiment Enrichment,COMPLETED,6.922,11,1
2026-06-06T16:42:33Z,MLOps: Vector Indexing,COMPLETED,8.251,11,1
2026-06-06T17:42:24Z,MLOps: Sentiment Enrichment,COMPLETED,7.756,32,1
2026-06-06T17:42:32Z,MLOps: Vector Indexing,COMPLETED,8.048,32,1
2026-06-06T18:42:24Z,MLOps: Sentiment Enrichment,COMPLETED,6.780,9,1
2026-06-06T18:42:31Z,MLOps: Vector Indexing,COMPLETED,8.222,9,1
2026-06-06T19:42:24Z,MLOps: Sentiment Enrichment,COMPLETED,6.685,9,1
2026-06-06T19:42:31Z,MLOps: Vector Indexing,COMPLETED,8.136,9,1
2026-06-06T20:42:24Z,MLOps: Sentiment Enrichment,COMPLETED,6.510,8,1
2026-06-06T20:42:31Z,MLOps: Vector Indexing,COMPLETED,8.263,8,1
2026-06-06T21:42:24Z,MLOps: Sentiment Enrichment,COMPLETED,6.912,13,1
2026-06-06T21:42:31Z,MLOps: Vector Indexing,COMPLETED,8.220,13,1
2026-06-06T22:42:25Z,MLOps: Sentiment Enrichment,COMPLETED,6.517,8,1
2026-06-06T22:42:31Z,MLOps: Vector Indexing,COMPLETED,8.457,8,1
2026-06-06T23:42:28Z,MLOps: Sentiment Enrichment,COMPLETED,6.412,9,1
2026-06-06T23:42:34Z,MLOps: Vector Indexing,COMPLETED,8.201,9,1
2026-06-07T00:42:24Z,MLOps: Sentiment Enrichment,COMPLETED,7.055,17,1
2026-06-07T00:42:31Z,MLOps: Vector Indexing,COMPLETED,8.225,17,1
2026-06-07T01:42:24Z,MLOps: Sentiment Enrichment,COMPLETED,7.693,28,1
2026-06-07T01:42:32Z,MLOps: Vector Indexing,COMPLETED,8.260,28,1
2026-06-07T02:42:25Z,MLOps: Sentiment Enrichment,COMPLETED,6.865,14,1
2026-06-07T02:42:32Z,MLOps: Vector Indexing,COMPLETED,8.212,14,1
2026-06-07T03:42:24Z,MLOps: Sentiment Enrichment,COMPLETED,7.463,23,1
2026-06-07T03:42:32Z,MLOps: Vector Indexing,COMPLETED,8.258,23,1
2026-06-07T04:42:25Z,MLOps: Sentiment Enrichment,COMPLETED,7.546,23,1
2026-06-07T04:42:32Z,MLOps: Vector Indexing,COMPLETED,8.316,23,1
2026-06-07T05:42:24Z,MLOps: Sentiment Enrichment,COMPLETED,8.353,38,1
2026-06-07T05:42:32Z,MLOps: Vector Indexing,COMPLETED,8.470,38,1
2026-06-07T06:42:24Z,MLOps: Sentiment Enrichment,COMPLETED,6.796,10,1
2026-06-07T06:42:31Z,MLOps: Vector Indexing,COMPLETED,8.310,10,1
2026-06-07T07:42:27Z,MLOps: Sentiment Enrichment,COMPLETED,7.239,18,1
2026-06-07T07:42:34Z,MLOps: Vector Indexing,COMPLETED,8.320,18,1
2026-06-07T08:42:24Z,MLOps: Sentiment Enrichment,COMPLETED,6.813,11,1
2026-06-07T08:42:31Z,MLOps: Vector Indexing,COMPLETED,8.221,11,1
2026-06-07T09:42:25Z,MLOps: Sentiment Enrichment,COMPLETED,6.632,11,1
2026-06-07T09:42:31Z,MLOps: Vector Indexing,COMPLETED,8.240,11,1
2026-06-07T10:42:25Z,MLOps: Sentiment Enrichment,COMPLETED,6.920,15,1
2026-06-07T10:42:32Z,MLOps: Vector Indexing,COMPLETED,8.163,15,1
2026-06-07T11:42:24Z,MLOps: Sentiment Enrichment,COMPLETED,6.862,10,1
2026-06-07T11:42:31Z,MLOps: Vector Indexing,COMPLETED,8.220,10,1
2026-06-07T12:42:24Z,MLOps: Sentiment Enrichment,COMPLETED,6.952,11,1
2026-06-07T12:42:31Z,MLOps: Vector Indexing,COMPLETED,8.260,11,1
2026-06-07T13:42:25Z,MLOps: Sentiment Enrichment,COMPLETED,6.789,10,1
2026-06-07T13:42:32Z,MLOps: Vector Indexing,COMPLETED,8.349,10,1
2026-06-07T14:42:25Z,MLOps: Sentiment Enrichment,COMPLETED,6.544,5,1
2026-06-07T14:42:31Z,MLOps: Vector Indexing,COMPLETED,8.164,5,1
2026-06-07T15:42:25Z,MLOps: Sentiment Enrichment,COMPLETED,8.281,38,1
2026-06-07T15:42:33Z,MLOps: Vector Indexing,COMPLETED,8.510,38,1
2026-06-07T16:42:25Z,MLOps: Sentiment Enrichment,COMPLETED,6.617,11,1
2026-06-07T16:42:31Z,MLOps: Vector Indexing,COMPLETED,8.175,11,1
2026-06-07T17:42:25Z,MLOps: Sentiment Enrichment,COMPLETED,8.140,40,1
2026-06-07T17:42:33Z,MLOps: Vector Indexing,COMPLETED,8.392,40,1
2026-06-07T18:42:25Z,MLOps: Sentiment Enrichment,COMPLETED,8.448,40,1
2026-06-07T18:42:33Z,MLOps: Vector Indexing,COMPLETED,8.468,40,1
2026-06-07T19:42:24Z,MLOps: Sentiment Enrichment,COMPLETED,6.843,11,1
2026-06-07T19:42:31Z,MLOps: Vector Indexing,COMPLETED,8.244,11,1
2026-06-07T20:42:24Z,MLOps: Sentiment Enrichment,COMPLETED,7.572,26,1
2026-06-07T20:42:32Z,MLOps: Vector Indexing,COMPLETED,8.365,26,1
2026-06-07T21:42:25Z,MLOps: Sentiment Enrichment,COMPLETED,6.909,14,1
2026-06-07T21:42:32Z,MLOps: Vector Indexing,COMPLETED,8.206,14,1
2026-06-07T22:42:24Z,MLOps: Sentiment Enrichment,COMPLETED,7.150,17,1
2026-06-07T22:42:31Z,MLOps: Vector Indexing,COMPLETED,8.261,17,1
2026-06-07T23:42:25Z,MLOps: Sentiment Enrichment,COMPLETED,7.689,28,1
2026-06-07T23:42:33Z,MLOps: Vector Indexing,COMPLETED,8.185,28,1
2026-06-08T00:42:25Z,MLOps: Sentiment Enrichment,COMPLETED,6.735,11,1
2026-06-08T00:42:31Z,MLOps: Vector Indexing,COMPLETED,8.033,11,1
2026-06-08T01:42:25Z,MLOps: Sentiment Enrichment,COMPLETED,6.613,8,1
2026-06-08T01:42:31Z,MLOps: Vector Indexing,COMPLETED,8.276,8,1
2026-06-08T02:42:24Z,MLOps: Sentiment Enrichment,COMPLETED,6.432,7,1
2026-06-08T02:42:31Z,MLOps: Vector Indexing,COMPLETED,8.379,7,1
2026-06-08T03:42:26Z,MLOps: Sentiment Enrichment,COMPLETED,6.287,6,1
2026-06-08T03:42:32Z,MLOps: Vector Indexing,COMPLETED,8.142,6,1
2026-06-08T04:42:25Z,MLOps: Sentiment Enrichment,COMPLETED,6.476,7,1
2026-06-08T04:42:31Z,MLOps: Vector Indexing,COMPLETED,8.213,7,1
2026-06-08T05:42:24Z,MLOps: Sentiment Enrichment,COMPLETED,6.350,5,1
2026-06-08T05:42:31Z,MLOps: Vector Indexing,COMPLETED,8.197,5,1
2026-06-08T06:42:24Z,MLOps: Sentiment Enrichment,COMPLETED,7.024,15,1
2026-06-08T06:42:31Z,MLOps: Vector Indexing,COMPLETED,8.287,15,1
2026-06-08T07:42:24Z,MLOps: Sentiment Enrichment,COMPLETED,6.965,16,1
2026-06-08T07:42:31Z,MLOps: Vector Indexing,COMPLETED,8.011,16,1
2026-06-08T08:42:24Z,MLOps: Sentiment Enrichment,COMPLETED,4.631,0,0
2026-06-08T08:42:29Z,MLOps: Vector Indexing,COMPLETED,1.544,0,0
2026-06-08T09:42:24Z,MLOps: Sentiment Enrichment,COMPLETED,8.103,38,1
2026-06-08T09:42:32Z,MLOps: Vector Indexing,COMPLETED,8.342,38,1
2026-06-08T10:42:24Z,MLOps: Sentiment Enrichment,COMPLETED,7.031,15,1
2026-06-08T10:42:31Z,MLOps: Vector Indexing,COMPLETED,8.344,15,1
2026-06-08T11:42:25Z,MLOps: Sentiment Enrichment,COMPLETED,8.380,37,1
2026-06-08T11:42:33Z,MLOps: Vector Indexing,COMPLETED,8.393,37,1
2026-06-08T12:42:25Z,MLOps: Sentiment Enrichment,COMPLETED,7.923,32,1
2026-06-08T12:42:33Z,MLOps: Vector Indexing,COMPLETED,8.367,32,1
2026-06-08T13:42:25Z,MLOps: Sentiment Enrichment,COMPLETED,8.830,46,1
2026-06-08T13:42:34Z,MLOps: Vector Indexing,COMPLETED,8.436,46,1
2026-06-08T14:42:26Z,MLOps: Sentiment Enrichment,COMPLETED,7.623,27,1
2026-06-08T14:42:33Z,MLOps: Vector Indexing,COMPLETED,8.359,27,1
2026-06-08T15:42:24Z,MLOps: Sentiment Enrichment,COMPLETED,7.952,33,1
2026-06-08T15:42:32Z,MLOps: Vector Indexing,COMPLETED,8.364,33,1
2026-06-08T16:42:24Z,MLOps: Sentiment Enrichment,COMPLETED,8.481,40,1
2026-06-08T16:42:33Z,MLOps: Vector Indexing,COMPLETED,8.470,40,1
2026-06-08T17:42:25Z,MLOps: Sentiment Enrichment,COMPLETED,7.461,24,1
2026-06-08T17:42:32Z,MLOps: Vector Indexing,COMPLETED,8.589,24,1
2026-06-08T18:42:25Z,MLOps: Sentiment Enrichment,COMPLETED,8.067,30,1
2026-06-08T18:42:33Z,MLOps: Vector Indexing,COMPLETED,8.375,30,1
2026-06-08T19:42:24Z,MLOps: Sentiment Enrichment,COMPLETED,7.211,21,1
2026-06-08T19:42:31Z,MLOps: Vector Indexing,COMPLETED,8.320,21,1
2026-06-08T20:42:25Z,MLOps: Sentiment Enrichment,COMPLETED,6.815,14,1
2026-06-08T20:42:31Z,MLOps: Vector Indexing,COMPLETED,8.348,14,1
2026-06-08T21:42:24Z,MLOps: Sentiment Enrichment,COMPLETED,6.903,13,1
2026-06-08T21:42:31Z,MLOps: Vector Indexing,COMPLETED,8.288,13,1
2026-06-08T22:42:24Z,MLOps: Sentiment Enrichment,COMPLETED,6.568,8,1
2026-06-08T22:42:31Z,MLOps: Vector Indexing,COMPLETED,8.274,8,1
2026-06-08T23:42:24Z,MLOps: Sentiment Enrichment,COMPLETED,6.433,6,1
2026-06-08T23:42:31Z,MLOps: Vector Indexing,COMPLETED,8.207,6,1
2026-06-09T00:42:24Z,MLOps: Sentiment Enrichment,COMPLETED,6.227,3,1
2026-06-09T00:42:30Z,MLOps: Vector Indexing,COMPLETED,8.153,3,1
2026-06-09T01:42:25Z,MLOps: Sentiment Enrichment,COMPLETED,6.650,3,1
2026-06-09T01:42:31Z,MLOps: Vector Indexing,COMPLETED,8.065,3,1
2026-06-09T02:42:24Z,MLOps: Sentiment Enrichment,COMPLETED,6.364,2,1
2026-06-09T02:42:30Z,MLOps: Vector Indexing,COMPLETED,8.039,2,1
2026-06-09T03:42:24Z,MLOps: Sentiment Enrichment,COMPLETED,6.413,5,1
2026-06-09T03:42:31Z,MLOps: Vector Indexing,COMPLETED,7.978,5,1
2026-06-09T04:42:25Z,MLOps: Sentiment Enrichment,COMPLETED,6.518,4,1
2026-06-09T04:42:31Z,MLOps: Vector Indexing,COMPLETED,8.281,4,1
2026-06-09T05:42:25Z,MLOps: Sentiment Enrichment,COMPLETED,6.667,4,1
2026-06-09T05:42:32Z,MLOps: Vector Indexing,COMPLETED,8.377,4,1
2026-06-09T06:42:24Z,MLOps: Sentiment Enrichment,COMPLETED,6.252,2,1
2026-06-09T06:42:30Z,MLOps: Vector Indexing,COMPLETED,8.579,2,1
2026-06-09T07:42:24Z,MLOps: Sentiment Enrichment,COMPLETED,6.427,3,1
2026-06-09T07:42:31Z,MLOps: Vector Indexing,COMPLETED,8.245,3,1
2026-06-09T08:42:25Z,MLOps: Sentiment Enrichment,COMPLETED,6.265,1,1
2026-06-09T08:42:31Z,MLOps: Vector Indexing,COMPLETED,8.568,1,1
2026-06-09T09:42:24Z,MLOps: Sentiment Enrichment,COMPLETED,7.465,22,1
2026-06-09T09:42:31Z,MLOps: Vector Indexing,COMPLETED,8.437,22,1
2026-06-09T10:42:24Z,MLOps: Sentiment Enrichment,COMPLETED,7.220,18,1
2026-06-09T10:42:32Z,MLOps: Vector Indexing,COMPLETED,8.663,18,1
2026-06-09T11:42:25Z,MLOps: Sentiment Enrichment,COMPLETED,7.483,16,1
2026-06-09T11:42:32Z,MLOps: Vector Indexing,COMPLETED,8.363,16,1
2026-06-09T12:42:24Z,MLOps: Sentiment Enrichment,COMPLETED,7.651,23,1
2026-06-09T12:42:32Z,MLOps: Vector Indexing,COMPLETED,8.283,23,1
2026-06-09T13:42:28Z,MLOps: Sentiment Enrichment,COMPLETED,7.521,22,1
2026-06-09T13:42:35Z,MLOps: Vector Indexing,COMPLETED,8.337,22,1
2026-06-09T14:42:24Z,MLOps: Sentiment Enrichment,COMPLETED,8.116,28,1
2026-06-09T14:42:32Z,MLOps: Vector Indexing,COMPLETED,8.612,28,1
2026-06-09T15:42:25Z,MLOps: Sentiment Enrichment,COMPLETED,8.471,37,1
2026-06-09T15:42:33Z,MLOps: Vector Indexing,COMPLETED,8.642,37,1
2026-06-09T16:42:24Z,MLOps: Sentiment Enrichment,COMPLETED,6.940,15,1
2026-06-09T16:42:31Z,MLOps: Vector Indexing,COMPLETED,8.363,15,1
2026-06-09T17:42:24Z,MLOps: Sentiment Enrichment,COMPLETED,8.612,39,1
2026-06-09T17:42:33Z,MLOps: Vector Indexing,COMPLETED,8.474,39,1
2026-06-09T18:42:26Z,MLOps: Sentiment Enrichment,COMPLETED,6.834,12,1
2026-06-09T18:42:33Z,MLOps: Vector Indexing,COMPLETED,8.336,12,1
2026-06-09T19:42:26Z,MLOps: Sentiment Enrichment,COMPLETED,6.921,14,1
2026-06-09T19:42:33Z,MLOps: Vector Indexing,COMPLETED,8.503,14,1
2026-06-09T20:42:25Z,MLOps: Sentiment Enrichment,COMPLETED,6.862,17,1
2026-06-09T20:42:31Z,MLOps: Vector Indexing,COMPLETED,8.420,17,1
2026-06-09T21:42:24Z,MLOps: Sentiment Enrichment,COMPLETED,6.564,10,1
2026-06-09T21:42:31Z,MLOps: Vector Indexing,COMPLETED,8.265,10,1
2026-06-09T22:42:27Z,MLOps: Sentiment Enrichment,COMPLETED,6.808,12,1
2026-06-09T22:42:34Z,MLOps: Vector Indexing,COMPLETED,8.466,12,1
2026-06-09T23:42:27Z,MLOps: Sentiment Enrichment,COMPLETED,7.154,21,1
2026-06-09T23:42:35Z,MLOps: Vector Indexing,COMPLETED,8.279,21,1
2026-06-10T00:42:24Z,MLOps: Sentiment Enrichment,COMPLETED,6.535,7,1
2026-06-10T00:42:31Z,MLOps: Vector Indexing,COMPLETED,8.176,7,1
2026-06-10T01:42:24Z,MLOps: Sentiment Enrichment,COMPLETED,6.547,10,1
2026-06-10T01:42:31Z,MLOps: Vector Indexing,COMPLETED,8.188,10,1
2026-06-10T02:42:25Z,MLOps: Sentiment Enrichment,COMPLETED,7.062,11,1
2026-06-10T02:42:32Z,MLOps: Vector Indexing,COMPLETED,8.513,11,1
2026-06-10T03:42:27Z,MLOps: Sentiment Enrichment,COMPLETED,6.746,12,1
2026-06-10T03:42:34Z,MLOps: Vector Indexing,COMPLETED,8.295,12,1
2026-06-10T04:42:25Z,MLOps: Sentiment Enrichment,COMPLETED,7.595,22,1
2026-06-10T04:42:32Z,MLOps: Vector Indexing,COMPLETED,8.606,22,1
2026-06-10T05:42:25Z,MLOps: Sentiment Enrichment,COMPLETED,7.191,21,1
2026-06-10T05:42:32Z,MLOps: Vector Indexing,COMPLETED,8.218,21,1
2026-06-10T06:42:25Z,MLOps: Sentiment Enrichment,COMPLETED,7.173,15,1
2026-06-10T06:42:32Z,MLOps: Vector Indexing,COMPLETED,8.169,15,1
2026-06-10T07:42:24Z,MLOps: Sentiment Enrichment,COMPLETED,7.347,19,1
2026-06-10T07:42:31Z,MLOps: Vector Indexing,COMPLETED,8.312,19,1
2026-06-10T08:42:25Z,MLOps: Sentiment Enrichment,COMPLETED,7.323,18,1
2026-06-10T08:42:32Z,MLOps: Vector Indexing,COMPLETED,8.376,18,1
2026-06-10T09:42:27Z,MLOps: Sentiment Enrichment,COMPLETED,7.244,20,1
2026-06-10T09:42:34Z,MLOps: Vector Indexing,COMPLETED,8.344,20,1
2026-06-10T10:42:24Z,MLOps: Sentiment Enrichment,COMPLETED,7.557,19,1
2026-06-10T10:42:32Z,MLOps: Vector Indexing,COMPLETED,8.274,19,1
2026-06-10T11:42:25Z,MLOps: Sentiment Enrichment,COMPLETED,7.579,29,1
2026-06-10T11:42:32Z,MLOps: Vector Indexing,COMPLETED,8.559,29,1
2026-06-10T12:42:25Z,MLOps: Sentiment Enrichment,COMPLETED,8.445,38,1
2026-06-10T12:42:33Z,MLOps: Vector Indexing,COMPLETED,8.446,38,1
2026-06-10T13:42:25Z,MLOps: Sentiment Enrichment,COMPLETED,7.517,28,1
2026-06-10T13:42:32Z,MLOps: Vector Indexing,COMPLETED,8.391,28,1
2026-06-10T14:42:25Z,MLOps: Sentiment Enrichment,COMPLETED,7.318,21,1
2026-06-10T14:42:32Z,MLOps: Vector Indexing,COMPLETED,8.489,21,1
2026-06-10T15:42:24Z,MLOps: Sentiment Enrichment,COMPLETED,7.422,20,1
2026-06-10T15:42:32Z,MLOps: Vector Indexing,COMPLETED,8.472,20,1
2026-06-10T16:42:25Z,MLOps: Sentiment Enrichment,COMPLETED,8.537,36,1
2026-06-10T16:42:33Z,MLOps: Vector Indexing,COMPLETED,8.747,36,1
2026-06-10T17:42:25Z,MLOps: Sentiment Enrichment,COMPLETED,8.199,39,1
2026-06-10T17:42:33Z,MLOps: Vector Indexing,COMPLETED,8.286,39,1
2026-06-10T18:42:25Z,MLOps: Sentiment Enrichment,COMPLETED,7.005,16,1
2026-06-10T18:42:32Z,MLOps: Vector Indexing,COMPLETED,8.378,16,1
2026-06-10T19:42:24Z,MLOps: Sentiment Enrichment,COMPLETED,6.658,12,1
2026-06-10T19:42:31Z,MLOps: Vector Indexing,COMPLETED,8.320,12,1
2026-06-10T20:42:24Z,MLOps: Sentiment Enrichment,COMPLETED,7.120,16,1
2026-06-10T20:42:32Z,MLOps: Vector Indexing,COMPLETED,8.252,16,1
2026-06-10T21:42:24Z,MLOps: Sentiment Enrichment,COMPLETED,7.133,19,1
2026-06-10T21:42:31Z,MLOps: Vector Indexing,COMPLETED,8.318,19,1
2026-06-10T22:42:26Z,MLOps: Sentiment Enrichment,COMPLETED,7.076,18,1
2026-06-10T22:42:33Z,MLOps: Vector Indexing,COMPLETED,8.399,18,1
2026-06-10T23:42:25Z,MLOps: Sentiment Enrichment,COMPLETED,7.016,19,1
2026-06-10T23:42:32Z,MLOps: Vector Indexing,COMPLETED,8.337,19,1
2026-06-11T00:42:24Z,MLOps: Sentiment Enrichment,COMPLETED,6.256,6,1
2026-06-11T00:42:31Z,MLOps: Vector Indexing,COMPLETED,8.166,6,1
2026-06-11T01:42:25Z,MLOps: Sentiment Enrichment,COMPLETED,6.861,12,1
2026-06-11T01:42:32Z,MLOps: Vector Indexing,COMPLETED,8.427,12,1
2026-06-11T02:42:25Z,MLOps: Sentiment Enrichment,COMPLETED,6.528,6,1
2026-06-11T02:42:31Z,MLOps: Vector Indexing,COMPLETED,8.228,6,1
2026-06-11T03:42:25Z,MLOps: Sentiment Enrichment,COMPLETED,6.893,14,1
2026-06-11T03:42:32Z,MLOps: Vector Indexing,COMPLETED,8.225,14,1
2026-06-11T04:42:25Z,MLOps: Sentiment Enrichment,COMPLETED,6.680,9,1
2026-06-11T04:42:31Z,MLOps: Vector Indexing,COMPLETED,8.362,9,1
2026-06-11T05:42:24Z,MLOps: Sentiment Enrichment,COMPLETED,7.841,27,1
2026-06-11T05:42:32Z,MLOps: Vector Indexing,COMPLETED,8.369,27,1
2026-06-11T06:42:25Z,MLOps: Sentiment Enrichment,COMPLETED,8.089,30,1
2026-06-11T06:42:33Z,MLOps: Vector Indexing,COMPLETED,8.452,30,1
2026-06-11T07:42:24Z,MLOps: Sentiment Enrichment,COMPLETED,6.891,12,1
2026-06-11T07:42:31Z,MLOps: Vector Indexing,COMPLETED,8.134,12,1
2026-06-11T08:42:24Z,MLOps: Sentiment Enrichment,COMPLETED,10.089,28,1
2026-06-11T08:42:34Z,MLOps: Vector Indexing,COMPLETED,16.901,28,1
2026-06-11T09:42:25Z,MLOps: Sentiment Enrichment,COMPLETED,9.700,22,1
2026-06-11T09:42:34Z,MLOps: Vector Indexing,COMPLETED,8.460,22,1
2026-06-11T10:42:25Z,MLOps: Sentiment Enrichment,COMPLETED,9.298,17,1
2026-06-11T10:42:34Z,MLOps: Vector Indexing,COMPLETED,8.372,17,1
2026-06-11T11:42:24Z,MLOps: Sentiment Enrichment,COMPLETED,10.463,30,1
2026-06-11T11:42:34Z,MLOps: Vector Indexing,COMPLETED,17.578,30,1
2026-06-11T12:42:24Z,MLOps: Sentiment Enrichment,COMPLETED,10.468,37,1
2026-06-11T12:42:34Z,MLOps: Vector Indexing,COMPLETED,16.705,37,1
2026-06-11T13:42:24Z,MLOps: Sentiment Enrichment,COMPLETED,10.035,29,1
2026-06-11T13:42:34Z,MLOps: Vector Indexing,COMPLETED,16.695,29,1
2026-06-11T14:42:24Z,MLOps: Sentiment Enrichment,COMPLETED,10.623,38,1
2026-06-11T14:42:35Z,MLOps: Vector Indexing,COMPLETED,17.043,38,1
2026-06-11T15:42:24Z,MLOps: Sentiment Enrichment,COMPLETED,9.883,36,1
2026-06-11T15:42:34Z,MLOps: Vector Indexing,COMPLETED,17.290,36,1
2026-06-11T16:42:24Z,MLOps: Sentiment Enrichment,COMPLETED,9.736,27,1
2026-06-11T16:42:34Z,MLOps: Vector Indexing,COMPLETED,16.977,27,1
2026-06-11T17:42:24Z,MLOps: Sentiment Enrichment,COMPLETED,10.249,34,1
2026-06-11T17:42:34Z,MLOps: Vector Indexing,COMPLETED,16.823,34,1
2026-06-11T18:42:24Z,MLOps: Sentiment Enrichment,COMPLETED,8.027,31,1
2026-06-11T18:42:32Z,MLOps: Vector Indexing,COMPLETED,8.449,31,1
2026-06-11T19:42:24Z,MLOps: Sentiment Enrichment,COMPLETED,9.320,10,1
2026-06-11T19:42:34Z,MLOps: Vector Indexing,COMPLETED,16.975,10,1
2026-06-11T20:42:24Z,MLOps: Sentiment Enrichment,COMPLETED,9.131,17,1
2026-06-11T20:42:33Z,MLOps: Vector Indexing,COMPLETED,19.010,17,1
2026-06-11T21:42:24Z,MLOps: Sentiment Enrichment,COMPLETED,9.486,14,1
2026-06-11T21:42:34Z,MLOps: Vector Indexing,COMPLETED,18.647,14,1
2026-06-11T22:42:25Z,MLOps: Sentiment Enrichment,COMPLETED,10.174,24,1
2026-06-11T22:42:36Z,MLOps: Vector Indexing,COMPLETED,18.881,24,1
2026-06-11T23:42:24Z,MLOps: Sentiment Enrichment,COMPLETED,9.332,10,1
2026-06-11T23:42:34Z,MLOps: Vector Indexing,COMPLETED,18.753,10,1
2026-06-12T00:42:26Z,MLOps: Sentiment Enrichment,COMPLETED,6.815,11,1
2026-06-12T00:42:32Z,MLOps: Vector Indexing,COMPLETED,8.158,11,1
2026-06-12T01:42:24Z,MLOps: Sentiment Enrichment,COMPLETED,6.689,6,1
2026-06-12T01:42:31Z,MLOps: Vector Indexing,COMPLETED,8.644,6,1
2026-06-12T02:42:24Z,MLOps: Sentiment Enrichment,COMPLETED,8.993,11,1
2026-06-12T02:42:33Z,MLOps: Vector Indexing,COMPLETED,16.586,11,1
2026-06-12T03:42:25Z,MLOps: Sentiment Enrichment,COMPLETED,6.615,6,1
2026-06-12T03:42:31Z,MLOps: Vector Indexing,COMPLETED,8.357,6,1
2026-06-12T04:42:25Z,MLOps: Sentiment Enrichment,COMPLETED,9.044,15,1
2026-06-12T04:42:34Z,MLOps: Vector Indexing,COMPLETED,16.817,15,1
2026-06-12T05:42:24Z,MLOps: Sentiment Enrichment,COMPLETED,9.781,26,1
2026-06-12T05:42:34Z,MLOps: Vector Indexing,COMPLETED,16.778,26,1
2026-06-12T06:42:24Z,MLOps: Sentiment Enrichment,COMPLETED,9.744,24,1
2026-06-12T06:42:34Z,MLOps: Vector Indexing,COMPLETED,18.027,24,1
2026-06-12T07:42:25Z,MLOps: Sentiment Enrichment,COMPLETED,9.348,18,1
2026-06-12T07:42:34Z,MLOps: Vector Indexing,COMPLETED,17.259,18,1
2026-06-12T08:42:24Z,MLOps: Sentiment Enrichment,COMPLETED,9.344,17,1
2026-06-12T08:42:34Z,MLOps: Vector Indexing,COMPLETED,17.087,17,1
2026-06-12T09:42:25Z,MLOps: Sentiment Enrichment,COMPLETED,7.449,22,1
2026-06-12T09:42:32Z,MLOps: Vector Indexing,COMPLETED,8.360,22,1
2026-06-12T10:42:24Z,MLOps: Sentiment Enrichment,COMPLETED,7.053,15,1
2026-06-12T10:42:31Z,MLOps: Vector Indexing,COMPLETED,8.507,15,1
2026-06-12T11:42:26Z,MLOps: Sentiment Enrichment,COMPLETED,7.269,18,1
2026-06-12T11:42:33Z,MLOps: Vector Indexing,COMPLETED,8.354,18,1
2026-06-12T12:42:24Z,MLOps: Sentiment Enrichment,COMPLETED,7.692,26,1
2026-06-12T12:42:32Z,MLOps: Vector Indexing,COMPLETED,8.479,26,1
2026-06-12T13:42:24Z,MLOps: Sentiment Enrichment,COMPLETED,10.358,29,1
2026-06-12T13:42:35Z,MLOps: Vector Indexing,COMPLETED,17.426,29,1
2026-06-12T14:42:25Z,MLOps: Sentiment Enrichment,COMPLETED,9.957,23,1
2026-06-12T14:42:35Z,MLOps: Vector Indexing,COMPLETED,17.628,23,1
2026-06-12T15:42:25Z,MLOps: Sentiment Enrichment,COMPLETED,10.601,38,1
2026-06-12T15:42:35Z,MLOps: Vector Indexing,COMPLETED,17.496,38,1
2026-06-12T16:42:25Z,MLOps: Sentiment Enrichment,COMPLETED,8.525,40,1
2026-06-12T16:42:33Z,MLOps: Vector Indexing,COMPLETED,8.497,40,1
2026-06-12T17:42:25Z,MLOps: Sentiment Enrichment,COMPLETED,7.424,24,1
2026-06-12T17:42:32Z,MLOps: Vector Indexing,COMPLETED,8.631,24,1
2026-06-12T18:42:25Z,MLOps: Sentiment Enrichment,COMPLETED,7.452,22,1
2026-06-12T18:42:32Z,MLOps: Vector Indexing,COMPLETED,8.449,22,1
2026-06-12T19:42:25Z,MLOps: Sentiment Enrichment,COMPLETED,7.443,19,1
2026-06-12T19:42:32Z,MLOps: Vector Indexing,COMPLETED,8.350,19,1
2026-06-12T20:42:25Z,MLOps: Sentiment Enrichment,COMPLETED,7.632,27,1
2026-06-12T20:42:32Z,MLOps: Vector Indexing,COMPLETED,8.361,27,1
2026-06-12T21:42:24Z,MLOps: Sentiment Enrichment,COMPLETED,6.692,9,1
2026-06-12T21:42:31Z,MLOps: Vector Indexing,COMPLETED,8.276,9,1
2026-06-12T22:42:26Z,MLOps: Sentiment Enrichment,COMPLETED,6.639,10,1
2026-06-12T22:42:33Z,MLOps: Vector Indexing,COMPLETED,8.127,10,1
2026-06-12T23:42:24Z,MLOps: Sentiment Enrichment,COMPLETED,7.019,18,1
2026-06-12T23:42:31Z,MLOps: Vector Indexing,COMPLETED,8.365,18,1
2026-06-13T00:42:25Z,MLOps: Sentiment Enrichment,COMPLETED,7.358,20,1
2026-06-13T00:42:32Z,MLOps: Vector Indexing,COMPLETED,8.337,20,1
2026-06-13T01:42:24Z,MLOps: Sentiment Enrichment,COMPLETED,8.279,37,1
2026-06-13T01:42:33Z,MLOps: Vector Indexing,COMPLETED,8.486,37,1
2026-06-13T02:42:25Z,MLOps: Sentiment Enrichment,COMPLETED,8.231,38,1
2026-06-13T02:42:33Z,MLOps: Vector Indexing,COMPLETED,8.346,38,1
2026-06-13T03:42:24Z,MLOps: Sentiment Enrichment,COMPLETED,7.091,16,1
2026-06-13T03:42:31Z,MLOps: Vector Indexing,COMPLETED,8.329,16,1
2026-06-13T04:42:24Z,MLOps: Sentiment Enrichment,COMPLETED,6.332,4,1
2026-06-13T04:42:31Z,MLOps: Vector Indexing,COMPLETED,8.207,4,1
2026-06-13T05:42:26Z,MLOps: Sentiment Enrichment,COMPLETED,9.847,29,1
2026-06-13T05:42:35Z,MLOps: Vector Indexing,COMPLETED,16.849,29,1
2026-06-13T06:42:26Z,MLOps: Sentiment Enrichment,COMPLETED,6.482,9,1
2026-06-13T06:42:33Z,MLOps: Vector Indexing,COMPLETED,8.359,9,1
2026-06-13T07:42:25Z,MLOps: Sentiment Enrichment,COMPLETED,9.788,27,1
2026-06-13T07:42:34Z,MLOps: Vector Indexing,COMPLETED,16.673,27,1
2026-06-13T08:42:24Z,MLOps: Sentiment Enrichment,COMPLETED,9.859,33,1
2026-06-13T08:42:34Z,MLOps: Vector Indexing,COMPLETED,16.927,33,1
2026-06-13T09:42:25Z,MLOps: Sentiment Enrichment,COMPLETED,9.049,16,1
2026-06-13T09:42:34Z,MLOps: Vector Indexing,COMPLETED,16.469,16,1
2026-06-13T10:42:24Z,MLOps: Sentiment Enrichment,COMPLETED,6.883,15,1
2026-06-13T10:42:31Z,MLOps: Vector Indexing,COMPLETED,8.294,15,1
2026-06-13T11:42:24Z,MLOps: Sentiment Enrichment,COMPLETED,8.971,15,1
2026-06-13T11:42:33Z,MLOps: Vector Indexing,COMPLETED,16.696,15,1
2026-06-13T12:42:24Z,MLOps: Sentiment Enrichment,COMPLETED,9.061,19,1
2026-06-13T12:42:33Z,MLOps: Vector Indexing,COMPLETED,16.997,19,1
2026-06-13T13:42:25Z,MLOps: Sentiment Enrichment,COMPLETED,9.834,30,1
2026-06-13T13:42:35Z,MLOps: Vector Indexing,COMPLETED,16.762,30,1
2026-06-13T14:42:25Z,MLOps: Sentiment Enrichment,COMPLETED,8.429,40,1
2026-06-13T14:42:33Z,MLOps: Vector Indexing,COMPLETED,8.443,40,1
2026-06-13T15:42:24Z,MLOps: Sentiment Enrichment,COMPLETED,8.973,9,1
2026-06-13T15:42:33Z,MLOps: Vector Indexing,COMPLETED,16.536,9,1
2026-06-13T16:42:28Z,MLOps: Sentiment Enrichment,COMPLETED,8.268,40,1
2026-06-13T16:42:36Z,MLOps: Vector Indexing,COMPLETED,8.309,40,1
2026-06-13T17:42:24Z,MLOps: Sentiment Enrichment,COMPLETED,7.811,35,1
2026-06-13T17:42:32Z,MLOps: Vector Indexing,COMPLETED,8.295,35,1
2026-06-13T18:42:24Z,MLOps: Sentiment Enrichment,COMPLETED,7.883,30,1
2026-06-13T18:42:32Z,MLOps: Vector Indexing,COMPLETED,8.426,30,1
2026-06-13T19:42:24Z,MLOps: Sentiment Enrichment,COMPLETED,7.763,27,1
2026-06-13T19:42:32Z,MLOps: Vector Indexing,COMPLETED,8.257,27,1
2026-06-13T20:42:24Z,MLOps: Sentiment Enrichment,COMPLETED,7.386,25,1
2026-06-13T20:42:32Z,MLOps: Vector Indexing,COMPLETED,8.376,25,1
2026-06-13T21:42:25Z,MLOps: Sentiment Enrichment,COMPLETED,7.832,27,1
2026-06-13T21:42:32Z,MLOps: Vector Indexing,COMPLETED,8.556,27,1
2026-06-13T22:42:27Z,MLOps: Sentiment Enrichment,COMPLETED,6.732,9,1
2026-06-13T22:42:34Z,MLOps: Vector Indexing,COMPLETED,8.130,9,1
2026-06-13T23:42:25Z,MLOps: Sentiment Enrichment,COMPLETED,6.284,2,1
2026-06-13T23:42:31Z,MLOps: Vector Indexing,COMPLETED,8.180,2,1
2026-06-14T00:42:24Z,MLOps: Sentiment Enrichment,COMPLETED,7.627,27,1
2026-06-14T00:42:32Z,MLOps: Vector Indexing,COMPLETED,8.381,27,1
2026-06-14T01:42:24Z,MLOps: Sentiment Enrichment,COMPLETED,7.353,22,1
2026-06-14T01:42:31Z,MLOps: Vector Indexing,COMPLETED,8.236,22,1
2026-06-14T02:42:26Z,MLOps: Sentiment Enrichment,COMPLETED,7.474,20,1
2026-06-14T02:42:33Z,MLOps: Vector Indexing,COMPLETED,8.411,20,1
2026-06-14T03:42:24Z,MLOps: Sentiment Enrichment,COMPLETED,6.606,11,1
2026-06-14T03:42:30Z,MLOps: Vector Indexing,COMPLETED,8.083,11,1
2026-06-14T04:42:24Z,MLOps: Sentiment Enrichment,COMPLETED,6.968,13,1
2026-06-14T04:42:31Z,MLOps: Vector Indexing,COMPLETED,8.255,13,1
2026-06-14T05:42:25Z,MLOps: Sentiment Enrichment,COMPLETED,6.827,14,1
2026-06-14T05:42:32Z,MLOps: Vector Indexing,COMPLETED,8.085,14,1
2026-06-14T06:42:24Z,MLOps: Sentiment Enrichment,COMPLETED,6.400,7,1
2026-06-14T06:42:31Z,MLOps: Vector Indexing,COMPLETED,8.157,7,1
2026-06-14T07:42:26Z,MLOps: Sentiment Enrichment,COMPLETED,7.258,20,1
2026-06-14T07:42:34Z,MLOps: Vector Indexing,COMPLETED,8.468,20,1
2026-06-14T08:42:24Z,MLOps: Sentiment Enrichment,COMPLETED,6.917,15,1
2026-06-14T08:42:31Z,MLOps: Vector Indexing,COMPLETED,8.179,15,1
2026-06-14T09:42:24Z,MLOps: Sentiment Enrichment,COMPLETED,6.862,14,1
2026-06-14T09:42:31Z,MLOps: Vector Indexing,COMPLETED,8.084,14,1
2026-06-14T10:42:24Z,MLOps: Sentiment Enrichment,COMPLETED,8.782,10,1
2026-06-14T10:42:33Z,MLOps: Vector Indexing,COMPLETED,16.624,10,1
2026-06-14T11:42:25Z,MLOps: Sentiment Enrichment,COMPLETED,9.968,21,1
2026-06-14T11:42:35Z,MLOps: Vector Indexing,COMPLETED,18.878,21,1
2026-06-14T12:42:24Z,MLOps: Sentiment Enrichment,COMPLETED,6.646,12,1
2026-06-14T12:42:31Z,MLOps: Vector Indexing,COMPLETED,8.052,12,1
2026-06-14T13:42:24Z,MLOps: Sentiment Enrichment,COMPLETED,6.759,10,1
2026-06-14T13:42:31Z,MLOps: Vector Indexing,COMPLETED,8.510,10,1
2026-06-14T14:42:25Z,MLOps: Sentiment Enrichment,COMPLETED,9.018,5,1
2026-06-14T14:42:34Z,MLOps: Vector Indexing,COMPLETED,16.832,5,1
2026-06-14T15:42:24Z,MLOps: Sentiment Enrichment,COMPLETED,6.877,14,1
2026-06-14T15:42:31Z,MLOps: Vector Indexing,COMPLETED,8.138,14,1
2026-06-14T16:42:25Z,MLOps: Sentiment Enrichment,COMPLETED,7.349,20,1
2026-06-14T16:42:32Z,MLOps: Vector Indexing,COMPLETED,8.411,20,1
2026-06-14T17:42:25Z,MLOps: Sentiment Enrichment,COMPLETED,8.925,11,1
2026-06-14T17:42:34Z,MLOps: Vector Indexing,COMPLETED,17.035,11,1
2026-06-14T18:42:25Z,MLOps: Sentiment Enrichment,COMPLETED,6.652,9,1
2026-06-14T18:42:31Z,MLOps: Vector Indexing,COMPLETED,8.423,9,1
2026-06-14T19:42:25Z,MLOps: Sentiment Enrichment,COMPLETED,7.889,26,1
2026-06-14T19:42:33Z,MLOps: Vector Indexing,COMPLETED,8.220,26,1
2026-06-14T20:42:28Z,MLOps: Sentiment Enrichment,COMPLETED,7.798,29,1
2026-06-14T20:42:35Z,MLOps: Vector Indexing,COMPLETED,8.439,29,1
2026-06-14T21:42:24Z,MLOps: Sentiment Enrichment,COMPLETED,6.700,11,1
2026-06-14T21:42:31Z,MLOps: Vector Indexing,COMPLETED,8.316,11,1
2026-06-14T22:42:25Z,MLOps: Sentiment Enrichment,COMPLETED,6.500,2,1
2026-06-14T22:42:31Z,MLOps: Vector Indexing,COMPLETED,8.415,2,1
2026-06-14T23:42:25Z,MLOps: Sentiment Enrichment,COMPLETED,6.379,5,1
2026-06-14T23:42:31Z,MLOps: Vector Indexing,COMPLETED,8.054,5,1
2026-06-15T00:42:25Z,MLOps: Sentiment Enrichment,COMPLETED,6.215,5,1
2026-06-15T00:42:31Z,MLOps: Vector Indexing,COMPLETED,8.039,5,1
2026-06-15T01:42:24Z,MLOps: Sentiment Enrichment,COMPLETED,6.381,3,1
2026-06-15T01:42:31Z,MLOps: Vector Indexing,COMPLETED,8.331,3,1
2026-06-15T02:42:24Z,MLOps: Sentiment Enrichment,COMPLETED,6.586,6,1
2026-06-15T02:42:31Z,MLOps: Vector Indexing,COMPLETED,8.292,6,1
2026-06-15T03:42:24Z,MLOps: Sentiment Enrichment,COMPLETED,6.630,5,1
2026-06-15T03:42:31Z,MLOps: Vector Indexing,COMPLETED,8.204,5,1
2026-06-15T04:42:24Z,MLOps: Sentiment Enrichment,COMPLETED,6.611,6,1
2026-06-15T04:42:31Z,MLOps: Vector Indexing,COMPLETED,8.186,6,1
2026-06-15T05:42:25Z,MLOps: Sentiment Enrichment,COMPLETED,6.341,2,1
2026-06-15T05:42:32Z,MLOps: Vector Indexing,COMPLETED,8.251,2,1
2026-06-15T06:42:24Z,MLOps: Sentiment Enrichment,COMPLETED,6.349,3,1
2026-06-15T06:42:31Z,MLOps: Vector Indexing,COMPLETED,8.225,3,1
2026-06-15T07:42:24Z,MLOps: Sentiment Enrichment,COMPLETED,7.524,18,1
2026-06-15T07:42:32Z,MLOps: Vector Indexing,COMPLETED,8.369,18,1
2026-06-15T08:42:25Z,MLOps: Sentiment Enrichment,COMPLETED,6.188,1,1
2026-06-15T08:42:31Z,MLOps: Vector Indexing,COMPLETED,8.303,1,1
2026-06-15T09:42:25Z,MLOps: Sentiment Enrichment,COMPLETED,8.768,47,1
2026-06-15T09:42:33Z,MLOps: Vector Indexing,COMPLETED,8.731,47,1
2026-06-15T10:42:24Z,MLOps: Sentiment Enrichment,COMPLETED,7.320,19,1
2026-06-15T10:42:31Z,MLOps: Vector Indexing,COMPLETED,8.332,19,1
2026-06-15T11:42:25Z,MLOps: Sentiment Enrichment,COMPLETED,7.426,24,1
2026-06-15T11:42:32Z,MLOps: Vector Indexing,COMPLETED,8.495,24,1
2026-06-15T12:42:25Z,MLOps: Sentiment Enrichment,COMPLETED,8.149,30,1
2026-06-15T12:42:33Z,MLOps: Vector Indexing,COMPLETED,8.637,30,1
2026-06-15T13:42:25Z,MLOps: Sentiment Enrichment,COMPLETED,7.577,26,1
2026-06-15T13:42:32Z,MLOps: Vector Indexing,COMPLETED,8.268,26,1
2026-06-15T14:42:26Z,MLOps: Sentiment Enrichment,COMPLETED,7.921,25,1
2026-06-15T14:42:34Z,MLOps: Vector Indexing,COMPLETED,8.425,25,1
2026-06-15T15:42:24Z,MLOps: Sentiment Enrichment,COMPLETED,7.578,28,1
2026-06-15T15:42:32Z,MLOps: Vector Indexing,COMPLETED,8.254,28,1
2026-06-15T16:42:24Z,MLOps: Sentiment Enrichment,COMPLETED,7.364,17,1
2026-06-15T16:42:32Z,MLOps: Vector Indexing,COMPLETED,8.413,17,1
2026-06-15T17:42:25Z,MLOps: Sentiment Enrichment,COMPLETED,7.014,14,1
2026-06-15T17:42:32Z,MLOps: Vector Indexing,COMPLETED,8.288,14,1
2026-06-15T18:42:26Z,MLOps: Sentiment Enrichment,COMPLETED,8.189,31,1
2026-06-15T18:42:35Z,MLOps: Vector Indexing,COMPLETED,8.561,31,1
2026-06-15T19:42:25Z,MLOps: Sentiment Enrichment,COMPLETED,6.798,7,1
2026-06-15T19:42:32Z,MLOps: Vector Indexing,COMPLETED,8.189,7,1
2026-06-15T20:42:24Z,MLOps: Sentiment Enrichment,COMPLETED,6.773,8,1
2026-06-15T20:42:31Z,MLOps: Vector Indexing,COMPLETED,8.309,8,1
2026-06-15T21:42:24Z,MLOps: Sentiment Enrichment,COMPLETED,6.888,10,1
2026-06-15T21:42:31Z,MLOps: Vector Indexing,COMPLETED,8.283,10,1
2026-06-15T22:42:25Z,MLOps: Sentiment Enrichment,COMPLETED,7.059,13,1
2026-06-15T22:42:32Z,MLOps: Vector Indexing,COMPLETED,8.415,13,1
2026-06-15T23:42:27Z,MLOps: Sentiment Enrichment,COMPLETED,6.558,5,1
2026-06-15T23:42:33Z,MLOps: Vector Indexing,COMPLETED,8.152,5,1
2026-06-16T00:42:25Z,MLOps: Sentiment Enrichment,COMPLETED,6.377,3,1
2026-06-16T00:42:31Z,MLOps: Vector Indexing,COMPLETED,8.323,3,1
2026-06-16T01:42:27Z,MLOps: Sentiment Enrichment,COMPLETED,6.421,2,1
2026-06-16T01:42:33Z,MLOps: Vector Indexing,COMPLETED,8.122,2,1
2026-06-16T02:42:25Z,MLOps: Sentiment Enrichment,COMPLETED,4.811,0,0
2026-06-16T02:42:30Z,MLOps: Vector Indexing,COMPLETED,1.487,0,0
2026-06-16T03:42:25Z,MLOps: Sentiment Enrichment,COMPLETED,6.317,1,1
2026-06-16T03:42:31Z,MLOps: Vector Indexing,COMPLETED,8.254,1,1
2026-06-16T04:42:24Z,MLOps: Sentiment Enrichment,COMPLETED,6.394,2,1
2026-06-16T04:42:31Z,MLOps: Vector Indexing,COMPLETED,8.112,2,1
2026-06-16T05:42:25Z,MLOps: Sentiment Enrichment,COMPLETED,6.479,3,1
2026-06-16T05:42:31Z,MLOps: Vector Indexing,COMPLETED,8.360,3,1
2026-06-16T06:42:24Z,MLOps: Sentiment Enrichment,COMPLETED,4.854,0,0
2026-06-16T06:42:29Z,MLOps: Vector Indexing,COMPLETED,1.480,0,0
2026-06-16T07:42:25Z,MLOps: Sentiment Enrichment,COMPLETED,6.814,10,1
2026-06-16T07:42:31Z,MLOps: Vector Indexing,COMPLETED,8.204,10,1
2026-06-16T08:42:25Z,MLOps: Sentiment Enrichment,COMPLETED,6.998,14,1
2026-06-16T08:42:32Z,MLOps: Vector Indexing,COMPLETED,8.302,14,1
2026-06-16T09:42:25Z,MLOps: Sentiment Enrichment,COMPLETED,7.373,21,1
2026-06-16T09:42:32Z,MLOps: Vector Indexing,COMPLETED,8.330,21,1
2026-06-16T10:42:24Z,MLOps: Sentiment Enrichment,COMPLETED,7.625,19,1
2026-06-16T10:42:32Z,MLOps: Vector Indexing,COMPLETED,8.411,19,1
2026-06-16T11:42:28Z,MLOps: Sentiment Enrichment,COMPLETED,8.144,30,1
2026-06-16T11:42:36Z,MLOps: Vector Indexing,COMPLETED,8.687,30,1
2026-06-16T12:42:25Z,MLOps: Sentiment Enrichment,COMPLETED,7.980,30,1
2026-06-16T12:42:33Z,MLOps: Vector Indexing,COMPLETED,8.449,30,1
2026-06-16T13:42:24Z,MLOps: Sentiment Enrichment,COMPLETED,8.070,30,1
2026-06-16T13:42:32Z,MLOps: Vector Indexing,COMPLETED,8.484,30,1
2026-06-16T14:42:24Z,MLOps: Sentiment Enrichment,COMPLETED,7.464,21,1
2026-06-16T14:42:31Z,MLOps: Vector Indexing,COMPLETED,8.329,21,1
2026-06-16T15:42:25Z,MLOps: Sentiment Enrichment,COMPLETED,8.583,36,1
2026-06-16T15:42:34Z,MLOps: Vector Indexing,COMPLETED,8.364,36,1
2026-06-16T16:42:25Z,MLOps: Sentiment Enrichment,COMPLETED,7.153,19,1
2026-06-16T16:42:32Z,MLOps: Vector Indexing,COMPLETED,8.230,19,1
2026-06-16T17:42:24Z,MLOps: Sentiment Enrichment,COMPLETED,7.398,22,1
2026-06-16T17:42:31Z,MLOps: Vector Indexing,COMPLETED,8.349,22,1
2026-06-16T18:42:24Z,MLOps: Sentiment Enrichment,COMPLETED,6.696,10,1
2026-06-16T18:42:31Z,MLOps: Vector Indexing,COMPLETED,8.364,10,1
2026-06-16T19:42:25Z,MLOps: Sentiment Enrichment,COMPLETED,6.951,14,1
2026-06-16T19:42:32Z,MLOps: Vector Indexing,COMPLETED,8.223,14,1
2026-06-16T20:42:24Z,MLOps: Sentiment Enrichment,COMPLETED,7.160,16,1
2026-06-16T20:42:31Z,MLOps: Vector Indexing,COMPLETED,8.266,16,1
2026-06-16T21:42:24Z,MLOps: Sentiment Enrichment,COMPLETED,6.726,9,1
2026-06-16T21:42:31Z,MLOps: Vector Indexing,COMPLETED,8.239,9,1
2026-06-16T22:42:25Z,MLOps: Sentiment Enrichment,COMPLETED,6.970,13,1
2026-06-16T22:42:32Z,MLOps: Vector Indexing,COMPLETED,8.279,13,1
2026-06-16T23:42:24Z,MLOps: Sentiment Enrichment,COMPLETED,6.960,12,1
2026-06-16T23:42:31Z,MLOps: Vector Indexing,COMPLETED,8.188,12,1
2026-06-17T00:42:24Z,MLOps: Sentiment Enrichment,COMPLETED,6.599,8,1
2026-06-17T00:42:31Z,MLOps: Vector Indexing,COMPLETED,8.200,8,1
2026-06-17T01:42:25Z,MLOps: Sentiment Enrichment,COMPLETED,6.360,7,1
2026-06-17T01:42:31Z,MLOps: Vector Indexing,COMPLETED,8.223,7,1
2026-06-17T02:42:25Z,MLOps: Sentiment Enrichment,COMPLETED,6.910,8,1
2026-06-17T02:42:32Z,MLOps: Vector Indexing,COMPLETED,8.199,8,1
2026-06-17T03:42:24Z,MLOps: Sentiment Enrichment,COMPLETED,7.215,15,1
2026-06-17T03:42:31Z,MLOps: Vector Indexing,COMPLETED,8.478,15,1
2026-06-17T04:42:24Z,MLOps: Sentiment Enrichment,COMPLETED,7.321,21,1
2026-06-17T04:42:32Z,MLOps: Vector Indexing,COMPLETED,8.284,21,1
2026-06-17T05:42:24Z,MLOps: Sentiment Enrichment,COMPLETED,7.435,23,1
2026-06-17T05:42:32Z,MLOps: Vector Indexing,COMPLETED,8.273,23,1
2026-06-17T06:42:26Z,MLOps: Sentiment Enrichment,COMPLETED,8.243,34,1
2026-06-17T06:42:34Z,MLOps: Vector Indexing,COMPLETED,8.490,34,1
2026-06-17T07:42:25Z,MLOps: Sentiment Enrichment,COMPLETED,8.248,32,1
2026-06-17T07:42:33Z,MLOps: Vector Indexing,COMPLETED,8.674,32,1
2026-06-17T08:42:24Z,MLOps: Sentiment Enrichment,COMPLETED,7.750,25,1
2026-06-17T08:42:32Z,MLOps: Vector Indexing,COMPLETED,8.278,25,1
2026-06-17T09:42:25Z,MLOps: Sentiment Enrichment,COMPLETED,7.306,21,1
2026-06-17T09:42:32Z,MLOps: Vector Indexing,COMPLETED,8.381,21,1
2026-06-17T10:42:24Z,MLOps: Sentiment Enrichment,COMPLETED,8.604,34,1
2026-06-17T10:42:33Z,MLOps: Vector Indexing,COMPLETED,8.653,34,1
2026-06-17T11:42:24Z,MLOps: Sentiment Enrichment,COMPLETED,7.803,25,1
2026-06-17T11:42:32Z,MLOps: Vector Indexing,COMPLETED,8.546,25,1
2026-06-17T12:42:24Z,MLOps: Sentiment Enrichment,COMPLETED,7.403,19,1
2026-06-17T12:42:32Z,MLOps: Vector Indexing,COMPLETED,8.370,19,1
2026-06-17T13:42:25Z,MLOps: Sentiment Enrichment,COMPLETED,7.678,25,1
2026-06-17T13:42:33Z,MLOps: Vector Indexing,COMPLETED,8.361,25,1
2026-06-17T14:42:25Z,MLOps: Sentiment Enrichment,COMPLETED,8.208,38,1
2026-06-17T14:42:33Z,MLOps: Vector Indexing,COMPLETED,8.604,38,1
2026-06-17T15:42:24Z,MLOps: Sentiment Enrichment,COMPLETED,7.767,25,1
2026-06-17T15:42:32Z,MLOps: Vector Indexing,COMPLETED,8.422,25,1
2026-06-17T16:42:24Z,MLOps: Sentiment Enrichment,COMPLETED,8.548,37,1
2026-06-17T16:42:33Z,MLOps: Vector Indexing,COMPLETED,8.506,37,1
2026-06-17T17:42:27Z,MLOps: Sentiment Enrichment,COMPLETED,8.422,37,1
2026-06-17T17:42:36Z,MLOps: Vector Indexing,COMPLETED,8.410,37,1
2026-06-17T18:42:25Z,MLOps: Sentiment Enrichment,COMPLETED,6.873,12,1
2026-06-17T18:42:32Z,MLOps: Vector Indexing,COMPLETED,8.461,12,1
2026-06-17T19:42:25Z,MLOps: Sentiment Enrichment,COMPLETED,6.857,14,1
2026-06-17T19:42:32Z,MLOps: Vector Indexing,COMPLETED,8.369,14,1
2026-06-17T20:42:24Z,MLOps: Sentiment Enrichment,COMPLETED,6.840,13,1
2026-06-17T20:42:31Z,MLOps: Vector Indexing,COMPLETED,8.468,13,1
2026-06-17T21:42:25Z,MLOps: Sentiment Enrichment,COMPLETED,7.101,13,1
2026-06-17T21:42:32Z,MLOps: Vector Indexing,COMPLETED,8.278,13,1
2026-06-17T22:42:24Z,MLOps: Sentiment Enrichment,COMPLETED,7.032,18,1
2026-06-17T22:42:31Z,MLOps: Vector Indexing,COMPLETED,8.382,18,1
2026-06-17T23:42:25Z,MLOps: Sentiment Enrichment,COMPLETED,6.802,12,1
2026-06-17T23:42:32Z,MLOps: Vector Indexing,COMPLETED,8.242,12,1
2026-06-18T00:42:24Z,MLOps: Sentiment Enrichment,COMPLETED,6.748,7,1
2026-06-18T00:42:31Z,MLOps: Vector Indexing,COMPLETED,8.281,7,1
2026-06-18T01:42:24Z,MLOps: Sentiment Enrichment,COMPLETED,6.496,8,1
2026-06-18T01:42:31Z,MLOps: Vector Indexing,COMPLETED,8.276,8,1
2026-06-18T02:42:24Z,MLOps: Sentiment Enrichment,COMPLETED,6.831,8,1
2026-06-18T02:42:31Z,MLOps: Vector Indexing,COMPLETED,8.363,8,1
2026-06-18T03:42:26Z,MLOps: Sentiment Enrichment,COMPLETED,6.429,2,1
2026-06-18T03:42:33Z,MLOps: Vector Indexing,COMPLETED,8.221,2,1
2026-06-18T04:42:25Z,MLOps: Sentiment Enrichment,COMPLETED,7.486,16,1
2026-06-18T04:42:32Z,MLOps: Vector Indexing,COMPLETED,8.406,16,1
2026-06-18T05:42:25Z,MLOps: Sentiment Enrichment,COMPLETED,8.037,32,1
2026-06-18T05:42:33Z,MLOps: Vector Indexing,COMPLETED,8.427,32,1
2026-06-18T06:42:25Z,MLOps: Sentiment Enrichment,COMPLETED,8.126,32,1
2026-06-18T06:42:33Z,MLOps: Vector Indexing,COMPLETED,8.470,32,1
2026-06-18T07:42:24Z,MLOps: Sentiment Enrichment,COMPLETED,8.022,30,1
2026-06-18T07:42:33Z,MLOps: Vector Indexing,COMPLETED,8.380,30,1
2026-06-18T08:42:25Z,MLOps: Sentiment Enrichment,COMPLETED,7.352,16,1
2026-06-18T08:42:32Z,MLOps: Vector Indexing,COMPLETED,8.414,16,1
2026-06-18T09:42:25Z,MLOps: Sentiment Enrichment,COMPLETED,7.107,20,1
2026-06-18T09:42:32Z,MLOps: Vector Indexing,COMPLETED,8.412,20,1
2026-06-18T10:42:24Z,MLOps: Sentiment Enrichment,COMPLETED,7.753,18,1
2026-06-18T10:42:32Z,MLOps: Vector Indexing,COMPLETED,8.616,18,1
2026-06-18T11:42:26Z,MLOps: Sentiment Enrichment,COMPLETED,6.831,10,1
2026-06-18T11:42:33Z,MLOps: Vector Indexing,COMPLETED,8.396,10,1
2026-06-18T12:42:25Z,MLOps: Sentiment Enrichment,COMPLETED,7.404,21,1
2026-06-18T12:42:32Z,MLOps: Vector Indexing,COMPLETED,8.386,21,1
2026-06-18T13:42:26Z,MLOps: Sentiment Enrichment,COMPLETED,7.363,21,1
2026-06-18T13:42:33Z,MLOps: Vector Indexing,COMPLETED,8.495,21,1
2026-06-18T14:42:24Z,MLOps: Sentiment Enrichment,COMPLETED,8.019,34,1
2026-06-18T14:42:33Z,MLOps: Vector Indexing,COMPLETED,8.671,34,1
2026-06-18T15:42:26Z,MLOps: Sentiment Enrichment,COMPLETED,7.245,21,1
2026-06-18T15:42:33Z,MLOps: Vector Indexing,COMPLETED,8.400,21,1
2026-06-18T16:42:24Z,MLOps: Sentiment Enrichment,COMPLETED,7.105,16,1
2026-06-18T16:42:32Z,MLOps: Vector Indexing,COMPLETED,8.221,16,1
2026-06-18T17:42:24Z,MLOps: Sentiment Enrichment,COMPLETED,7.235,18,1
2026-06-18T17:42:32Z,MLOps: Vector Indexing,COMPLETED,8.299,18,1
2026-06-18T18:42:25Z,MLOps: Sentiment Enrichment,COMPLETED,7.279,19,1
2026-06-18T18:42:32Z,MLOps: Vector Indexing,COMPLETED,8.566,19,1
2026-06-18T19:42:25Z,MLOps: Sentiment Enrichment,COMPLETED,6.804,11,1
2026-06-18T19:42:31Z,MLOps: Vector Indexing,COMPLETED,8.060,11,1
2026-06-18T20:42:25Z,MLOps: Sentiment Enrichment,COMPLETED,6.868,16,1
2026-06-18T20:42:32Z,MLOps: Vector Indexing,COMPLETED,8.173,16,1
2026-06-18T21:42:24Z,MLOps: Sentiment Enrichment,COMPLETED,7.125,19,1
2026-06-18T21:42:32Z,MLOps: Vector Indexing,COMPLETED,8.355,19,1
2026-06-18T22:42:24Z,MLOps: Sentiment Enrichment,COMPLETED,6.799,14,1
2026-06-18T22:42:31Z,MLOps: Vector Indexing,COMPLETED,8.310,14,1
2026-06-18T23:42:27Z,MLOps: Sentiment Enrichment,COMPLETED,6.815,12,1
2026-06-18T23:42:34Z,MLOps: Vector Indexing,COMPLETED,8.195,12,1
2026-06-19T00:42:25Z,MLOps: Sentiment Enrichment,COMPLETED,6.615,8,1
2026-06-19T00:42:31Z,MLOps: Vector Indexing,COMPLETED,8.241,8,1
2026-06-19T01:42:25Z,MLOps: Sentiment Enrichment,COMPLETED,6.592,8,1
2026-06-19T01:42:31Z,MLOps: Vector Indexing,COMPLETED,8.238,8,1
2026-06-19T02:42:25Z,MLOps: Sentiment Enrichment,COMPLETED,126.874,8,1
2026-06-19T02:44:31Z,MLOps: Vector Indexing,COMPLETED,8.314,8,1
2026-06-19T03:42:25Z,MLOps: Sentiment Enrichment,COMPLETED,7.092,14,1
2026-06-19T03:42:32Z,MLOps: Vector Indexing,COMPLETED,8.611,14,1
2026-06-19T04:42:25Z,MLOps: Sentiment Enrichment,COMPLETED,7.665,20,1
2026-06-19T04:42:32Z,MLOps: Vector Indexing,COMPLETED,8.350,20,1
2026-06-19T05:42:25Z,MLOps: Sentiment Enrichment,COMPLETED,8.206,36,1
2026-06-19T05:42:34Z,MLOps: Vector Indexing,COMPLETED,8.411,36,1
2026-06-19T06:42:24Z,MLOps: Sentiment Enrichment,COMPLETED,7.919,32,1
2026-06-19T06:42:32Z,MLOps: Vector Indexing,COMPLETED,8.506,32,1
2026-06-19T07:42:25Z,MLOps: Sentiment Enrichment,COMPLETED,7.868,29,1
2026-06-19T07:42:33Z,MLOps: Vector Indexing,COMPLETED,8.741,29,1
2026-06-19T08:42:25Z,MLOps: Sentiment Enrichment,COMPLETED,7.884,31,1
2026-06-19T08:42:33Z,MLOps: Vector Indexing,COMPLETED,8.370,31,1
2026-06-19T09:42:24Z,MLOps: Sentiment Enrichment,COMPLETED,7.437,21,1
2026-06-19T09:42:32Z,MLOps: Vector Indexing,COMPLETED,8.359,21,1
2026-06-19T10:42:25Z,MLOps: Sentiment Enrichment,COMPLETED,7.508,21,1
2026-06-19T10:42:33Z,MLOps: Vector Indexing,COMPLETED,8.443,21,1
2026-06-19T11:42:24Z,MLOps: Sentiment Enrichment,COMPLETED,7.593,23,1
2026-06-19T11:42:32Z,MLOps: Vector Indexing,COMPLETED,8.685,23,1
2026-06-19T12:42:25Z,MLOps: Sentiment Enrichment,COMPLETED,7.497,18,1
2026-06-19T12:42:32Z,MLOps: Vector Indexing,COMPLETED,8.459,18,1
2026-06-19T13:42:25Z,MLOps: Sentiment Enrichment,COMPLETED,7.263,20,1
2026-06-19T13:42:32Z,MLOps: Vector Indexing,COMPLETED,8.351,20,1
2026-06-19T14:42:24Z,MLOps: Sentiment Enrichment,COMPLETED,7.189,19,1
2026-06-19T14:42:32Z,MLOps: Vector Indexing,COMPLETED,8.456,19,1
2026-06-19T15:42:24Z,MLOps: Sentiment Enrichment,COMPLETED,7.707,27,1
2026-06-19T15:42:32Z,MLOps: Vector Indexing,COMPLETED,8.365,27,1
2026-06-19T16:42:24Z,MLOps: Sentiment Enrichment,COMPLETED,8.158,35,1
2026-06-19T16:42:32Z,MLOps: Vector Indexing,COMPLETED,8.448,35,1
2026-06-19T17:42:24Z,MLOps: Sentiment Enrichment,COMPLETED,8.006,32,1
2026-06-19T17:42:32Z,MLOps: Vector Indexing,COMPLETED,8.469,32,1
2026-06-19T18:42:24Z,MLOps: Sentiment Enrichment,COMPLETED,7.257,13,1
2026-06-19T18:42:31Z,MLOps: Vector Indexing,COMPLETED,8.343,13,1
2026-06-19T19:42:24Z,MLOps: Sentiment Enrichment,COMPLETED,7.706,29,1
2026-06-19T19:42:32Z,MLOps: Vector Indexing,COMPLETED,8.313,29,1
2026-06-19T20:42:24Z,MLOps: Sentiment Enrichment,COMPLETED,7.256,21,1
2026-06-19T20:42:31Z,MLOps: Vector Indexing,COMPLETED,8.244,21,1
2026-06-19T21:42:25Z,MLOps: Sentiment Enrichment,COMPLETED,7.072,16,1
2026-06-19T21:42:32Z,MLOps: Vector Indexing,COMPLETED,8.246,16,1
2026-06-19T22:42:28Z,MLOps: Sentiment Enrichment,COMPLETED,6.916,15,1
2026-06-19T22:42:35Z,MLOps: Vector Indexing,COMPLETED,8.380,15,1
2026-06-19T23:42:24Z,MLOps: Sentiment Enrichment,COMPLETED,7.089,16,1
2026-06-19T23:42:31Z,MLOps: Vector Indexing,COMPLETED,8.152,16,1
2026-06-20T00:42:25Z,MLOps: Sentiment Enrichment,COMPLETED,7.160,19,1
2026-06-20T00:42:32Z,MLOps: Vector Indexing,COMPLETED,8.399,19,1
2026-06-20T01:42:25Z,MLOps: Sentiment Enrichment,COMPLETED,7.527,23,1
2026-06-20T01:42:32Z,MLOps: Vector Indexing,COMPLETED,8.441,23,1
2026-06-20T02:42:24Z,MLOps: Sentiment Enrichment,COMPLETED,8.161,34,1
2026-06-20T02:42:32Z,MLOps: Vector Indexing,COMPLETED,8.516,34,1
2026-06-20T03:42:24Z,MLOps: Sentiment Enrichment,COMPLETED,6.919,15,1
2026-06-20T03:42:31Z,MLOps: Vector Indexing,COMPLETED,8.311,15,1
2026-06-20T04:42:28Z,MLOps: Sentiment Enrichment,COMPLETED,6.563,2,1
2026-06-20T04:42:34Z,MLOps: Vector Indexing,COMPLETED,8.339,2,1
2026-06-20T05:42:26Z,MLOps: Sentiment Enrichment,COMPLETED,7.351,16,1
2026-06-20T05:42:33Z,MLOps: Vector Indexing,COMPLETED,8.438,16,1
2026-06-20T06:42:24Z,MLOps: Sentiment Enrichment,COMPLETED,6.749,14,1
2026-06-20T06:42:31Z,MLOps: Vector Indexing,COMPLETED,8.223,14,1
2026-06-20T07:42:24Z,MLOps: Sentiment Enrichment,COMPLETED,7.557,20,1
2026-06-20T07:42:32Z,MLOps: Vector Indexing,COMPLETED,8.583,20,1
2026-06-20T08:42:24Z,MLOps: Sentiment Enrichment,COMPLETED,7.694,25,1
2026-06-20T08:42:32Z,MLOps: Vector Indexing,COMPLETED,8.539,25,1
2026-06-20T09:42:25Z,MLOps: Sentiment Enrichment,COMPLETED,7.130,19,1
2026-06-20T09:42:32Z,MLOps: Vector Indexing,COMPLETED,8.328,19,1
2026-06-20T10:42:25Z,MLOps: Sentiment Enrichment,COMPLETED,7.440,20,1
2026-06-20T10:42:32Z,MLOps: Vector Indexing,COMPLETED,8.291,20,1
2026-06-20T11:42:24Z,MLOps: Sentiment Enrichment,COMPLETED,8.160,37,1
2026-06-20T11:42:33Z,MLOps: Vector Indexing,COMPLETED,8.536,37,1
2026-06-20T12:42:25Z,MLOps: Sentiment Enrichment,COMPLETED,7.328,21,1
2026-06-20T12:42:32Z,MLOps: Vector Indexing,COMPLETED,8.449,21,1
2026-06-20T13:42:25Z,MLOps: Sentiment Enrichment,COMPLETED,8.507,38,1
2026-06-20T13:42:34Z,MLOps: Vector Indexing,COMPLETED,8.622,38,1
2026-06-20T14:42:25Z,MLOps: Sentiment Enrichment,COMPLETED,7.677,26,1
2026-06-20T14:42:33Z,MLOps: Vector Indexing,COMPLETED,8.453,26,1
2026-06-20T15:42:25Z,MLOps: Sentiment Enrichment,COMPLETED,6.570,9,1
2026-06-20T15:42:31Z,MLOps: Vector Indexing,COMPLETED,8.362,9,1
2026-06-20T16:42:25Z,MLOps: Sentiment Enrichment,COMPLETED,7.407,17,1
2026-06-20T16:42:32Z,MLOps: Vector Indexing,COMPLETED,8.720,17,1
2026-06-20T17:42:25Z,MLOps: Sentiment Enrichment,COMPLETED,6.797,13,1
2026-06-20T17:42:31Z,MLOps: Vector Indexing,COMPLETED,8.834,13,1
2026-06-20T18:42:24Z,MLOps: Sentiment Enrichment,COMPLETED,6.928,14,1
2026-06-20T18:42:31Z,MLOps: Vector Indexing,COMPLETED,8.608,14,1
2026-06-20T19:42:25Z,MLOps: Sentiment Enrichment,COMPLETED,8.478,40,1
2026-06-20T19:42:33Z,MLOps: Vector Indexing,COMPLETED,8.435,40,1
2026-06-20T20:42:24Z,MLOps: Sentiment Enrichment,COMPLETED,6.660,10,1
2026-06-20T20:42:31Z,MLOps: Vector Indexing,COMPLETED,8.344,10,1
2026-06-20T21:42:25Z,MLOps: Sentiment Enrichment,COMPLETED,6.864,13,1
2026-06-20T21:42:32Z,MLOps: Vector Indexing,COMPLETED,8.412,13,1
2026-06-20T22:42:24Z,MLOps: Sentiment Enrichment,COMPLETED,6.722,8,1
2026-06-20T22:42:31Z,MLOps: Vector Indexing,COMPLETED,8.270,8,1
2026-06-20T23:42:24Z,MLOps: Sentiment Enrichment,COMPLETED,6.421,7,1
2026-06-20T23:42:30Z,MLOps: Vector Indexing,COMPLETED,8.086,7,1
2026-06-21T00:42:25Z,MLOps: Sentiment Enrichment,COMPLETED,8.088,31,1
2026-06-21T00:42:33Z,MLOps: Vector Indexing,COMPLETED,8.542,31,1
2026-06-21T01:42:25Z,MLOps: Sentiment Enrichment,COMPLETED,7.695,25,1
2026-06-21T01:42:32Z,MLOps: Vector Indexing,COMPLETED,8.352,25,1
2026-06-21T02:42:24Z,MLOps: Sentiment Enrichment,COMPLETED,7.104,12,1
2026-06-21T02:42:31Z,MLOps: Vector Indexing,COMPLETED,8.645,12,1
2026-06-21T03:42:24Z,MLOps: Sentiment Enrichment,COMPLETED,7.573,19,1
2026-06-21T03:42:32Z,MLOps: Vector Indexing,COMPLETED,8.455,19,1
2026-06-21T04:42:24Z,MLOps: Sentiment Enrichment,COMPLETED,6.655,8,1
2026-06-21T04:42:31Z,MLOps: Vector Indexing,COMPLETED,8.330,8,1
2026-06-21T05:42:24Z,MLOps: Sentiment Enrichment,COMPLETED,6.644,11,1
2026-06-21T05:42:31Z,MLOps: Vector Indexing,COMPLETED,8.266,11,1
2026-06-21T06:42:24Z,MLOps: Sentiment Enrichment,COMPLETED,6.723,8,1
2026-06-21T06:42:31Z,MLOps: Vector Indexing,COMPLETED,8.107,8,1
2026-06-21T07:42:24Z,MLOps: Sentiment Enrichment,COMPLETED,6.463,4,1
2026-06-21T07:42:31Z,MLOps: Vector Indexing,COMPLETED,8.236,4,1
2026-06-21T08:42:25Z,MLOps: Sentiment Enrichment,COMPLETED,6.768,10,1
2026-06-21T08:42:32Z,MLOps: Vector Indexing,COMPLETED,8.221,10,1
2026-06-21T09:42:24Z,MLOps: Sentiment Enrichment,COMPLETED,6.949,13,1
2026-06-21T09:42:31Z,MLOps: Vector Indexing,COMPLETED,8.327,13,1
2026-06-21T10:42:24Z,MLOps: Sentiment Enrichment,COMPLETED,7.191,19,1
2026-06-21T10:42:31Z,MLOps: Vector Indexing,COMPLETED,8.349,19,1
2026-06-21T11:42:25Z,MLOps: Sentiment Enrichment,COMPLETED,6.753,10,1
2026-06-21T11:42:31Z,MLOps: Vector Indexing,COMPLETED,8.155,10,1
2026-06-21T12:42:24Z,MLOps: Sentiment Enrichment,COMPLETED,6.727,9,1
2026-06-21T12:42:31Z,MLOps: Vector Indexing,COMPLETED,8.237,9,1
2026-06-21T13:42:25Z,MLOps: Sentiment Enrichment,COMPLETED,6.833,11,1
2026-06-21T13:42:31Z,MLOps: Vector Indexing,COMPLETED,8.264,11,1
2026-06-21T14:42:24Z,MLOps: Sentiment Enrichment,COMPLETED,6.460,7,1
2026-06-21T14:42:31Z,MLOps: Vector Indexing,COMPLETED,8.172,7,1
2026-06-21T15:42:25Z,MLOps: Sentiment Enrichment,COMPLETED,7.090,17,1
2026-06-21T15:42:32Z,MLOps: Vector Indexing,COMPLETED,8.405,17,1
2026-06-21T16:42:25Z,MLOps: Sentiment Enrichment,COMPLETED,7.407,21,1
2026-06-21T16:42:32Z,MLOps: Vector Indexing,COMPLETED,8.435,21,1
2026-06-21T17:42:24Z,MLOps: Sentiment Enrichment,COMPLETED,6.841,12,1
2026-06-21T17:42:31Z,MLOps: Vector Indexing,COMPLETED,8.282,12,1
2026-06-21T18:42:25Z,MLOps: Sentiment Enrichment,COMPLETED,6.922,11,1
2026-06-21T18:42:32Z,MLOps: Vector Indexing,COMPLETED,8.215,11,1
2026-06-21T19:42:24Z,MLOps: Sentiment Enrichment,COMPLETED,6.404,6,1
2026-06-21T19:42:30Z,MLOps: Vector Indexing,COMPLETED,8.097,6,1
2026-06-21T20:42:25Z,MLOps: Sentiment Enrichment,COMPLETED,6.720,14,1
2026-06-21T20:42:31Z,MLOps: Vector Indexing,COMPLETED,8.412,14,1
2026-06-21T21:42:25Z,MLOps: Sentiment Enrichment,COMPLETED,6.423,3,1
2026-06-21T21:42:31Z,MLOps: Vector Indexing,COMPLETED,8.282,3,1
2026-06-21T22:42:24Z,MLOps: Sentiment Enrichment,COMPLETED,7.096,15,1
2026-06-21T22:42:32Z,MLOps: Vector Indexing,COMPLETED,8.347,15,1
2026-06-21T23:42:24Z,MLOps: Sentiment Enrichment,COMPLETED,6.773,8,1
2026-06-21T23:42:31Z,MLOps: Vector Indexing,COMPLETED,8.161,8,1
2026-06-22T00:42:24Z,MLOps: Sentiment Enrichment,COMPLETED,6.681,7,1
2026-06-22T00:42:31Z,MLOps: Vector Indexing,COMPLETED,8.211,7,1
2026-06-22T01:42:26Z,MLOps: Sentiment Enrichment,COMPLETED,6.669,9,1
2026-06-22T01:42:32Z,MLOps: Vector Indexing,COMPLETED,8.208,9,1
2026-06-22T02:42:25Z,MLOps: Sentiment Enrichment,COMPLETED,6.510,6,1
2026-06-22T02:42:31Z,MLOps: Vector Indexing,COMPLETED,8.240,6,1
2026-06-22T03:42:25Z,MLOps: Sentiment Enrichment,COMPLETED,6.575,2,1
2026-06-22T03:42:31Z,MLOps: Vector Indexing,COMPLETED,8.275,2,1
2026-06-22T04:42:25Z,MLOps: Sentiment Enrichment,COMPLETED,6.476,2,1
2026-06-22T04:42:32Z,MLOps: Vector Indexing,COMPLETED,8.113,2,1
2026-06-22T05:42:25Z,MLOps: Sentiment Enrichment,COMPLETED,6.424,4,1
2026-06-22T05:42:31Z,MLOps: Vector Indexing,COMPLETED,8.188,4,1
2026-06-22T06:42:27Z,MLOps: Sentiment Enrichment,COMPLETED,6.375,1,1
2026-06-22T06:42:33Z,MLOps: Vector Indexing,COMPLETED,8.332,1,1
2026-06-22T07:42:25Z,MLOps: Sentiment Enrichment,COMPLETED,6.829,12,1
2026-06-22T07:42:32Z,MLOps: Vector Indexing,COMPLETED,8.344,12,1
2026-06-22T08:42:25Z,MLOps: Sentiment Enrichment,COMPLETED,6.732,8,1
2026-06-22T08:42:31Z,MLOps: Vector Indexing,COMPLETED,8.222,8,1
2026-06-22T09:42:24Z,MLOps: Sentiment Enrichment,COMPLETED,8.509,36,1
2026-06-22T09:42:33Z,MLOps: Vector Indexing,COMPLETED,8.734,36,1
2026-06-22T10:42:25Z,MLOps: Sentiment Enrichment,COMPLETED,7.247,19,1
2026-06-22T10:42:32Z,MLOps: Vector Indexing,COMPLETED,8.539,19,1
2026-06-22T11:42:24Z,MLOps: Sentiment Enrichment,COMPLETED,6.803,13,1
2026-06-22T11:42:31Z,MLOps: Vector Indexing,COMPLETED,8.442,13,1
2026-06-22T12:42:25Z,MLOps: Sentiment Enrichment,COMPLETED,8.552,40,1
2026-06-22T12:42:33Z,MLOps: Vector Indexing,COMPLETED,8.591,40,1
2026-06-22T13:42:25Z,MLOps: Sentiment Enrichment,COMPLETED,8.405,38,1
2026-06-22T13:42:34Z,MLOps: Vector Indexing,COMPLETED,8.537,38,1
2026-06-22T14:42:24Z,MLOps: Sentiment Enrichment,COMPLETED,8.374,35,1
2026-06-22T14:42:32Z,MLOps: Vector Indexing,COMPLETED,8.283,35,1
2026-06-22T15:42:25Z,MLOps: Sentiment Enrichment,COMPLETED,7.537,22,1
2026-06-22T15:42:32Z,MLOps: Vector Indexing,COMPLETED,8.369,22,1
2026-06-22T16:42:24Z,MLOps: Sentiment Enrichment,COMPLETED,7.171,16,1
2026-06-22T16:42:31Z,MLOps: Vector Indexing,COMPLETED,8.499,16,1
2026-06-22T17:42:24Z,MLOps: Sentiment Enrichment,COMPLETED,7.390,22,1
2026-06-22T17:42:31Z,MLOps: Vector Indexing,COMPLETED,8.231,22,1
2026-06-22T18:42:24Z,MLOps: Sentiment Enrichment,COMPLETED,7.911,33,1
2026-06-22T18:42:32Z,MLOps: Vector Indexing,COMPLETED,8.470,33,1
2026-06-22T19:42:24Z,MLOps: Sentiment Enrichment,COMPLETED,6.696,8,1
2026-06-22T19:42:31Z,MLOps: Vector Indexing,COMPLETED,8.310,8,1
2026-06-22T20:42:24Z,MLOps: Sentiment Enrichment,COMPLETED,6.898,12,1
2026-06-22T20:42:31Z,MLOps: Vector Indexing,COMPLETED,8.073,12,1
2026-06-22T21:42:24Z,MLOps: Sentiment Enrichment,COMPLETED,6.994,15,1
2026-06-22T21:42:31Z,MLOps: Vector Indexing,COMPLETED,8.335,15,1
2026-06-22T22:42:25Z,MLOps: Sentiment Enrichment,COMPLETED,6.923,11,1
2026-06-22T22:42:32Z,MLOps: Vector Indexing,COMPLETED,8.177,11,1
2026-06-22T23:42:24Z,MLOps: Sentiment Enrichment,COMPLETED,6.207,1,1
2026-06-22T23:42:30Z,MLOps: Vector Indexing,COMPLETED,8.180,1,1
2026-06-23T00:42:25Z,MLOps: Sentiment Enrichment,COMPLETED,6.353,4,1
2026-06-23T00:42:31Z,MLOps: Vector Indexing,COMPLETED,8.201,4,1
2026-06-23T01:42:24Z,MLOps: Sentiment Enrichment,COMPLETED,6.524,3,1
2026-06-23T01:42:31Z,MLOps: Vector Indexing,COMPLETED,8.406,3,1
2026-06-23T02:42:25Z,MLOps: Sentiment Enrichment,COMPLETED,6.612,3,1
2026-06-23T02:42:31Z,MLOps: Vector Indexing,COMPLETED,8.422,3,1
2026-06-23T03:42:25Z,MLOps: Sentiment Enrichment,COMPLETED,6.542,3,1
2026-06-23T03:42:31Z,MLOps: Vector Indexing,COMPLETED,8.378,3,1
2026-06-23T04:42:24Z,MLOps: Sentiment Enrichment,COMPLETED,6.295,1,1
2026-06-23T04:42:31Z,MLOps: Vector Indexing,COMPLETED,8.336,1,1
2026-06-23T05:42:24Z,MLOps: Sentiment Enrichment,COMPLETED,6.942,9,1
2026-06-23T05:42:31Z,MLOps: Vector Indexing,COMPLETED,8.233,9,1
2026-06-23T06:42:27Z,MLOps: Sentiment Enrichment,COMPLETED,6.910,13,1
2026-06-23T06:42:34Z,MLOps: Vector Indexing,COMPLETED,8.422,13,1
2026-06-23T07:42:24Z,MLOps: Sentiment Enrichment,COMPLETED,6.362,2,1
2026-06-23T07:42:31Z,MLOps: Vector Indexing,COMPLETED,8.293,2,1
2026-06-23T08:42:24Z,MLOps: Sentiment Enrichment,COMPLETED,6.281,1,1
2026-06-23T08:42:30Z,MLOps: Vector Indexing,COMPLETED,8.367,1,1
2026-06-23T09:42:25Z,MLOps: Sentiment Enrichment,COMPLETED,8.307,35,1
2026-06-23T09:42:33Z,MLOps: Vector Indexing,COMPLETED,8.449,35,1
2026-06-23T10:42:24Z,MLOps: Sentiment Enrichment,COMPLETED,7.237,16,1
2026-06-23T10:42:32Z,MLOps: Vector Indexing,COMPLETED,8.299,16,1
2026-06-23T11:42:24Z,MLOps: Sentiment Enrichment,COMPLETED,7.254,14,1
2026-06-23T11:42:32Z,MLOps: Vector Indexing,COMPLETED,8.755,14,1
2026-06-23T12:42:25Z,MLOps: Sentiment Enrichment,COMPLETED,7.230,21,1
2026-06-23T12:42:32Z,MLOps: Vector Indexing,COMPLETED,8.397,21,1
2026-06-23T13:42:26Z,MLOps: Sentiment Enrichment,COMPLETED,7.848,24,1
2026-06-23T13:42:33Z,MLOps: Vector Indexing,COMPLETED,8.490,24,1
2026-06-23T14:42:25Z,MLOps: Sentiment Enrichment,COMPLETED,7.470,18,1
2026-06-23T14:42:32Z,MLOps: Vector Indexing,COMPLETED,8.738,18,1
2026-06-23T15:42:25Z,MLOps: Sentiment Enrichment,COMPLETED,8.263,36,1
2026-06-23T15:42:33Z,MLOps: Vector Indexing,COMPLETED,8.682,36,1
2026-06-23T16:42:24Z,MLOps: Sentiment Enrichment,COMPLETED,8.032,31,1
2026-06-23T16:42:32Z,MLOps: Vector Indexing,COMPLETED,8.351,31,1
2026-06-23T17:42:26Z,MLOps: Sentiment Enrichment,COMPLETED,7.034,14,1
2026-06-23T17:42:33Z,MLOps: Vector Indexing,COMPLETED,8.358,14,1
2026-06-23T18:42:24Z,MLOps: Sentiment Enrichment,COMPLETED,6.784,10,1
2026-06-23T18:42:31Z,MLOps: Vector Indexing,COMPLETED,8.481,10,1
2026-06-23T19:42:28Z,MLOps: Sentiment Enrichment,COMPLETED,6.972,13,1
2026-06-23T19:42:35Z,MLOps: Vector Indexing,COMPLETED,8.389,13,1
2026-06-23T20:42:24Z,MLOps: Sentiment Enrichment,COMPLETED,6.657,8,1
2026-06-23T20:42:31Z,MLOps: Vector Indexing,COMPLETED,8.152,8,1
2026-06-23T21:42:25Z,MLOps: Sentiment Enrichment,COMPLETED,6.919,16,1
2026-06-23T21:42:32Z,MLOps: Vector Indexing,COMPLETED,8.289,16,1
2026-06-23T22:42:24Z,MLOps: Sentiment Enrichment,COMPLETED,6.851,10,1
2026-06-23T22:42:31Z,MLOps: Vector Indexing,COMPLETED,8.272,10,1
2026-06-23T23:42:24Z,MLOps: Sentiment Enrichment,COMPLETED,7.143,17,1
2026-06-23T23:42:31Z,MLOps: Vector Indexing,COMPLETED,8.453,17,1
2026-06-24T00:42:28Z,MLOps: Sentiment Enrichment,COMPLETED,7.593,19,1
2026-06-24T00:42:35Z,MLOps: Vector Indexing,COMPLETED,9.035,19,1
2026-06-24T01:42:25Z,MLOps: Sentiment Enrichment,COMPLETED,6.507,7,1
2026-06-24T01:42:31Z,MLOps: Vector Indexing,COMPLETED,8.314,7,1
2026-06-24T02:42:24Z,MLOps: Sentiment Enrichment,COMPLETED,6.711,7,1
2026-06-24T02:42:31Z,MLOps: Vector Indexing,COMPLETED,8.497,7,1
2026-06-24T03:42:24Z,MLOps: Sentiment Enrichment,COMPLETED,6.800,9,1
2026-06-24T03:42:31Z,MLOps: Vector Indexing,COMPLETED,8.395,9,1
2026-06-24T04:42:25Z,MLOps: Sentiment Enrichment,COMPLETED,7.426,19,1
2026-06-24T04:42:32Z,MLOps: Vector Indexing,COMPLETED,8.560,19,1
2026-06-24T05:42:24Z,MLOps: Sentiment Enrichment,COMPLETED,7.054,17,1
2026-06-24T05:42:31Z,MLOps: Vector Indexing,COMPLETED,8.305,17,1
2026-06-24T06:42:25Z,MLOps: Sentiment Enrichment,COMPLETED,7.602,18,1
2026-06-24T06:42:33Z,MLOps: Vector Indexing,COMPLETED,8.359,18,1
2026-06-24T07:42:25Z,MLOps: Sentiment Enrichment,COMPLETED,7.806,26,1
2026-06-24T07:42:32Z,MLOps: Vector Indexing,COMPLETED,8.507,26,1
2026-06-24T08:42:25Z,MLOps: Sentiment Enrichment,COMPLETED,7.910,30,1
2026-06-24T08:42:33Z,MLOps: Vector Indexing,COMPLETED,8.828,30,1
2026-06-24T09:42:25Z,MLOps: Sentiment Enrichment,COMPLETED,8.041,28,1
2026-06-24T09:42:33Z,MLOps: Vector Indexing,COMPLETED,8.451,28,1
2026-06-24T10:42:24Z,MLOps: Sentiment Enrichment,COMPLETED,7.610,20,1
2026-06-24T10:42:32Z,MLOps: Vector Indexing,COMPLETED,8.710,20,1
2026-06-24T11:42:25Z,MLOps: Sentiment Enrichment,COMPLETED,7.146,19,1
2026-06-24T11:42:32Z,MLOps: Vector Indexing,COMPLETED,8.603,19,1
2026-06-24T12:42:25Z,MLOps: Sentiment Enrichment,COMPLETED,8.347,40,1
2026-06-24T12:42:34Z,MLOps: Vector Indexing,COMPLETED,8.675,40,1
2026-06-24T13:42:24Z,MLOps: Sentiment Enrichment,COMPLETED,8.696,39,1
2026-06-24T13:42:33Z,MLOps: Vector Indexing,COMPLETED,8.690,39,1
2026-06-24T14:42:24Z,MLOps: Sentiment Enrichment,COMPLETED,8.615,37,1
2026-06-24T14:42:33Z,MLOps: Vector Indexing,COMPLETED,8.451,37,1
2026-06-24T15:42:25Z,MLOps: Sentiment Enrichment,COMPLETED,7.927,27,1
2026-06-24T15:42:33Z,MLOps: Vector Indexing,COMPLETED,8.356,27,1
2026-06-24T16:42:26Z,MLOps: Sentiment Enrichment,COMPLETED,7.517,22,1
2026-06-24T16:42:34Z,MLOps: Vector Indexing,COMPLETED,8.394,22,1
2026-06-24T17:42:24Z,MLOps: Sentiment Enrichment,COMPLETED,7.186,15,1
2026-06-24T17:42:31Z,MLOps: Vector Indexing,COMPLETED,8.296,15,1
2026-06-24T18:42:25Z,MLOps: Sentiment Enrichment,COMPLETED,6.815,14,1
2026-06-24T18:42:31Z,MLOps: Vector Indexing,COMPLETED,8.295,14,1
2026-06-24T19:42:25Z,MLOps: Sentiment Enrichment,COMPLETED,7.139,20,1
2026-06-24T19:42:32Z,MLOps: Vector Indexing,COMPLETED,8.458,20,1
2026-06-24T20:42:24Z,MLOps: Sentiment Enrichment,COMPLETED,7.079,18,1
2026-06-24T20:42:31Z,MLOps: Vector Indexing,COMPLETED,8.433,18,1
2026-06-24T21:42:24Z,MLOps: Sentiment Enrichment,COMPLETED,7.152,17,1
2026-06-24T21:42:31Z,MLOps: Vector Indexing,COMPLETED,8.334,17,1
2026-06-24T22:42:27Z,MLOps: Sentiment Enrichment,COMPLETED,7.780,24,1
2026-06-24T22:42:35Z,MLOps: Vector Indexing,COMPLETED,8.501,24,1
2026-06-24T23:42:25Z,MLOps: Sentiment Enrichment,COMPLETED,7.834,27,1
2026-06-24T23:42:33Z,MLOps: Vector Indexing,COMPLETED,8.375,27,1
2026-06-25T00:42:25Z,MLOps: Sentiment Enrichment,COMPLETED,6.675,7,1
2026-06-25T00:42:31Z,MLOps: Vector Indexing,COMPLETED,8.436,7,1
2026-06-25T01:42:24Z,MLOps: Sentiment Enrichment,COMPLETED,6.909,13,1
2026-06-25T01:42:31Z,MLOps: Vector Indexing,COMPLETED,8.345,13,1
2026-06-25T02:42:25Z,MLOps: Sentiment Enrichment,COMPLETED,7.189,13,1
2026-06-25T02:42:32Z,MLOps: Vector Indexing,COMPLETED,8.323,13,1
2026-06-25T03:42:25Z,MLOps: Sentiment Enrichment,COMPLETED,6.520,5,1
2026-06-25T03:42:31Z,MLOps: Vector Indexing,COMPLETED,8.407,5,1
2026-06-25T04:42:25Z,MLOps: Sentiment Enrichment,COMPLETED,8.044,31,1
2026-06-25T04:42:33Z,MLOps: Vector Indexing,COMPLETED,8.419,31,1
2026-06-25T05:42:24Z,MLOps: Sentiment Enrichment,COMPLETED,7.264,22,1
2026-06-25T05:42:32Z,MLOps: Vector Indexing,COMPLETED,8.342,22,1
2026-06-25T06:42:24Z,MLOps: Sentiment Enrichment,COMPLETED,7.884,29,1
2026-06-25T06:42:32Z,MLOps: Vector Indexing,COMPLETED,8.499,29,1
2026-06-25T07:42:27Z,MLOps: Sentiment Enrichment,COMPLETED,8.358,39,1
2026-06-25T07:42:35Z,MLOps: Vector Indexing,COMPLETED,8.713,39,1
2026-06-25T08:42:24Z,MLOps: Sentiment Enrichment,COMPLETED,7.740,20,1
2026-06-25T08:42:32Z,MLOps: Vector Indexing,COMPLETED,8.659,20,1
2026-06-25T09:42:24Z,MLOps: Sentiment Enrichment,COMPLETED,7.131,18,1
2026-06-25T09:42:31Z,MLOps: Vector Indexing,COMPLETED,8.605,18,1
2026-06-25T10:42:25Z,MLOps: Sentiment Enrichment,COMPLETED,7.504,23,1
2026-06-25T10:42:32Z,MLOps: Vector Indexing,COMPLETED,8.554,23,1
2026-06-25T11:42:24Z,MLOps: Sentiment Enrichment,COMPLETED,7.359,15,1
2026-06-25T11:42:32Z,MLOps: Vector Indexing,COMPLETED,8.775,15,1
2026-06-25T12:42:24Z,MLOps: Sentiment Enrichment,COMPLETED,7.016,18,1
2026-06-25T12:42:31Z,MLOps: Vector Indexing,COMPLETED,8.497,18,1
2026-06-25T13:42:24Z,MLOps: Sentiment Enrichment,COMPLETED,8.807,40,1
2026-06-25T13:42:33Z,MLOps: Vector Indexing,COMPLETED,8.768,40,1
2026-06-25T14:42:25Z,MLOps: Sentiment Enrichment,COMPLETED,7.906,28,1
2026-06-25T14:42:33Z,MLOps: Vector Indexing,COMPLETED,8.550,28,1
2026-06-25T15:42:24Z,MLOps: Sentiment Enrichment,COMPLETED,7.857,25,1
2026-06-25T15:42:32Z,MLOps: Vector Indexing,COMPLETED,8.590,25,1
2026-06-25T16:42:24Z,MLOps: Sentiment Enrichment,COMPLETED,7.719,23,1
2026-06-25T16:42:32Z,MLOps: Vector Indexing,COMPLETED,8.734,23,1
2026-06-25T17:42:24Z,MLOps: Sentiment Enrichment,COMPLETED,7.347,21,1
2026-06-25T17:42:32Z,MLOps: Vector Indexing,COMPLETED,8.427,21,1
2026-06-25T18:42:25Z,MLOps: Sentiment Enrichment,COMPLETED,7.432,22,1
2026-06-25T18:42:32Z,MLOps: Vector Indexing,COMPLETED,8.713,22,1
2026-06-25T19:42:25Z,MLOps: Sentiment Enrichment,COMPLETED,7.064,18,1
2026-06-25T19:42:32Z,MLOps: Vector Indexing,COMPLETED,8.459,18,1
2026-06-25T20:42:24Z,MLOps: Sentiment Enrichment,COMPLETED,6.915,16,1
2026-06-25T20:42:31Z,MLOps: Vector Indexing,COMPLETED,8.362,16,1
2026-06-25T21:42:25Z,MLOps: Sentiment Enrichment,COMPLETED,8.149,32,1
2026-06-25T21:42:33Z,MLOps: Vector Indexing,COMPLETED,8.415,32,1
2026-06-25T22:42:25Z,MLOps: Sentiment Enrichment,COMPLETED,7.160,18,1
2026-06-25T22:42:32Z,MLOps: Vector Indexing,COMPLETED,8.343,18,1
2026-06-25T23:42:27Z,MLOps: Sentiment Enrichment,COMPLETED,7.344,16,1
2026-06-25T23:42:34Z,MLOps: Vector Indexing,COMPLETED,8.272,16,1
2026-06-26T00:42:24Z,MLOps: Sentiment Enrichment,COMPLETED,7.153,17,1
2026-06-26T00:42:31Z,MLOps: Vector Indexing,COMPLETED,8.387,17,1
2026-06-26T01:42:26Z,MLOps: Sentiment Enrichment,COMPLETED,6.724,9,1
2026-06-26T01:42:33Z,MLOps: Vector Indexing,COMPLETED,8.376,9,1
2026-06-26T02:42:25Z,MLOps: Sentiment Enrichment,COMPLETED,6.881,7,1
2026-06-26T02:42:32Z,MLOps: Vector Indexing,COMPLETED,8.670,7,1
2026-06-26T03:42:25Z,MLOps: Sentiment Enrichment,COMPLETED,6.975,9,1
2026-06-26T03:42:32Z,MLOps: Vector Indexing,COMPLETED,8.409,9,1
2026-06-26T04:42:25Z,MLOps: Sentiment Enrichment,COMPLETED,7.646,20,1
2026-06-26T04:42:32Z,MLOps: Vector Indexing,COMPLETED,8.525,20,1
2026-06-26T05:42:25Z,MLOps: Sentiment Enrichment,COMPLETED,8.145,34,1
2026-06-26T05:42:34Z,MLOps: Vector Indexing,COMPLETED,8.561,34,1
2026-06-26T06:42:24Z,MLOps: Sentiment Enrichment,COMPLETED,7.560,26,1
2026-06-26T06:42:32Z,MLOps: Vector Indexing,COMPLETED,8.466,26,1
2026-06-26T07:42:24Z,MLOps: Sentiment Enrichment,COMPLETED,8.580,35,1
2026-06-26T07:42:33Z,MLOps: Vector Indexing,COMPLETED,8.569,35,1
2026-06-26T08:42:27Z,MLOps: Sentiment Enrichment,COMPLETED,8.254,33,1
2026-06-26T08:42:35Z,MLOps: Vector Indexing,COMPLETED,8.647,33,1
2026-06-26T09:42:25Z,MLOps: Sentiment Enrichment,COMPLETED,7.264,13,1
2026-06-26T09:42:32Z,MLOps: Vector Indexing,COMPLETED,8.597,13,1
2026-06-26T10:42:24Z,MLOps: Sentiment Enrichment,COMPLETED,7.644,23,1
2026-06-26T10:42:32Z,MLOps: Vector Indexing,COMPLETED,8.543,23,1
2026-06-26T11:42:24Z,MLOps: Sentiment Enrichment,COMPLETED,7.152,11,1
2026-06-26T11:42:31Z,MLOps: Vector Indexing,COMPLETED,8.562,11,1
2026-06-26T12:42:24Z,MLOps: Sentiment Enrichment,COMPLETED,7.449,16,1
2026-06-26T12:42:32Z,MLOps: Vector Indexing,COMPLETED,8.469,16,1
2026-06-26T13:42:24Z,MLOps: Sentiment Enrichment,COMPLETED,7.125,12,1
2026-06-26T13:42:31Z,MLOps: Vector Indexing,COMPLETED,8.628,12,1
2026-06-26T14:42:24Z,MLOps: Sentiment Enrichment,COMPLETED,7.512,17,1
2026-06-26T14:42:32Z,MLOps: Vector Indexing,COMPLETED,8.447,17,1
2026-06-26T15:42:24Z,MLOps: Sentiment Enrichment,COMPLETED,7.759,28,1
2026-06-26T15:42:32Z,MLOps: Vector Indexing,COMPLETED,8.610,28,1
2026-06-26T16:42:24Z,MLOps: Sentiment Enrichment,COMPLETED,7.260,18,1
2026-06-26T16:42:31Z,MLOps: Vector Indexing,COMPLETED,8.441,18,1
2026-06-26T17:42:25Z,MLOps: Sentiment Enrichment,COMPLETED,7.296,19,1
2026-06-26T17:42:32Z,MLOps: Vector Indexing,COMPLETED,8.324,19,1
2026-06-26T18:42:24Z,MLOps: Sentiment Enrichment,COMPLETED,7.869,30,1
2026-06-26T18:42:32Z,MLOps: Vector Indexing,COMPLETED,8.581,30,1
2026-06-26T19:42:25Z,MLOps: Sentiment Enrichment,COMPLETED,7.560,24,1
2026-06-26T19:42:32Z,MLOps: Vector Indexing,COMPLETED,8.339,24,1
2026-06-26T20:42:24Z,MLOps: Sentiment Enrichment,COMPLETED,7.637,29,1
2026-06-26T20:42:32Z,MLOps: Vector Indexing,COMPLETED,8.388,29,1
2026-06-26T21:42:25Z,MLOps: Sentiment Enrichment,COMPLETED,7.277,18,1
2026-06-26T21:42:32Z,MLOps: Vector Indexing,COMPLETED,8.454,18,1
2026-06-26T22:42:24Z,MLOps: Sentiment Enrichment,COMPLETED,6.874,13,1
2026-06-26T22:42:31Z,MLOps: Vector Indexing,COMPLETED,8.299,13,1
2026-06-26T23:42:24Z,MLOps: Sentiment Enrichment,COMPLETED,7.202,18,1
2026-06-26T23:42:31Z,MLOps: Vector Indexing,COMPLETED,8.377,18,1
2026-06-27T00:42:24Z,MLOps: Sentiment Enrichment,COMPLETED,7.099,17,1
2026-06-27T00:42:31Z,MLOps: Vector Indexing,COMPLETED,8.330,17,1
2026-06-27T01:42:25Z,MLOps: Sentiment Enrichment,COMPLETED,7.584,25,1
2026-06-27T01:42:33Z,MLOps: Vector Indexing,COMPLETED,8.455,25,1
2026-06-27T02:42:24Z,MLOps: Sentiment Enrichment,COMPLETED,7.995,29,1
2026-06-27T02:42:32Z,MLOps: Vector Indexing,COMPLETED,8.452,29,1
2026-06-27T03:42:24Z,MLOps: Sentiment Enrichment,COMPLETED,7.263,18,1
2026-06-27T03:42:32Z,MLOps: Vector Indexing,COMPLETED,8.314,18,1
2026-06-27T04:42:24Z,MLOps: Sentiment Enrichment,COMPLETED,6.410,2,1
2026-06-27T04:42:31Z,MLOps: Vector Indexing,COMPLETED,8.253,2,1
2026-06-27T05:42:25Z,MLOps: Sentiment Enrichment,COMPLETED,7.081,13,1
2026-06-27T05:42:32Z,MLOps: Vector Indexing,COMPLETED,8.538,13,1
2026-06-27T06:42:24Z,MLOps: Sentiment Enrichment,COMPLETED,8.314,27,1
2026-06-27T06:42:32Z,MLOps: Vector Indexing,COMPLETED,8.718,27,1
2026-06-27T07:42:24Z,MLOps: Sentiment Enrichment,COMPLETED,7.264,21,1
2026-06-27T07:42:31Z,MLOps: Vector Indexing,COMPLETED,8.374,21,1
2026-06-27T08:42:25Z,MLOps: Sentiment Enrichment,COMPLETED,7.622,26,1
2026-06-27T08:42:32Z,MLOps: Vector Indexing,COMPLETED,8.262,26,1
2026-06-27T09:42:24Z,MLOps: Sentiment Enrichment,COMPLETED,7.505,25,1
2026-06-27T09:42:32Z,MLOps: Vector Indexing,COMPLETED,8.194,25,1
2026-06-27T10:42:24Z,MLOps: Sentiment Enrichment,COMPLETED,7.344,19,1
2026-06-27T10:42:32Z,MLOps: Vector Indexing,COMPLETED,8.709,19,1
2026-06-27T11:42:24Z,MLOps: Sentiment Enrichment,COMPLETED,7.114,19,1
2026-06-27T11:42:31Z,MLOps: Vector Indexing,COMPLETED,8.405,19,1
2026-06-27T12:42:25Z,MLOps: Sentiment Enrichment,COMPLETED,8.597,41,1
2026-06-27T12:42:33Z,MLOps: Vector Indexing,COMPLETED,8.499,41,1
2026-06-27T13:42:24Z,MLOps: Sentiment Enrichment,COMPLETED,7.862,30,1
2026-06-27T13:42:32Z,MLOps: Vector Indexing,COMPLETED,8.431,30,1
2026-06-27T14:42:24Z,MLOps: Sentiment Enrichment,COMPLETED,7.723,27,1
2026-06-27T14:42:32Z,MLOps: Vector Indexing,COMPLETED,8.235,27,1
2026-06-27T15:42:24Z,MLOps: Sentiment Enrichment,COMPLETED,7.468,19,1
2026-06-27T15:42:32Z,MLOps: Vector Indexing,COMPLETED,8.357,19,1
2026-06-27T16:42:24Z,MLOps: Sentiment Enrichment,COMPLETED,7.739,26,1
2026-06-27T16:42:32Z,MLOps: Vector Indexing,COMPLETED,8.199,26,1
2026-06-27T17:42:25Z,MLOps: Sentiment Enrichment,COMPLETED,6.755,10,1
2026-06-27T17:42:32Z,MLOps: Vector Indexing,COMPLETED,8.150,10,1
2026-06-27T18:42:25Z,MLOps: Sentiment Enrichment,COMPLETED,7.865,28,1
2026-06-27T18:42:33Z,MLOps: Vector Indexing,COMPLETED,8.215,28,1
2026-06-27T19:42:25Z,MLOps: Sentiment Enrichment,COMPLETED,8.795,42,1
2026-06-27T19:42:34Z,MLOps: Vector Indexing,COMPLETED,8.550,42,1
2026-06-27T20:42:25Z,MLOps: Sentiment Enrichment,COMPLETED,7.562,25,1
2026-06-27T20:42:32Z,MLOps: Vector Indexing,COMPLETED,8.256,25,1
2026-06-27T21:42:25Z,MLOps: Sentiment Enrichment,COMPLETED,6.802,9,1
2026-06-27T21:42:32Z,MLOps: Vector Indexing,COMPLETED,8.301,9,1
2026-06-27T22:42:25Z,MLOps: Sentiment Enrichment,COMPLETED,7.792,26,1
2026-06-27T22:42:33Z,MLOps: Vector Indexing,COMPLETED,8.328,26,1
2026-06-27T23:42:25Z,MLOps: Sentiment Enrichment,COMPLETED,6.544,5,1
2026-06-27T23:42:32Z,MLOps: Vector Indexing,COMPLETED,8.337,5,1
2026-06-28T00:42:25Z,MLOps: Sentiment Enrichment,COMPLETED,7.435,22,1
2026-06-28T00:42:32Z,MLOps: Vector Indexing,COMPLETED,8.323,22,1
2026-06-28T01:42:25Z,MLOps: Sentiment Enrichment,COMPLETED,7.160,21,1
2026-06-28T01:42:32Z,MLOps: Vector Indexing,COMPLETED,8.255,21,1
2026-06-28T02:42:25Z,MLOps: Sentiment Enrichment,COMPLETED,8.179,30,1
2026-06-28T02:42:33Z,MLOps: Vector Indexing,COMPLETED,8.475,30,1
2026-06-28T03:42:24Z,MLOps: Sentiment Enrichment,COMPLETED,6.893,15,1
2026-06-28T03:42:31Z,MLOps: Vector Indexing,COMPLETED,8.404,15,1
2026-06-28T04:42:26Z,MLOps: Sentiment Enrichment,COMPLETED,7.910,35,1
2026-06-28T04:42:34Z,MLOps: Vector Indexing,COMPLETED,8.422,35,1
2026-06-28T05:42:24Z,MLOps: Sentiment Enrichment,COMPLETED,6.994,14,1
2026-06-28T05:42:31Z,MLOps: Vector Indexing,COMPLETED,8.248,14,1
2026-06-28T06:42:24Z,MLOps: Sentiment Enrichment,COMPLETED,6.922,11,1
2026-06-28T06:42:31Z,MLOps: Vector Indexing,COMPLETED,8.098,11,1
2026-06-28T07:42:24Z,MLOps: Sentiment Enrichment,COMPLETED,7.581,21,1
2026-06-28T07:42:32Z,MLOps: Vector Indexing,COMPLETED,8.274,21,1
2026-06-28T08:42:26Z,MLOps: Sentiment Enrichment,COMPLETED,6.826,12,1
2026-06-28T08:42:33Z,MLOps: Vector Indexing,COMPLETED,8.381,12,1
2026-06-28T09:42:25Z,MLOps: Sentiment Enrichment,COMPLETED,6.996,14,1
2026-06-28T09:42:32Z,MLOps: Vector Indexing,COMPLETED,8.260,14,1
2026-06-28T10:42:27Z,MLOps: Sentiment Enrichment,COMPLETED,6.804,9,1
2026-06-28T10:42:33Z,MLOps: Vector Indexing,COMPLETED,8.149,9,1
2026-06-28T11:42:24Z,MLOps: Sentiment Enrichment,COMPLETED,7.289,15,1
2026-06-28T11:42:31Z,MLOps: Vector Indexing,COMPLETED,8.404,15,1
2026-06-28T12:42:27Z,MLOps: Sentiment Enrichment,COMPLETED,6.841,12,1
2026-06-28T12:42:34Z,MLOps: Vector Indexing,COMPLETED,8.156,12,1
2026-06-28T13:42:24Z,MLOps: Sentiment Enrichment,COMPLETED,6.701,10,1
2026-06-28T13:42:31Z,MLOps: Vector Indexing,COMPLETED,8.305,10,1
2026-06-28T14:42:24Z,MLOps: Sentiment Enrichment,COMPLETED,6.249,3,1
2026-06-28T14:42:30Z,MLOps: Vector Indexing,COMPLETED,8.368,3,1
2026-06-28T15:42:24Z,MLOps: Sentiment Enrichment,COMPLETED,7.097,17,1
2026-06-28T15:42:31Z,MLOps: Vector Indexing,COMPLETED,8.328,17,1
2026-06-28T16:42:24Z,MLOps: Sentiment Enrichment,COMPLETED,6.793,10,1
2026-06-28T16:42:31Z,MLOps: Vector Indexing,COMPLETED,8.433,10,1
2026-06-28T17:42:25Z,MLOps: Sentiment Enrichment,COMPLETED,7.418,22,1
2026-06-28T17:42:32Z,MLOps: Vector Indexing,COMPLETED,8.442,22,1
2026-06-28T18:42:25Z,MLOps: Sentiment Enrichment,COMPLETED,6.786,10,1
2026-06-28T18:42:31Z,MLOps: Vector Indexing,COMPLETED,8.712,10,1
2026-06-28T19:42:25Z,MLOps: Sentiment Enrichment,COMPLETED,7.260,20,1
2026-06-28T19:42:32Z,MLOps: Vector Indexing,COMPLETED,8.565,20,1
2026-06-28T20:42:24Z,MLOps: Sentiment Enrichment,COMPLETED,7.300,18,1
2026-06-28T20:42:31Z,MLOps: Vector Indexing,COMPLETED,8.307,18,1
2026-06-28T21:42:24Z,MLOps: Sentiment Enrichment,COMPLETED,6.614,8,1
2026-06-28T21:42:31Z,MLOps: Vector Indexing,COMPLETED,8.209,8,1
2026-06-28T22:42:25Z,MLOps: Sentiment Enrichment,COMPLETED,6.419,3,1
2026-06-28T22:42:31Z,MLOps: Vector Indexing,COMPLETED,8.244,3,1
2026-06-28T23:42:24Z,MLOps: Sentiment Enrichment,COMPLETED,6.629,11,1
2026-06-28T23:42:31Z,MLOps: Vector Indexing,COMPLETED,8.154,11,1
2026-06-29T00:42:24Z,MLOps: Sentiment Enrichment,COMPLETED,6.717,9,1
2026-06-29T00:42:31Z,MLOps: Vector Indexing,COMPLETED,8.453,9,1
2026-06-29T01:42:24Z,MLOps: Sentiment Enrichment,COMPLETED,6.796,9,1
2026-06-29T01:42:31Z,MLOps: Vector Indexing,COMPLETED,8.308,9,1
2026-06-29T02:42:25Z,MLOps: Sentiment Enrichment,COMPLETED,6.957,8,1
2026-06-29T02:42:32Z,MLOps: Vector Indexing,COMPLETED,8.183,8,1
2026-06-29T03:42:25Z,MLOps: Sentiment Enrichment,COMPLETED,6.957,12,1
2026-06-29T03:42:32Z,MLOps: Vector Indexing,COMPLETED,8.279,12,1
2026-06-29T04:42:25Z,MLOps: Sentiment Enrichment,COMPLETED,7.536,19,1
2026-06-29T04:42:32Z,MLOps: Vector Indexing,COMPLETED,8.410,19,1
2026-06-29T05:42:25Z,MLOps: Sentiment Enrichment,COMPLETED,6.412,3,1
2026-06-29T05:42:31Z,MLOps: Vector Indexing,COMPLETED,8.338,3,1
2026-06-29T06:42:24Z,MLOps: Sentiment Enrichment,COMPLETED,6.358,2,1
2026-06-29T06:42:30Z,MLOps: Vector Indexing,COMPLETED,8.261,2,1
2026-06-29T07:42:26Z,MLOps: Sentiment Enrichment,COMPLETED,7.148,17,1
2026-06-29T07:42:33Z,MLOps: Vector Indexing,COMPLETED,8.241,17,1
2026-06-29T08:42:25Z,MLOps: Sentiment Enrichment,COMPLETED,6.710,4,1
2026-06-29T08:42:32Z,MLOps: Vector Indexing,COMPLETED,8.266,4,1
2026-06-29T09:42:24Z,MLOps: Sentiment Enrichment,COMPLETED,9.087,46,1
2026-06-29T09:42:33Z,MLOps: Vector Indexing,COMPLETED,8.388,46,1
2026-06-29T10:42:24Z,MLOps: Sentiment Enrichment,COMPLETED,7.734,26,1
2026-06-29T10:42:32Z,MLOps: Vector Indexing,COMPLETED,8.442,26,1
2026-06-29T11:42:24Z,MLOps: Sentiment Enrichment,COMPLETED,7.457,23,1
2026-06-29T11:42:32Z,MLOps: Vector Indexing,COMPLETED,8.470,23,1
2026-06-29T12:42:24Z,MLOps: Sentiment Enrichment,COMPLETED,8.666,40,1
2026-06-29T12:42:33Z,MLOps: Vector Indexing,COMPLETED,8.426,40,1
2026-06-29T13:42:25Z,MLOps: Sentiment Enrichment,COMPLETED,8.423,37,1
2026-06-29T13:42:33Z,MLOps: Vector Indexing,COMPLETED,8.782,37,1
2026-06-29T14:42:24Z,MLOps: Sentiment Enrichment,COMPLETED,7.330,22,1
2026-06-29T14:42:31Z,MLOps: Vector Indexing,COMPLETED,8.598,22,1
2026-06-29T15:42:25Z,MLOps: Sentiment Enrichment,COMPLETED,6.983,14,1
2026-06-29T15:42:32Z,MLOps: Vector Indexing,COMPLETED,8.487,14,1
2026-06-29T16:42:28Z,MLOps: Sentiment Enrichment,COMPLETED,7.774,27,1
2026-06-29T16:42:35Z,MLOps: Vector Indexing,COMPLETED,8.379,27,1
2026-06-29T17:42:25Z,MLOps: Sentiment Enrichment,COMPLETED,7.712,30,1
2026-06-29T17:42:32Z,MLOps: Vector Indexing,COMPLETED,8.555,30,1
2026-06-29T18:42:25Z,MLOps: Sentiment Enrichment,COMPLETED,8.425,37,1
2026-06-29T18:42:33Z,MLOps: Vector Indexing,COMPLETED,8.692,37,1
2026-06-29T19:42:25Z,MLOps: Sentiment Enrichment,COMPLETED,6.981,15,1
2026-06-29T19:42:32Z,MLOps: Vector Indexing,COMPLETED,8.305,15,1
2026-06-29T20:42:25Z,MLOps: Sentiment Enrichment,COMPLETED,7.015,14,1
2026-06-29T20:42:32Z,MLOps: Vector Indexing,COMPLETED,8.422,14,1
2026-06-29T21:42:25Z,MLOps: Sentiment Enrichment,COMPLETED,7.098,14,1
2026-06-29T21:42:32Z,MLOps: Vector Indexing,COMPLETED,8.328,14,1
2026-06-29T22:42:25Z,MLOps: Sentiment Enrichment,COMPLETED,6.774,9,1
2026-06-29T22:42:32Z,MLOps: Vector Indexing,COMPLETED,8.202,9,1
2026-06-29T23:42:24Z,MLOps: Sentiment Enrichment,COMPLETED,6.227,1,1
2026-06-29T23:42:31Z,MLOps: Vector Indexing,COMPLETED,8.060,1,1
2026-06-30T00:42:24Z,MLOps: Sentiment Enrichment,COMPLETED,6.587,4,1
2026-06-30T00:42:31Z,MLOps: Vector Indexing,COMPLETED,8.420,4,1
2026-06-30T01:42:25Z,MLOps: Sentiment Enrichment,COMPLETED,6.326,2,1
2026-06-30T01:42:31Z,MLOps: Vector Indexing,COMPLETED,8.247,2,1
2026-06-30T02:42:28Z,MLOps: Sentiment Enrichment,COMPLETED,6.371,2,1
2026-06-30T02:42:34Z,MLOps: Vector Indexing,COMPLETED,8.220,2,1
2026-06-30T03:42:24Z,MLOps: Sentiment Enrichment,COMPLETED,6.340,1,1
2026-06-30T03:42:31Z,MLOps: Vector Indexing,COMPLETED,8.435,1,1
2026-06-30T04:42:25Z,MLOps: Sentiment Enrichment,COMPLETED,6.327,1,1
2026-06-30T04:42:31Z,MLOps: Vector Indexing,COMPLETED,8.195,1,1
2026-06-30T05:42:24Z,MLOps: Sentiment Enrichment,COMPLETED,6.855,2,1
2026-06-30T05:42:31Z,MLOps: Vector Indexing,COMPLETED,8.430,2,1
2026-06-30T06:42:24Z,MLOps: Sentiment Enrichment,COMPLETED,6.798,7,1
2026-06-30T06:42:31Z,MLOps: Vector Indexing,COMPLETED,8.253,7,1
2026-06-30T07:42:25Z,MLOps: Sentiment Enrichment,COMPLETED,6.431,2,1
2026-06-30T07:42:31Z,MLOps: Vector Indexing,COMPLETED,8.432,2,1
2026-06-30T08:42:24Z,MLOps: Sentiment Enrichment,COMPLETED,6.353,2,1
2026-06-30T08:42:31Z,MLOps: Vector Indexing,COMPLETED,8.338,2,1
2026-06-30T09:42:24Z,MLOps: Sentiment Enrichment,COMPLETED,7.517,25,1
2026-06-30T09:42:32Z,MLOps: Vector Indexing,COMPLETED,8.598,25,1
2026-06-30T10:42:25Z,MLOps: Sentiment Enrichment,COMPLETED,7.548,24,1
2026-06-30T10:42:32Z,MLOps: Vector Indexing,COMPLETED,8.527,24,1
2026-06-30T11:42:24Z,MLOps: Sentiment Enrichment,COMPLETED,7.674,24,1
2026-06-30T11:42:32Z,MLOps: Vector Indexing,COMPLETED,8.451,24,1
2026-06-30T12:42:25Z,MLOps: Sentiment Enrichment,COMPLETED,8.860,42,1
2026-06-30T12:42:34Z,MLOps: Vector Indexing,COMPLETED,8.434,42,1
2026-06-30T13:42:25Z,MLOps: Sentiment Enrichment,COMPLETED,9.134,42,1
2026-06-30T13:42:34Z,MLOps: Vector Indexing,COMPLETED,8.519,42,1
2026-06-30T14:42:25Z,MLOps: Sentiment Enrichment,COMPLETED,8.459,36,1
2026-06-30T14:42:33Z,MLOps: Vector Indexing,COMPLETED,8.611,36,1
2026-06-30T15:42:25Z,MLOps: Sentiment Enrichment,COMPLETED,7.489,22,1
2026-06-30T15:42:32Z,MLOps: Vector Indexing,COMPLETED,8.555,22,1
2026-06-30T16:42:25Z,MLOps: Sentiment Enrichment,COMPLETED,7.299,20,1
2026-06-30T16:42:33Z,MLOps: Vector Indexing,COMPLETED,8.331,20,1
2026-06-30T17:42:24Z,MLOps: Sentiment Enrichment,COMPLETED,7.477,26,1
2026-06-30T17:42:32Z,MLOps: Vector Indexing,COMPLETED,8.494,26,1
2026-06-30T18:42:24Z,MLOps: Sentiment Enrichment,COMPLETED,7.005,14,1
2026-06-30T18:42:31Z,MLOps: Vector Indexing,COMPLETED,8.615,14,1
2026-06-30T19:42:25Z,MLOps: Sentiment Enrichment,COMPLETED,7.050,17,1
2026-06-30T19:42:32Z,MLOps: Vector Indexing,COMPLETED,8.382,17,1
2026-06-30T20:42:25Z,MLOps: Sentiment Enrichment,COMPLETED,6.873,13,1
2026-06-30T20:42:32Z,MLOps: Vector Indexing,COMPLETED,8.313,13,1
2026-06-30T21:42:24Z,MLOps: Sentiment Enrichment,COMPLETED,6.960,11,1
2026-06-30T21:42:31Z,MLOps: Vector Indexing,COMPLETED,8.278,11,1
2026-06-30T22:42:25Z,MLOps: Sentiment Enrichment,COMPLETED,6.721,10,1
2026-06-30T22:42:31Z,MLOps: Vector Indexing,COMPLETED,8.607,10,1
2026-06-30T23:42:24Z,MLOps: Sentiment Enrichment,COMPLETED,7.280,14,1
2026-06-30T23:42:32Z,MLOps: Vector Indexing,COMPLETED,8.396,14,1
2026-07-01T00:42:24Z,MLOps: Sentiment Enrichment,COMPLETED,6.648,8,1
2026-07-01T00:42:31Z,MLOps: Vector Indexing,COMPLETED,8.257,8,1
2026-07-01T01:42:25Z,MLOps: Sentiment Enrichment,COMPLETED,6.440,8,1
2026-07-01T01:42:31Z,MLOps: Vector Indexing,COMPLETED,8.351,8,1
2026-07-01T02:42:25Z,MLOps: Sentiment Enrichment,COMPLETED,6.877,8,1
2026-07-01T02:42:32Z,MLOps: Vector Indexing,COMPLETED,8.339,8,1
2026-07-01T03:42:25Z,MLOps: Sentiment Enrichment,COMPLETED,6.777,8,1
2026-07-01T03:42:32Z,MLOps: Vector Indexing,COMPLETED,8.363,8,1
2026-07-01T04:42:25Z,MLOps: Sentiment Enrichment,COMPLETED,7.222,18,1
2026-07-01T04:42:32Z,MLOps: Vector Indexing,COMPLETED,8.478,18,1
2026-07-01T05:42:24Z,MLOps: Sentiment Enrichment,COMPLETED,8.347,35,1
2026-07-01T05:42:32Z,MLOps: Vector Indexing,COMPLETED,8.606,35,1
2026-07-01T06:42:25Z,MLOps: Sentiment Enrichment,COMPLETED,8.711,42,1
2026-07-01T06:42:33Z,MLOps: Vector Indexing,COMPLETED,8.526,42,1
2026-07-01T07:42:25Z,MLOps: Sentiment Enrichment,COMPLETED,8.043,36,1
2026-07-01T07:42:33Z,MLOps: Vector Indexing,COMPLETED,8.570,36,1
2026-07-01T08:42:25Z,MLOps: Sentiment Enrichment,COMPLETED,8.189,34,1
2026-07-01T08:42:33Z,MLOps: Vector Indexing,COMPLETED,8.598,34,1
2026-07-01T09:42:25Z,MLOps: Sentiment Enrichment,COMPLETED,8.130,27,1
2026-07-01T09:42:33Z,MLOps: Vector Indexing,COMPLETED,8.269,27,1
2026-07-01T10:42:24Z,MLOps: Sentiment Enrichment,COMPLETED,8.426,38,1
2026-07-01T10:42:33Z,MLOps: Vector Indexing,COMPLETED,8.765,38,1
2026-07-01T11:42:25Z,MLOps: Sentiment Enrichment,COMPLETED,7.463,28,1
2026-07-01T11:42:32Z,MLOps: Vector Indexing,COMPLETED,8.618,28,1
2026-07-01T12:42:25Z,MLOps: Sentiment Enrichment,COMPLETED,7.637,25,1
2026-07-01T12:42:32Z,MLOps: Vector Indexing,COMPLETED,8.423,25,1
2026-07-01T13:42:24Z,MLOps: Sentiment Enrichment,COMPLETED,8.641,39,1
2026-07-01T13:42:33Z,MLOps: Vector Indexing,COMPLETED,8.872,39,1
2026-07-01T14:42:25Z,MLOps: Sentiment Enrichment,COMPLETED,7.632,24,1
2026-07-01T14:42:32Z,MLOps: Vector Indexing,COMPLETED,8.582,24,1
2026-07-01T15:42:25Z,MLOps: Sentiment Enrichment,COMPLETED,7.648,26,1
2026-07-01T15:42:32Z,MLOps: Vector Indexing,COMPLETED,8.474,26,1
2026-07-01T16:42:24Z,MLOps: Sentiment Enrichment,COMPLETED,8.077,32,1
2026-07-01T16:42:32Z,MLOps: Vector Indexing,COMPLETED,8.612,32,1
2026-07-01T17:42:28Z,MLOps: Sentiment Enrichment,COMPLETED,8.035,31,1
2026-07-01T17:42:36Z,MLOps: Vector Indexing,COMPLETED,8.426,31,1
2026-07-01T18:42:24Z,MLOps: Sentiment Enrichment,COMPLETED,7.014,12,1
2026-07-01T18:42:31Z,MLOps: Vector Indexing,COMPLETED,8.360,12,1
2026-07-01T19:42:24Z,MLOps: Sentiment Enrichment,COMPLETED,6.736,12,1
2026-07-01T19:42:31Z,MLOps: Vector Indexing,COMPLETED,8.559,12,1
2026-07-01T20:42:25Z,MLOps: Sentiment Enrichment,COMPLETED,7.290,19,1
2026-07-01T20:42:32Z,MLOps: Vector Indexing,COMPLETED,8.402,19,1
2026-07-01T21:42:25Z,MLOps: Sentiment Enrichment,COMPLETED,6.870,9,1
2026-07-01T21:42:32Z,MLOps: Vector Indexing,COMPLETED,8.305,9,1
2026-07-01T22:42:24Z,MLOps: Sentiment Enrichment,COMPLETED,7.344,22,1
2026-07-01T22:42:31Z,MLOps: Vector Indexing,COMPLETED,8.223,22,1
2026-07-01T23:42:26Z,MLOps: Sentiment Enrichment,COMPLETED,7.185,17,1
2026-07-01T23:42:33Z,MLOps: Vector Indexing,COMPLETED,8.443,17,1
2026-07-02T00:42:24Z,MLOps: Sentiment Enrichment,COMPLETED,7.251,21,1
2026-07-02T00:42:32Z,MLOps: Vector Indexing,COMPLETED,8.342,21,1
2026-07-02T01:42:25Z,MLOps: Sentiment Enrichment,COMPLETED,6.901,9,1
2026-07-02T01:42:32Z,MLOps: Vector Indexing,COMPLETED,8.423,9,1
2026-07-02T02:42:25Z,MLOps: Sentiment Enrichment,COMPLETED,6.625,8,1
2026-07-02T02:42:31Z,MLOps: Vector Indexing,COMPLETED,8.383,8,1
2026-07-02T03:42:25Z,MLOps: Sentiment Enrichment,COMPLETED,6.897,4,1
2026-07-02T03:42:32Z,MLOps: Vector Indexing,COMPLETED,8.772,4,1
2026-07-02T04:42:25Z,MLOps: Sentiment Enrichment,COMPLETED,7.352,19,1
2026-07-02T04:42:32Z,MLOps: Vector Indexing,COMPLETED,8.427,19,1
2026-07-02T05:42:24Z,MLOps: Sentiment Enrichment,COMPLETED,7.666,24,1
2026-07-02T05:42:32Z,MLOps: Vector Indexing,COMPLETED,8.352,24,1
2026-07-02T06:42:24Z,MLOps: Sentiment Enrichment,COMPLETED,7.211,20,1
2026-07-02T06:42:31Z,MLOps: Vector Indexing,COMPLETED,8.351,20,1
2026-07-02T07:42:27Z,MLOps: Sentiment Enrichment,COMPLETED,7.604,17,1
2026-07-02T07:42:35Z,MLOps: Vector Indexing,COMPLETED,8.472,17,1
2026-07-02T08:42:24Z,MLOps: Sentiment Enrichment,COMPLETED,7.252,13,1
2026-07-02T08:42:32Z,MLOps: Vector Indexing,COMPLETED,8.528,13,1
2026-07-02T09:42:25Z,MLOps: Sentiment Enrichment,COMPLETED,7.151,10,1
2026-07-02T09:42:32Z,MLOps: Vector Indexing,COMPLETED,8.386,10,1
2026-07-02T10:42:24Z,MLOps: Sentiment Enrichment,COMPLETED,6.878,12,1
2026-07-02T10:42:31Z,MLOps: Vector Indexing,COMPLETED,8.194,12,1
2026-07-02T11:42:24Z,MLOps: Sentiment Enrichment,COMPLETED,7.447,23,1
2026-07-02T11:42:32Z,MLOps: Vector Indexing,COMPLETED,8.323,23,1
2026-07-02T12:42:25Z,MLOps: Sentiment Enrichment,COMPLETED,8.359,42,1
2026-07-02T12:42:33Z,MLOps: Vector Indexing,COMPLETED,8.352,42,1
2026-07-02T13:42:24Z,MLOps: Sentiment Enrichment,COMPLETED,7.821,30,1
2026-07-02T13:42:32Z,MLOps: Vector Indexing,COMPLETED,8.498,30,1
2026-07-02T14:42:28Z,MLOps: Sentiment Enrichment,COMPLETED,8.487,37,1
2026-07-02T14:42:37Z,MLOps: Vector Indexing,COMPLETED,8.578,37,1
2026-07-02T15:42:26Z,MLOps: Sentiment Enrichment,COMPLETED,7.037,15,1
2026-07-02T15:42:33Z,MLOps: Vector Indexing,COMPLETED,8.478,15,1
2026-07-02T16:42:25Z,MLOps: Sentiment Enrichment,COMPLETED,7.553,19,1
2026-07-02T16:42:32Z,MLOps: Vector Indexing,COMPLETED,8.451,19,1
2026-07-02T17:42:28Z,MLOps: Sentiment Enrichment,COMPLETED,7.485,22,1
2026-07-02T17:42:35Z,MLOps: Vector Indexing,COMPLETED,9.047,22,1
2026-07-02T18:42:25Z,MLOps: Sentiment Enrichment,COMPLETED,7.331,19,1
2026-07-02T18:42:32Z,MLOps: Vector Indexing,COMPLETED,8.352,19,1
2026-07-02T19:42:25Z,MLOps: Sentiment Enrichment,COMPLETED,6.925,13,1
2026-07-02T19:42:32Z,MLOps: Vector Indexing,COMPLETED,8.387,13,1
2026-07-02T20:42:24Z,MLOps: Sentiment Enrichment,COMPLETED,6.685,11,1
2026-07-02T20:42:31Z,MLOps: Vector Indexing,COMPLETED,8.396,11,1
2026-07-02T21:42:25Z,MLOps: Sentiment Enrichment,COMPLETED,7.397,13,1
2026-07-02T21:42:32Z,MLOps: Vector Indexing,COMPLETED,8.317,13,1
2026-07-02T22:42:28Z,MLOps: Sentiment Enrichment,COMPLETED,7.040,17,1
2026-07-02T22:42:35Z,MLOps: Vector Indexing,COMPLETED,8.321,17,1
2026-07-02T23:42:25Z,MLOps: Sentiment Enrichment,COMPLETED,6.511,5,1
2026-07-02T23:42:31Z,MLOps: Vector Indexing,COMPLETED,8.467,5,1
2026-07-03T00:42:24Z,MLOps: Sentiment Enrichment,COMPLETED,7.058,10,1
2026-07-03T00:42:31Z,MLOps: Vector Indexing,COMPLETED,8.641,10,1
2026-07-03T01:42:25Z,MLOps: Sentiment Enrichment,COMPLETED,6.559,9,1
2026-07-03T01:42:31Z,MLOps: Vector Indexing,COMPLETED,8.207,9,1
2026-07-03T02:42:24Z,MLOps: Sentiment Enrichment,COMPLETED,6.470,6,1
2026-07-03T02:42:30Z,MLOps: Vector Indexing,COMPLETED,8.209,6,1
2026-07-03T03:42:25Z,MLOps: Sentiment Enrichment,COMPLETED,6.668,10,1
2026-07-03T03:42:31Z,MLOps: Vector Indexing,COMPLETED,8.282,10,1
2026-07-03T04:42:25Z,MLOps: Sentiment Enrichment,COMPLETED,6.863,12,1
2026-07-03T04:42:32Z,MLOps: Vector Indexing,COMPLETED,8.230,12,1
2026-07-03T05:42:24Z,MLOps: Sentiment Enrichment,COMPLETED,7.701,27,1
2026-07-03T05:42:32Z,MLOps: Vector Indexing,COMPLETED,8.402,27,1
2026-07-03T06:42:26Z,MLOps: Sentiment Enrichment,COMPLETED,6.861,16,1
2026-07-03T06:42:33Z,MLOps: Vector Indexing,COMPLETED,8.166,16,1
2026-07-03T07:42:25Z,MLOps: Sentiment Enrichment,COMPLETED,8.367,36,1
2026-07-03T07:42:33Z,MLOps: Vector Indexing,COMPLETED,8.429,36,1
2026-07-03T08:42:24Z,MLOps: Sentiment Enrichment,COMPLETED,7.999,34,1
2026-07-03T08:42:32Z,MLOps: Vector Indexing,COMPLETED,8.372,34,1
2026-07-03T09:42:25Z,MLOps: Sentiment Enrichment,COMPLETED,6.971,14,1
2026-07-03T09:42:32Z,MLOps: Vector Indexing,COMPLETED,8.120,14,1
2026-07-03T10:42:26Z,MLOps: Sentiment Enrichment,COMPLETED,6.695,12,1
2026-07-03T10:42:32Z,MLOps: Vector Indexing,COMPLETED,8.213,12,1
2026-07-03T11:42:24Z,MLOps: Sentiment Enrichment,COMPLETED,6.841,14,1
2026-07-03T11:42:31Z,MLOps: Vector Indexing,COMPLETED,8.216,14,1
2026-07-03T12:42:25Z,MLOps: Sentiment Enrichment,COMPLETED,6.966,15,1
2026-07-03T12:42:32Z,MLOps: Vector Indexing,COMPLETED,8.310,15,1
2026-07-03T13:42:24Z,MLOps: Sentiment Enrichment,COMPLETED,7.636,20,1
2026-07-03T13:42:32Z,MLOps: Vector Indexing,COMPLETED,8.706,20,1
2026-07-03T14:42:28Z,MLOps: Sentiment Enrichment,COMPLETED,6.959,17,1
2026-07-03T14:42:35Z,MLOps: Vector Indexing,COMPLETED,8.338,17,1
2026-07-03T15:42:24Z,MLOps: Sentiment Enrichment,COMPLETED,8.236,37,1
2026-07-03T15:42:32Z,MLOps: Vector Indexing,COMPLETED,8.461,37,1
2026-07-03T16:42:25Z,MLOps: Sentiment Enrichment,COMPLETED,6.881,15,1
2026-07-03T16:42:32Z,MLOps: Vector Indexing,COMPLETED,8.132,15,1
2026-07-03T17:42:25Z,MLOps: Sentiment Enrichment,COMPLETED,6.994,15,1
2026-07-03T17:42:32Z,MLOps: Vector Indexing,COMPLETED,8.167,15,1
2026-07-03T18:42:24Z,MLOps: Sentiment Enrichment,COMPLETED,6.842,13,1
2026-07-03T18:42:31Z,MLOps: Vector Indexing,COMPLETED,8.279,13,1
2026-07-03T19:42:25Z,MLOps: Sentiment Enrichment,COMPLETED,7.158,16,1
2026-07-03T19:42:32Z,MLOps: Vector Indexing,COMPLETED,8.202,16,1
2026-07-03T20:42:27Z,MLOps: Sentiment Enrichment,COMPLETED,7.956,32,1
2026-07-03T20:42:35Z,MLOps: Vector Indexing,COMPLETED,8.367,32,1
2026-07-03T21:42:25Z,MLOps: Sentiment Enrichment,COMPLETED,6.886,16,1
2026-07-03T21:42:32Z,MLOps: Vector Indexing,COMPLETED,8.160,16,1
2026-07-03T22:42:25Z,MLOps: Sentiment Enrichment,COMPLETED,6.813,12,1
2026-07-03T22:42:32Z,MLOps: Vector Indexing,COMPLETED,8.167,12,1
2026-07-03T23:42:25Z,MLOps: Sentiment Enrichment,COMPLETED,6.673,13,1
2026-07-03T23:42:31Z,MLOps: Vector Indexing,COMPLETED,8.157,13,1
2026-07-04T00:42:25Z,MLOps: Sentiment Enrichment,COMPLETED,7.771,27,1
2026-07-04T00:42:32Z,MLOps: Vector Indexing,COMPLETED,8.326,27,1
2026-07-04T01:42:24Z,MLOps: Sentiment Enrichment,COMPLETED,8.338,39,1
2026-07-04T01:42:33Z,MLOps: Vector Indexing,COMPLETED,8.406,39,1
2026-07-04T02:42:25Z,MLOps: Sentiment Enrichment,COMPLETED,14.448,34,1
2026-07-04T02:42:39Z,MLOps: Vector Indexing,COMPLETED,28.571,34,1
2026-07-04T03:42:24Z,MLOps: Sentiment Enrichment,COMPLETED,7.257,22,1
2026-07-04T03:42:32Z,MLOps: Vector Indexing,COMPLETED,8.248,22,1
2026-07-04T04:42:26Z,MLOps: Sentiment Enrichment,COMPLETED,6.500,9,1
2026-07-04T04:42:33Z,MLOps: Vector Indexing,COMPLETED,8.223,9,1
2026-07-04T05:42:24Z,MLOps: Sentiment Enrichment,COMPLETED,6.998,14,1
2026-07-04T05:42:31Z,MLOps: Vector Indexing,COMPLETED,8.295,14,1
2026-07-04T06:42:25Z,MLOps: Sentiment Enrichment,COMPLETED,6.862,12,1
2026-07-04T06:42:32Z,MLOps: Vector Indexing,COMPLETED,8.223,12,1
2026-07-04T07:42:24Z,MLOps: Sentiment Enrichment,COMPLETED,7.045,17,1
2026-07-04T07:42:31Z,MLOps: Vector Indexing,COMPLETED,8.245,17,1
2026-07-04T08:42:25Z,MLOps: Sentiment Enrichment,COMPLETED,7.107,15,1
2026-07-04T08:42:32Z,MLOps: Vector Indexing,COMPLETED,8.173,15,1
2026-07-04T09:42:25Z,MLOps: Sentiment Enrichment,COMPLETED,6.926,14,1
2026-07-04T09:42:32Z,MLOps: Vector Indexing,COMPLETED,8.189,14,1
2026-07-04T10:42:24Z,MLOps: Sentiment Enrichment,COMPLETED,7.323,20,1
2026-07-04T10:42:32Z,MLOps: Vector Indexing,COMPLETED,8.370,20,1
2026-07-04T11:42:24Z,MLOps: Sentiment Enrichment,COMPLETED,6.828,16,1
2026-07-04T11:42:31Z,MLOps: Vector Indexing,COMPLETED,8.216,16,1
2026-07-04T12:42:25Z,MLOps: Sentiment Enrichment,COMPLETED,7.180,23,1
2026-07-04T12:42:32Z,MLOps: Vector Indexing,COMPLETED,8.428,23,1
2026-07-04T13:42:25Z,MLOps: Sentiment Enrichment,COMPLETED,8.436,40,1
2026-07-04T13:42:33Z,MLOps: Vector Indexing,COMPLETED,8.337,40,1
2026-07-04T14:42:24Z,MLOps: Sentiment Enrichment,COMPLETED,8.643,50,1
2026-07-04T14:42:33Z,MLOps: Vector Indexing,COMPLETED,8.654,50,1
2026-07-04T15:42:25Z,MLOps: Sentiment Enrichment,COMPLETED,6.676,11,1
2026-07-04T15:42:31Z,MLOps: Vector Indexing,COMPLETED,8.203,11,1
2026-07-04T16:42:24Z,MLOps: Sentiment Enrichment,COMPLETED,6.679,11,1
2026-07-04T16:42:31Z,MLOps: Vector Indexing,COMPLETED,8.234,11,1
2026-07-04T17:42:25Z,MLOps: Sentiment Enrichment,COMPLETED,6.621,10,1
2026-07-04T17:42:31Z,MLOps: Vector Indexing,COMPLETED,8.153,10,1
2026-07-04T18:42:24Z,MLOps: Sentiment Enrichment,COMPLETED,6.767,10,1
2026-07-04T18:42:31Z,MLOps: Vector Indexing,COMPLETED,8.241,10,1
2026-07-04T19:42:25Z,MLOps: Sentiment Enrichment,COMPLETED,7.329,21,1
2026-07-04T19:42:33Z,MLOps: Vector Indexing,COMPLETED,8.265,21,1
2026-07-04T20:42:25Z,MLOps: Sentiment Enrichment,COMPLETED,6.838,12,1
2026-07-04T20:42:31Z,MLOps: Vector Indexing,COMPLETED,8.180,12,1
2026-07-04T21:42:24Z,MLOps: Sentiment Enrichment,COMPLETED,6.843,10,1
2026-07-04T21:42:31Z,MLOps: Vector Indexing,COMPLETED,8.229,10,1
2026-07-04T22:42:25Z,MLOps: Sentiment Enrichment,COMPLETED,6.757,11,1
2026-07-04T22:42:32Z,MLOps: Vector Indexing,COMPLETED,8.311,11,1
2026-07-04T23:42:25Z,MLOps: Sentiment Enrichment,COMPLETED,6.474,8,1
2026-07-04T23:42:31Z,MLOps: Vector Indexing,COMPLETED,8.237,8,1
2026-07-05T00:42:24Z,MLOps: Sentiment Enrichment,COMPLETED,8.774,49,1
2026-07-05T00:42:33Z,MLOps: Vector Indexing,COMPLETED,8.418,49,1
2026-07-05T01:42:24Z,MLOps: Sentiment Enrichment,COMPLETED,7.227,16,1
2026-07-05T01:42:32Z,MLOps: Vector Indexing,COMPLETED,8.231,16,1
2026-07-05T02:42:28Z,MLOps: Sentiment Enrichment,COMPLETED,6.777,14,1
2026-07-05T02:42:34Z,MLOps: Vector Indexing,COMPLETED,8.221,14,1
2026-07-05T03:42:25Z,MLOps: Sentiment Enrichment,COMPLETED,8.511,40,1
2026-07-05T03:42:33Z,MLOps: Vector Indexing,COMPLETED,8.419,40,1
2026-07-05T04:42:24Z,MLOps: Sentiment Enrichment,COMPLETED,6.840,11,1
2026-07-05T04:42:31Z,MLOps: Vector Indexing,COMPLETED,8.232,11,1
2026-07-05T05:42:25Z,MLOps: Sentiment Enrichment,COMPLETED,6.701,10,1
2026-07-05T05:42:31Z,MLOps: Vector Indexing,COMPLETED,8.297,10,1
2026-07-05T06:42:24Z,MLOps: Sentiment Enrichment,COMPLETED,6.902,10,1
2026-07-05T06:42:31Z,MLOps: Vector Indexing,COMPLETED,8.273,10,1
2026-07-05T07:42:25Z,MLOps: Sentiment Enrichment,COMPLETED,7.367,19,1
2026-07-05T07:42:32Z,MLOps: Vector Indexing,COMPLETED,8.344,19,1
2026-07-05T08:42:24Z,MLOps: Sentiment Enrichment,COMPLETED,6.970,14,1
2026-07-05T08:42:31Z,MLOps: Vector Indexing,COMPLETED,8.187,14,1
2026-07-05T09:42:25Z,MLOps: Sentiment Enrichment,COMPLETED,6.912,14,1
2026-07-05T09:42:32Z,MLOps: Vector Indexing,COMPLETED,8.294,14,1
2026-07-05T10:42:25Z,MLOps: Sentiment Enrichment,COMPLETED,6.895,13,1
2026-07-05T10:42:32Z,MLOps: Vector Indexing,COMPLETED,8.314,13,1
2026-07-05T11:42:24Z,MLOps: Sentiment Enrichment,COMPLETED,6.830,14,1
2026-07-05T11:42:31Z,MLOps: Vector Indexing,COMPLETED,8.166,14,1
2026-07-05T12:42:24Z,MLOps: Sentiment Enrichment,COMPLETED,6.618,9,1
2026-07-05T12:42:31Z,MLOps: Vector Indexing,COMPLETED,8.219,9,1
2026-07-05T13:42:24Z,MLOps: Sentiment Enrichment,COMPLETED,6.540,10,1
2026-07-05T13:42:31Z,MLOps: Vector Indexing,COMPLETED,8.008,10,1
2026-07-05T14:42:24Z,MLOps: Sentiment Enrichment,COMPLETED,7.196,16,1
2026-07-05T14:42:31Z,MLOps: Vector Indexing,COMPLETED,8.355,16,1
2026-07-05T15:42:25Z,MLOps: Sentiment Enrichment,COMPLETED,6.810,13,1
2026-07-05T15:42:32Z,MLOps: Vector Indexing,COMPLETED,8.356,13,1
2026-07-05T16:42:25Z,MLOps: Sentiment Enrichment,COMPLETED,7.350,21,1
2026-07-05T16:42:32Z,MLOps: Vector Indexing,COMPLETED,8.345,21,1
2026-07-05T17:42:24Z,MLOps: Sentiment Enrichment,COMPLETED,7.391,18,1
2026-07-05T17:42:32Z,MLOps: Vector Indexing,COMPLETED,8.301,18,1
2026-07-05T18:42:24Z,MLOps: Sentiment Enrichment,COMPLETED,7.552,24,1
2026-07-05T18:42:32Z,MLOps: Vector Indexing,COMPLETED,8.224,24,1
2026-07-05T19:42:24Z,MLOps: Sentiment Enrichment,COMPLETED,6.948,14,1
2026-07-05T19:42:31Z,MLOps: Vector Indexing,COMPLETED,8.247,14,1
2026-07-05T20:42:24Z,MLOps: Sentiment Enrichment,COMPLETED,7.495,22,1
2026-07-05T20:42:32Z,MLOps: Vector Indexing,COMPLETED,8.306,22,1
2026-07-05T21:42:24Z,MLOps: Sentiment Enrichment,COMPLETED,6.428,7,1
2026-07-05T21:42:31Z,MLOps: Vector Indexing,COMPLETED,8.212,7,1
2026-07-05T22:42:24Z,MLOps: Sentiment Enrichment,COMPLETED,7.496,23,1
2026-07-05T22:42:31Z,MLOps: Vector Indexing,COMPLETED,8.235,23,1
2026-07-05T23:42:24Z,MLOps: Sentiment Enrichment,COMPLETED,7.560,25,1
2026-07-05T23:42:32Z,MLOps: Vector Indexing,COMPLETED,8.253,25,1
2026-07-06T00:42:25Z,MLOps: Sentiment Enrichment,COMPLETED,7.201,19,1
2026-07-06T00:42:32Z,MLOps: Vector Indexing,COMPLETED,8.223,19,1
2026-07-06T01:42:24Z,MLOps: Sentiment Enrichment,COMPLETED,6.586,5,1
2026-07-06T01:42:31Z,MLOps: Vector Indexing,COMPLETED,8.212,5,1
2026-07-06T02:42:25Z,MLOps: Sentiment Enrichment,COMPLETED,6.604,7,1
2026-07-06T02:42:31Z,MLOps: Vector Indexing,COMPLETED,8.338,7,1
2026-07-06T03:42:24Z,MLOps: Sentiment Enrichment,COMPLETED,6.780,9,1
2026-07-06T03:42:31Z,MLOps: Vector Indexing,COMPLETED,8.301,9,1
2026-07-06T04:42:25Z,MLOps: Sentiment Enrichment,COMPLETED,6.138,2,1
2026-07-06T04:42:31Z,MLOps: Vector Indexing,COMPLETED,8.155,2,1
2026-07-06T05:42:25Z,MLOps: Sentiment Enrichment,COMPLETED,6.871,13,1
2026-07-06T05:42:31Z,MLOps: Vector Indexing,COMPLETED,8.296,13,1
2026-07-06T06:42:24Z,MLOps: Sentiment Enrichment,COMPLETED,4.560,0,0
2026-07-06T06:42:29Z,MLOps: Vector Indexing,COMPLETED,1.459,0,0
2026-07-06T07:42:24Z,MLOps: Sentiment Enrichment,COMPLETED,6.500,5,1
2026-07-06T07:42:31Z,MLOps: Vector Indexing,COMPLETED,8.273,5,1
2026-07-06T08:42:24Z,MLOps: Sentiment Enrichment,COMPLETED,6.557,5,1
2026-07-06T08:42:31Z,MLOps: Vector Indexing,COMPLETED,8.237,5,1
2026-07-06T09:42:24Z,MLOps: Sentiment Enrichment,COMPLETED,7.911,32,1
2026-07-06T09:42:32Z,MLOps: Vector Indexing,COMPLETED,8.389,32,1
2026-07-06T10:42:25Z,MLOps: Sentiment Enrichment,COMPLETED,8.047,39,1
2026-07-06T10:42:33Z,MLOps: Vector Indexing,COMPLETED,8.363,39,1
2026-07-06T11:42:25Z,MLOps: Sentiment Enrichment,COMPLETED,7.629,29,1
2026-07-06T11:42:32Z,MLOps: Vector Indexing,COMPLETED,8.519,29,1
2026-07-06T12:42:24Z,MLOps: Sentiment Enrichment,COMPLETED,7.604,30,1
2026-07-06T12:42:32Z,MLOps: Vector Indexing,COMPLETED,8.281,30,1
2026-07-06T13:42:25Z,MLOps: Sentiment Enrichment,COMPLETED,7.704,27,1
2026-07-06T13:42:33Z,MLOps: Vector Indexing,COMPLETED,8.333,27,1
2026-07-06T14:42:24Z,MLOps: Sentiment Enrichment,COMPLETED,7.937,30,1
2026-07-06T14:42:32Z,MLOps: Vector Indexing,COMPLETED,8.294,30,1
2026-07-06T15:42:25Z,MLOps: Sentiment Enrichment,COMPLETED,7.739,29,1
2026-07-06T15:42:32Z,MLOps: Vector Indexing,COMPLETED,8.406,29,1
2026-07-06T16:42:24Z,MLOps: Sentiment Enrichment,COMPLETED,7.235,19,1
2026-07-06T16:42:31Z,MLOps: Vector Indexing,COMPLETED,8.262,19,1
2026-07-06T17:42:24Z,MLOps: Sentiment Enrichment,COMPLETED,8.671,40,1
2026-07-06T17:42:33Z,MLOps: Vector Indexing,COMPLETED,8.537,40,1
2026-07-06T18:42:26Z,MLOps: Sentiment Enrichment,COMPLETED,8.416,38,1
2026-07-06T18:42:35Z,MLOps: Vector Indexing,COMPLETED,8.494,38,1
2026-07-06T19:42:25Z,MLOps: Sentiment Enrichment,COMPLETED,6.867,12,1
2026-07-06T19:42:32Z,MLOps: Vector Indexing,COMPLETED,8.177,12,1
2026-07-06T20:42:27Z,MLOps: Sentiment Enrichment,COMPLETED,6.705,11,1
2026-07-06T20:42:34Z,MLOps: Vector Indexing,COMPLETED,8.198,11,1
2026-07-06T21:42:25Z,MLOps: Sentiment Enrichment,COMPLETED,7.518,22,1
2026-07-06T21:42:32Z,MLOps: Vector Indexing,COMPLETED,8.222,22,1
2026-07-06T22:42:26Z,MLOps: Sentiment Enrichment,COMPLETED,6.689,12,1
2026-07-06T22:42:33Z,MLOps: Vector Indexing,COMPLETED,8.171,12,1
2026-07-06T23:42:24Z,MLOps: Sentiment Enrichment,COMPLETED,6.394,4,1
2026-07-06T23:42:31Z,MLOps: Vector Indexing,COMPLETED,8.236,4,1
2026-07-07T00:42:24Z,MLOps: Sentiment Enrichment,COMPLETED,6.163,3,1
2026-07-07T00:42:30Z,MLOps: Vector Indexing,COMPLETED,7.957,3,1
2026-07-07T01:42:25Z,MLOps: Sentiment Enrichment,COMPLETED,6.865,16,1
2026-07-07T01:42:32Z,MLOps: Vector Indexing,COMPLETED,8.231,16,1
2026-07-07T02:42:25Z,MLOps: Sentiment Enrichment,COMPLETED,6.300,3,1
2026-07-07T02:42:31Z,MLOps: Vector Indexing,COMPLETED,8.065,3,1
2026-07-07T03:42:24Z,MLOps: Sentiment Enrichment,COMPLETED,6.176,1,1
2026-07-07T03:42:30Z,MLOps: Vector Indexing,COMPLETED,8.073,1,1
2026-07-07T04:42:25Z,MLOps: Sentiment Enrichment,COMPLETED,4.629,0,0
2026-07-07T04:42:29Z,MLOps: Vector Indexing,COMPLETED,1.556,0,0
2026-07-07T05:42:25Z,MLOps: Sentiment Enrichment,COMPLETED,6.178,1,1
2026-07-07T05:42:31Z,MLOps: Vector Indexing,COMPLETED,8.090,1,1
2026-07-07T06:42:24Z,MLOps: Sentiment Enrichment,COMPLETED,4.607,0,0
2026-07-07T06:42:29Z,MLOps: Vector Indexing,COMPLETED,1.510,0,0
2026-07-07T07:42:25Z,MLOps: Sentiment Enrichment,COMPLETED,4.583,0,0
2026-07-07T07:42:29Z,MLOps: Vector Indexing,COMPLETED,1.513,0,0
2026-07-07T08:42:25Z,MLOps: Sentiment Enrichment,COMPLETED,6.150,1,1
2026-07-07T08:42:31Z,MLOps: Vector Indexing,COMPLETED,8.148,1,1
2026-07-07T09:42:24Z,MLOps: Sentiment Enrichment,COMPLETED,7.354,24,1
2026-07-07T09:42:31Z,MLOps: Vector Indexing,COMPLETED,8.296,24,1
2026-07-07T10:42:24Z,MLOps: Sentiment Enrichment,COMPLETED,8.337,37,1
2026-07-07T10:42:33Z,MLOps: Vector Indexing,COMPLETED,8.264,37,1
2026-07-07T11:42:24Z,MLOps: Sentiment Enrichment,COMPLETED,6.645,11,1
2026-07-07T11:42:31Z,MLOps: Vector Indexing,COMPLETED,8.329,11,1
2026-07-07T12:42:25Z,MLOps: Sentiment Enrichment,COMPLETED,7.886,30,1
2026-07-07T12:42:33Z,MLOps: Vector Indexing,COMPLETED,8.261,30,1
2026-07-07T13:42:24Z,MLOps: Sentiment Enrichment,COMPLETED,7.169,18,1
2026-07-07T13:42:31Z,MLOps: Vector Indexing,COMPLETED,8.373,18,1
2026-07-07T14:42:25Z,MLOps: Sentiment Enrichment,COMPLETED,8.056,32,1
2026-07-07T14:42:33Z,MLOps: Vector Indexing,COMPLETED,8.435,32,1
2026-07-07T15:42:25Z,MLOps: Sentiment Enrichment,COMPLETED,7.277,20,1
2026-07-07T15:42:32Z,MLOps: Vector Indexing,COMPLETED,8.243,20,1
2026-07-07T16:42:25Z,MLOps: Sentiment Enrichment,COMPLETED,6.947,18,1
2026-07-07T16:42:32Z,MLOps: Vector Indexing,COMPLETED,8.246,18,1
2026-07-07T17:42:24Z,MLOps: Sentiment Enrichment,COMPLETED,6.945,17,1
2026-07-07T17:42:31Z,MLOps: Vector Indexing,COMPLETED,8.245,17,1
2026-07-07T18:42:24Z,MLOps: Sentiment Enrichment,COMPLETED,6.893,12,1
2026-07-07T18:42:31Z,MLOps: Vector Indexing,COMPLETED,8.258,12,1
2026-07-07T19:42:25Z,MLOps: Sentiment Enrichment,COMPLETED,7.007,15,1
2026-07-07T19:42:32Z,MLOps: Vector Indexing,COMPLETED,8.513,15,1
2026-07-07T20:42:24Z,MLOps: Sentiment Enrichment,COMPLETED,6.466,8,1
2026-07-07T20:42:31Z,MLOps: Vector Indexing,COMPLETED,8.188,8,1
2026-07-07T21:42:24Z,MLOps: Sentiment Enrichment,COMPLETED,7.165,17,1
2026-07-07T21:42:31Z,MLOps: Vector Indexing,COMPLETED,8.281,17,1
2026-07-07T22:42:25Z,MLOps: Sentiment Enrichment,COMPLETED,6.602,11,1
2026-07-07T22:42:31Z,MLOps: Vector Indexing,COMPLETED,8.415,11,1
2026-07-07T23:42:24Z,MLOps: Sentiment Enrichment,COMPLETED,6.924,13,1
2026-07-07T23:42:31Z,MLOps: Vector Indexing,COMPLETED,8.415,13,1
2026-07-08T00:42:25Z,MLOps: Sentiment Enrichment,COMPLETED,6.603,7,1
2026-07-08T00:42:32Z,MLOps: Vector Indexing,COMPLETED,8.350,7,1
2026-07-08T01:42:24Z,MLOps: Sentiment Enrichment,COMPLETED,6.625,5,1
2026-07-08T01:42:31Z,MLOps: Vector Indexing,COMPLETED,8.235,5,1
2026-07-08T02:42:25Z,MLOps: Sentiment Enrichment,COMPLETED,6.485,8,1
2026-07-08T02:42:31Z,MLOps: Vector Indexing,COMPLETED,8.219,8,1
2026-07-08T03:42:25Z,MLOps: Sentiment Enrichment,COMPLETED,7.403,25,1
2026-07-08T03:42:32Z,MLOps: Vector Indexing,COMPLETED,8.306,25,1
2026-07-08T04:42:28Z,MLOps: Sentiment Enrichment,COMPLETED,7.379,22,1
2026-07-08T04:42:35Z,MLOps: Vector Indexing,COMPLETED,8.252,22,1
2026-07-08T05:42:25Z,MLOps: Sentiment Enrichment,COMPLETED,8.274,35,1
2026-07-08T05:42:33Z,MLOps: Vector Indexing,COMPLETED,8.341,35,1
2026-07-08T06:42:24Z,MLOps: Sentiment Enrichment,COMPLETED,8.388,36,1
2026-07-08T06:42:33Z,MLOps: Vector Indexing,COMPLETED,8.300,36,1
2026-07-08T07:42:25Z,MLOps: Sentiment Enrichment,COMPLETED,7.203,19,1
2026-07-08T07:42:32Z,MLOps: Vector Indexing,COMPLETED,8.621,19,1
2026-07-08T08:42:26Z,MLOps: Sentiment Enrichment,COMPLETED,7.357,24,1
2026-07-08T08:42:33Z,MLOps: Vector Indexing,COMPLETED,8.259,24,1
2026-07-08T09:42:25Z,MLOps: Sentiment Enrichment,COMPLETED,6.764,9,1
2026-07-08T09:42:31Z,MLOps: Vector Indexing,COMPLETED,8.417,9,1
2026-07-08T10:42:24Z,MLOps: Sentiment Enrichment,COMPLETED,6.981,17,1
2026-07-08T10:42:31Z,MLOps: Vector Indexing,COMPLETED,8.114,17,1
2026-07-08T11:42:28Z,MLOps: Sentiment Enrichment,COMPLETED,7.038,19,1
2026-07-08T11:42:35Z,MLOps: Vector Indexing,COMPLETED,8.140,19,1
2026-07-08T12:42:24Z,MLOps: Sentiment Enrichment,COMPLETED,8.343,42,1
2026-07-08T12:42:32Z,MLOps: Vector Indexing,COMPLETED,8.437,42,1
2026-07-08T13:42:24Z,MLOps: Sentiment Enrichment,COMPLETED,7.953,28,1
2026-07-08T13:42:32Z,MLOps: Vector Indexing,COMPLETED,8.328,28,1
2026-07-08T14:42:24Z,MLOps: Sentiment Enrichment,COMPLETED,7.274,19,1
2026-07-08T14:42:31Z,MLOps: Vector Indexing,COMPLETED,8.321,19,1
2026-07-08T15:42:24Z,MLOps: Sentiment Enrichment,COMPLETED,8.139,36,1
2026-07-08T15:42:32Z,MLOps: Vector Indexing,COMPLETED,8.298,36,1
2026-07-08T16:42:24Z,MLOps: Sentiment Enrichment,COMPLETED,8.328,37,1
2026-07-08T16:42:33Z,MLOps: Vector Indexing,COMPLETED,8.174,37,1
2026-07-08T17:42:24Z,MLOps: Sentiment Enrichment,COMPLETED,7.348,20,1
2026-07-08T17:42:32Z,MLOps: Vector Indexing,COMPLETED,8.346,20,1
2026-07-08T18:42:24Z,MLOps: Sentiment Enrichment,COMPLETED,6.775,10,1
2026-07-08T18:42:31Z,MLOps: Vector Indexing,COMPLETED,8.252,10,1
2026-07-08T19:42:24Z,MLOps: Sentiment Enrichment,COMPLETED,6.670,13,1
2026-07-08T19:42:31Z,MLOps: Vector Indexing,COMPLETED,8.301,13,1
2026-07-08T20:42:24Z,MLOps: Sentiment Enrichment,COMPLETED,6.703,13,1
2026-07-08T20:42:31Z,MLOps: Vector Indexing,COMPLETED,8.294,13,1
2026-07-08T21:42:25Z,MLOps: Sentiment Enrichment,COMPLETED,8.198,26,1
2026-07-08T21:42:33Z,MLOps: Vector Indexing,COMPLETED,8.658,26,1
2026-07-08T22:42:25Z,MLOps: Sentiment Enrichment,COMPLETED,7.192,18,1
2026-07-08T22:42:32Z,MLOps: Vector Indexing,COMPLETED,8.247,18,1
2026-07-08T23:42:25Z,MLOps: Sentiment Enrichment,COMPLETED,7.182,22,1
2026-07-08T23:42:32Z,MLOps: Vector Indexing,COMPLETED,8.271,22,1
2026-07-09T00:42:25Z,MLOps: Sentiment Enrichment,COMPLETED,6.540,5,1
2026-07-09T00:42:31Z,MLOps: Vector Indexing,COMPLETED,8.191,5,1
2026-07-09T01:42:25Z,MLOps: Sentiment Enrichment,COMPLETED,6.607,9,1
2026-07-09T01:42:31Z,MLOps: Vector Indexing,COMPLETED,8.233,9,1
2026-07-09T02:42:24Z,MLOps: Sentiment Enrichment,COMPLETED,6.667,7,1
2026-07-09T02:42:31Z,MLOps: Vector Indexing,COMPLETED,8.277,7,1
2026-07-09T03:42:25Z,MLOps: Sentiment Enrichment,COMPLETED,6.850,12,1
2026-07-09T03:42:32Z,MLOps: Vector Indexing,COMPLETED,8.281,12,1
2026-07-09T04:42:24Z,MLOps: Sentiment Enrichment,COMPLETED,7.527,26,1
2026-07-09T04:42:32Z,MLOps: Vector Indexing,COMPLETED,8.431,26,1
2026-07-09T05:42:24Z,MLOps: Sentiment Enrichment,COMPLETED,7.611,21,1
2026-07-09T05:42:32Z,MLOps: Vector Indexing,COMPLETED,8.219,21,1
2026-07-09T06:42:25Z,MLOps: Sentiment Enrichment,COMPLETED,7.153,16,1
2026-07-09T06:42:32Z,MLOps: Vector Indexing,COMPLETED,8.644,16,1
2026-07-09T07:42:25Z,MLOps: Sentiment Enrichment,COMPLETED,7.379,17,1
2026-07-09T07:42:32Z,MLOps: Vector Indexing,COMPLETED,8.487,17,1
2026-07-09T08:42:24Z,MLOps: Sentiment Enrichment,COMPLETED,7.891,27,1
2026-07-09T08:42:32Z,MLOps: Vector Indexing,COMPLETED,8.930,27,1
2026-07-09T09:42:25Z,MLOps: Sentiment Enrichment,COMPLETED,7.387,18,1
2026-07-09T09:42:32Z,MLOps: Vector Indexing,COMPLETED,8.551,18,1
2026-07-09T10:42:24Z,MLOps: Sentiment Enrichment,COMPLETED,7.269,14,1
2026-07-09T10:42:31Z,MLOps: Vector Indexing,COMPLETED,8.694,14,1
2026-07-09T11:42:25Z,MLOps: Sentiment Enrichment,COMPLETED,8.600,37,1
2026-07-09T11:42:34Z,MLOps: Vector Indexing,COMPLETED,8.651,37,1
2026-07-09T12:42:25Z,MLOps: Sentiment Enrichment,COMPLETED,8.474,35,1
2026-07-09T12:42:33Z,MLOps: Vector Indexing,COMPLETED,8.406,35,1
2026-07-09T13:42:24Z,MLOps: Sentiment Enrichment,COMPLETED,8.269,32,1
2026-07-09T13:42:32Z,MLOps: Vector Indexing,COMPLETED,9.118,32,1
2026-07-09T14:42:24Z,MLOps: Sentiment Enrichment,COMPLETED,7.551,23,1
2026-07-09T14:42:32Z,MLOps: Vector Indexing,COMPLETED,8.413,23,1
2026-07-09T15:42:24Z,MLOps: Sentiment Enrichment,COMPLETED,7.347,22,1
2026-07-09T15:42:31Z,MLOps: Vector Indexing,COMPLETED,8.462,22,1
2026-07-09T16:42:25Z,MLOps: Sentiment Enrichment,COMPLETED,7.728,20,1
2026-07-09T16:42:33Z,MLOps: Vector Indexing,COMPLETED,8.454,20,1
2026-07-09T17:42:25Z,MLOps: Sentiment Enrichment,COMPLETED,8.439,34,1
2026-07-09T17:42:33Z,MLOps: Vector Indexing,COMPLETED,8.788,34,1
2026-07-09T18:42:24Z,MLOps: Sentiment Enrichment,COMPLETED,7.509,27,1
2026-07-09T18:42:32Z,MLOps: Vector Indexing,COMPLETED,8.568,27,1
2026-07-09T19:42:24Z,MLOps: Sentiment Enrichment,COMPLETED,7.360,17,1
2026-07-09T19:42:32Z,MLOps: Vector Indexing,COMPLETED,8.583,17,1
2026-07-09T20:42:24Z,MLOps: Sentiment Enrichment,COMPLETED,7.245,12,1
2026-07-09T20:42:32Z,MLOps: Vector Indexing,COMPLETED,8.466,12,1
2026-07-09T21:42:25Z,MLOps: Sentiment Enrichment,COMPLETED,7.364,19,1
2026-07-09T21:42:32Z,MLOps: Vector Indexing,COMPLETED,8.593,19,1
2026-07-09T22:42:25Z,MLOps: Sentiment Enrichment,COMPLETED,6.984,14,1
2026-07-09T22:42:32Z,MLOps: Vector Indexing,COMPLETED,8.256,14,1
2026-07-09T23:42:25Z,MLOps: Sentiment Enrichment,COMPLETED,7.051,14,1
2026-07-09T23:42:32Z,MLOps: Vector Indexing,COMPLETED,8.399,14,1
2026-07-10T00:42:25Z,MLOps: Sentiment Enrichment,COMPLETED,6.776,10,1
2026-07-10T00:42:31Z,MLOps: Vector Indexing,COMPLETED,8.363,10,1
2026-07-10T01:42:25Z,MLOps: Sentiment Enrichment,COMPLETED,7.281,18,1
2026-07-10T01:42:32Z,MLOps: Vector Indexing,COMPLETED,8.192,18,1
2026-07-10T02:42:25Z,MLOps: Sentiment Enrichment,COMPLETED,6.772,11,1
2026-07-10T02:42:31Z,MLOps: Vector Indexing,COMPLETED,8.376,11,1
2026-07-10T03:42:25Z,MLOps: Sentiment Enrichment,COMPLETED,7.189,16,1
2026-07-10T03:42:32Z,MLOps: Vector Indexing,COMPLETED,8.303,16,1
2026-07-10T04:42:27Z,MLOps: Sentiment Enrichment,COMPLETED,7.077,21,1
2026-07-10T04:42:34Z,MLOps: Vector Indexing,COMPLETED,8.348,21,1
2026-07-10T05:42:25Z,MLOps: Sentiment Enrichment,COMPLETED,7.710,28,1
2026-07-10T05:42:32Z,MLOps: Vector Indexing,COMPLETED,8.385,28,1
2026-07-10T06:42:24Z,MLOps: Sentiment Enrichment,COMPLETED,7.337,22,1
2026-07-10T06:42:31Z,MLOps: Vector Indexing,COMPLETED,8.411,22,1
2026-07-10T07:42:24Z,MLOps: Sentiment Enrichment,COMPLETED,7.962,36,1
2026-07-10T07:42:32Z,MLOps: Vector Indexing,COMPLETED,8.347,36,1
2026-07-10T08:42:25Z,MLOps: Sentiment Enrichment,COMPLETED,7.190,18,1
2026-07-10T08:42:32Z,MLOps: Vector Indexing,COMPLETED,8.304,18,1
2026-07-10T09:42:25Z,MLOps: Sentiment Enrichment,COMPLETED,7.132,17,1
2026-07-10T09:42:32Z,MLOps: Vector Indexing,COMPLETED,8.243,17,1
2026-07-10T10:42:24Z,MLOps: Sentiment Enrichment,COMPLETED,7.107,14,1
2026-07-10T10:42:32Z,MLOps: Vector Indexing,COMPLETED,8.648,14,1
2026-07-10T11:42:24Z,MLOps: Sentiment Enrichment,COMPLETED,7.020,12,1
2026-07-10T11:42:31Z,MLOps: Vector Indexing,COMPLETED,8.428,12,1
2026-07-10T12:42:25Z,MLOps: Sentiment Enrichment,COMPLETED,7.219,15,1
2026-07-10T12:42:32Z,MLOps: Vector Indexing,COMPLETED,8.489,15,1
2026-07-10T13:42:26Z,MLOps: Sentiment Enrichment,COMPLETED,6.790,5,1
2026-07-10T13:42:33Z,MLOps: Vector Indexing,COMPLETED,8.408,5,1
2026-07-10T14:42:25Z,MLOps: Sentiment Enrichment,COMPLETED,7.929,34,1
2026-07-10T14:42:33Z,MLOps: Vector Indexing,COMPLETED,8.653,34,1
2026-07-10T15:42:25Z,MLOps: Sentiment Enrichment,COMPLETED,7.551,22,1
2026-07-10T15:42:32Z,MLOps: Vector Indexing,COMPLETED,8.504,22,1
2026-07-10T16:42:24Z,MLOps: Sentiment Enrichment,COMPLETED,7.484,20,1
2026-07-10T16:42:32Z,MLOps: Vector Indexing,COMPLETED,8.394,20,1
2026-07-10T17:42:24Z,MLOps: Sentiment Enrichment,COMPLETED,7.108,15,1
2026-07-10T17:42:31Z,MLOps: Vector Indexing,COMPLETED,8.340,15,1
2026-07-10T18:42:25Z,MLOps: Sentiment Enrichment,COMPLETED,7.221,19,1
2026-07-10T18:42:32Z,MLOps: Vector Indexing,COMPLETED,8.525,19,1
2026-07-10T19:42:27Z,MLOps: Sentiment Enrichment,COMPLETED,7.449,25,1
2026-07-10T19:42:34Z,MLOps: Vector Indexing,COMPLETED,8.543,25,1
2026-07-10T20:42:25Z,MLOps: Sentiment Enrichment,COMPLETED,8.314,40,1
2026-07-10T20:42:33Z,MLOps: Vector Indexing,COMPLETED,8.566,40,1
2026-07-10T21:42:25Z,MLOps: Sentiment Enrichment,COMPLETED,7.299,19,1
2026-07-10T21:42:32Z,MLOps: Vector Indexing,COMPLETED,8.419,19,1
2026-07-10T22:42:24Z,MLOps: Sentiment Enrichment,COMPLETED,7.354,20,1
2026-07-10T22:42:32Z,MLOps: Vector Indexing,COMPLETED,8.441,20,1
2026-07-10T23:42:24Z,MLOps: Sentiment Enrichment,COMPLETED,7.066,12,1
2026-07-10T23:42:31Z,MLOps: Vector Indexing,COMPLETED,8.368,12,1
2026-07-11T00:42:25Z,MLOps: Sentiment Enrichment,COMPLETED,7.763,28,1
2026-07-11T00:42:33Z,MLOps: Vector Indexing,COMPLETED,8.416,28,1
2026-07-11T01:42:24Z,MLOps: Sentiment Enrichment,COMPLETED,8.214,39,1
2026-07-11T01:42:32Z,MLOps: Vector Indexing,COMPLETED,8.540,39,1
2026-07-11T02:42:25Z,MLOps: Sentiment Enrichment,COMPLETED,7.358,24,1
2026-07-11T02:42:32Z,MLOps: Vector Indexing,COMPLETED,8.360,24,1
2026-07-11T03:42:24Z,MLOps: Sentiment Enrichment,COMPLETED,6.818,15,1
2026-07-11T03:42:31Z,MLOps: Vector Indexing,COMPLETED,8.220,15,1
2026-07-11T04:42:25Z,MLOps: Sentiment Enrichment,COMPLETED,6.453,8,1
2026-07-11T04:42:31Z,MLOps: Vector Indexing,COMPLETED,8.375,8,1
2026-07-11T05:42:25Z,MLOps: Sentiment Enrichment,COMPLETED,6.836,11,1
2026-07-11T05:42:32Z,MLOps: Vector Indexing,COMPLETED,8.381,11,1
2026-07-11T06:42:24Z,MLOps: Sentiment Enrichment,COMPLETED,6.816,12,1
2026-07-11T06:42:31Z,MLOps: Vector Indexing,COMPLETED,8.339,12,1
2026-07-11T07:42:25Z,MLOps: Sentiment Enrichment,COMPLETED,7.038,14,1
2026-07-11T07:42:32Z,MLOps: Vector Indexing,COMPLETED,8.283,14,1
2026-07-11T08:42:25Z,MLOps: Sentiment Enrichment,COMPLETED,7.341,21,1
2026-07-11T08:42:32Z,MLOps: Vector Indexing,COMPLETED,8.379,21,1
2026-07-11T09:42:25Z,MLOps: Sentiment Enrichment,COMPLETED,6.690,7,1
2026-07-11T09:42:31Z,MLOps: Vector Indexing,COMPLETED,8.183,7,1
2026-07-11T10:42:24Z,MLOps: Sentiment Enrichment,COMPLETED,6.788,13,1
2026-07-11T10:42:31Z,MLOps: Vector Indexing,COMPLETED,8.356,13,1
2026-07-11T11:42:24Z,MLOps: Sentiment Enrichment,COMPLETED,7.016,17,1
2026-07-11T11:42:31Z,MLOps: Vector Indexing,COMPLETED,8.501,17,1
2026-07-11T12:42:25Z,MLOps: Sentiment Enrichment,COMPLETED,7.210,18,1
2026-07-11T12:42:32Z,MLOps: Vector Indexing,COMPLETED,8.414,18,1
2026-07-11T13:42:25Z,MLOps: Sentiment Enrichment,COMPLETED,8.522,39,1
2026-07-11T13:42:33Z,MLOps: Vector Indexing,COMPLETED,8.371,39,1
2026-07-11T14:42:24Z,MLOps: Sentiment Enrichment,COMPLETED,7.157,18,1
2026-07-11T14:42:31Z,MLOps: Vector Indexing,COMPLETED,8.401,18,1
2026-07-11T15:42:25Z,MLOps: Sentiment Enrichment,COMPLETED,6.810,8,1
2026-07-11T15:42:32Z,MLOps: Vector Indexing,COMPLETED,8.225,8,1
2026-07-11T16:42:24Z,MLOps: Sentiment Enrichment,COMPLETED,8.309,34,1
2026-07-11T16:42:33Z,MLOps: Vector Indexing,COMPLETED,8.459,34,1
2026-07-11T17:42:27Z,MLOps: Sentiment Enrichment,COMPLETED,69.942,9,1
2026-07-11T17:43:37Z,MLOps: Vector Indexing,COMPLETED,17.394,9,1
2026-07-11T18:42:24Z,MLOps: Sentiment Enrichment,COMPLETED,6.899,10,1
2026-07-11T18:42:31Z,MLOps: Vector Indexing,COMPLETED,8.586,10,1
2026-07-11T19:42:25Z,MLOps: Sentiment Enrichment,COMPLETED,6.549,6,1
2026-07-11T19:42:31Z,MLOps: Vector Indexing,COMPLETED,8.352,6,1
2026-07-11T20:42:24Z,MLOps: Sentiment Enrichment,COMPLETED,6.904,11,1
2026-07-11T20:42:31Z,MLOps: Vector Indexing,COMPLETED,8.351,11,1
2026-07-11T21:42:25Z,MLOps: Sentiment Enrichment,COMPLETED,6.650,6,1
2026-07-11T21:42:32Z,MLOps: Vector Indexing,COMPLETED,8.388,6,1
2026-07-11T22:42:25Z,MLOps: Sentiment Enrichment,COMPLETED,6.650,7,1
2026-07-11T22:42:32Z,MLOps: Vector Indexing,COMPLETED,8.383,7,1
2026-07-11T23:42:24Z,MLOps: Sentiment Enrichment,COMPLETED,6.441,7,1
2026-07-11T23:42:31Z,MLOps: Vector Indexing,COMPLETED,8.249,7,1
2026-07-12T00:42:24Z,MLOps: Sentiment Enrichment,COMPLETED,7.104,21,1
2026-07-12T00:42:32Z,MLOps: Vector Indexing,COMPLETED,8.201,21,1
2026-07-12T01:42:24Z,MLOps: Sentiment Enrichment,COMPLETED,7.189,19,1
2026-07-12T01:42:31Z,MLOps: Vector Indexing,COMPLETED,8.419,19,1
2026-07-12T02:42:25Z,MLOps: Sentiment Enrichment,COMPLETED,6.911,15,1
2026-07-12T02:42:32Z,MLOps: Vector Indexing,COMPLETED,8.276,15,1
2026-07-12T03:42:25Z,MLOps: Sentiment Enrichment,COMPLETED,7.106,14,1
2026-07-12T03:42:32Z,MLOps: Vector Indexing,COMPLETED,8.564,14,1
2026-07-12T04:42:25Z,MLOps: Sentiment Enrichment,COMPLETED,6.993,12,1
2026-07-12T04:42:32Z,MLOps: Vector Indexing,COMPLETED,8.382,12,1
2026-07-12T05:42:24Z,MLOps: Sentiment Enrichment,COMPLETED,6.912,10,1
2026-07-12T05:42:31Z,MLOps: Vector Indexing,COMPLETED,8.140,10,1
2026-07-12T06:42:24Z,MLOps: Sentiment Enrichment,COMPLETED,6.670,9,1
2026-07-12T06:42:31Z,MLOps: Vector Indexing,COMPLETED,8.288,9,1
2026-07-12T07:42:26Z,MLOps: Sentiment Enrichment,COMPLETED,6.624,6,1
2026-07-12T07:42:33Z,MLOps: Vector Indexing,COMPLETED,8.225,6,1
2026-07-12T08:42:24Z,MLOps: Sentiment Enrichment,COMPLETED,6.932,14,1
2026-07-12T08:42:31Z,MLOps: Vector Indexing,COMPLETED,8.321,14,1
2026-07-12T09:42:24Z,MLOps: Sentiment Enrichment,COMPLETED,6.841,11,1
2026-07-12T09:42:31Z,MLOps: Vector Indexing,COMPLETED,8.292,11,1
2026-07-12T10:42:25Z,MLOps: Sentiment Enrichment,COMPLETED,6.899,10,1
2026-07-12T10:42:31Z,MLOps: Vector Indexing,COMPLETED,8.205,10,1
2026-07-12T11:42:24Z,MLOps: Sentiment Enrichment,COMPLETED,6.727,9,1
2026-07-12T11:42:31Z,MLOps: Vector Indexing,COMPLETED,8.253,9,1
2026-07-12T12:42:24Z,MLOps: Sentiment Enrichment,COMPLETED,6.800,11,1
2026-07-12T12:42:31Z,MLOps: Vector Indexing,COMPLETED,8.317,11,1
2026-07-12T13:42:24Z,MLOps: Sentiment Enrichment,COMPLETED,6.786,10,1
2026-07-12T13:42:31Z,MLOps: Vector Indexing,COMPLETED,8.361,10,1
2026-07-12T14:42:25Z,MLOps: Sentiment Enrichment,COMPLETED,6.785,10,1
2026-07-12T14:42:31Z,MLOps: Vector Indexing,COMPLETED,8.187,10,1
2026-07-12T15:42:24Z,MLOps: Sentiment Enrichment,COMPLETED,7.387,24,1
2026-07-12T15:42:32Z,MLOps: Vector Indexing,COMPLETED,8.444,24,1
2026-07-12T16:42:26Z,MLOps: Sentiment Enrichment,COMPLETED,6.583,6,1
2026-07-12T16:42:32Z,MLOps: Vector Indexing,COMPLETED,8.364,6,1
2026-07-12T17:42:25Z,MLOps: Sentiment Enrichment,COMPLETED,8.861,43,1
2026-07-12T17:42:34Z,MLOps: Vector Indexing,COMPLETED,8.539,43,1
2026-07-12T18:42:25Z,MLOps: Sentiment Enrichment,COMPLETED,6.911,5,1
2026-07-12T18:42:32Z,MLOps: Vector Indexing,COMPLETED,8.594,5,1
2026-07-12T19:42:25Z,MLOps: Sentiment Enrichment,COMPLETED,6.403,5,1
2026-07-12T19:42:31Z,MLOps: Vector Indexing,COMPLETED,8.471,5,1
2026-07-12T20:42:24Z,MLOps: Sentiment Enrichment,COMPLETED,6.492,4,1
2026-07-12T20:42:31Z,MLOps: Vector Indexing,COMPLETED,8.379,4,1
2026-07-12T21:42:26Z,MLOps: Sentiment Enrichment,COMPLETED,6.953,12,1
2026-07-12T21:42:33Z,MLOps: Vector Indexing,COMPLETED,8.367,12,1
2026-07-12T22:42:25Z,MLOps: Sentiment Enrichment,COMPLETED,6.760,8,1
2026-07-12T22:42:31Z,MLOps: Vector Indexing,COMPLETED,8.326,8,1
2026-07-12T23:42:27Z,MLOps: Sentiment Enrichment,COMPLETED,6.714,10,1
2026-07-12T23:42:33Z,MLOps: Vector Indexing,COMPLETED,8.234,10,1
2026-07-13T00:42:24Z,MLOps: Sentiment Enrichment,COMPLETED,6.476,3,1
2026-07-13T00:42:31Z,MLOps: Vector Indexing,COMPLETED,8.218,3,1
2026-07-13T01:42:24Z,MLOps: Sentiment Enrichment,COMPLETED,6.715,8,1
2026-07-13T01:42:31Z,MLOps: Vector Indexing,COMPLETED,8.295,8,1
2026-07-13T02:42:24Z,MLOps: Sentiment Enrichment,COMPLETED,6.574,6,1
2026-07-13T02:42:31Z,MLOps: Vector Indexing,COMPLETED,8.238,6,1
2026-07-13T03:42:25Z,MLOps: Sentiment Enrichment,COMPLETED,6.432,4,1
2026-07-13T03:42:31Z,MLOps: Vector Indexing,COMPLETED,8.092,4,1
2026-07-13T04:42:24Z,MLOps: Sentiment Enrichment,COMPLETED,6.639,5,1
2026-07-13T04:42:31Z,MLOps: Vector Indexing,COMPLETED,8.327,5,1
2026-07-13T05:42:24Z,MLOps: Sentiment Enrichment,COMPLETED,6.286,1,1
2026-07-13T05:42:30Z,MLOps: Vector Indexing,COMPLETED,8.180,1,1
2026-07-13T06:42:24Z,MLOps: Sentiment Enrichment,COMPLETED,6.725,7,1
2026-07-13T06:42:31Z,MLOps: Vector Indexing,COMPLETED,8.193,7,1
2026-07-13T07:42:25Z,MLOps: Sentiment Enrichment,COMPLETED,6.589,6,1
2026-07-13T07:42:31Z,MLOps: Vector Indexing,COMPLETED,8.309,6,1
2026-07-13T08:42:26Z,MLOps: Sentiment Enrichment,COMPLETED,6.829,8,1
2026-07-13T08:42:33Z,MLOps: Vector Indexing,COMPLETED,8.484,8,1
2026-07-13T09:42:24Z,MLOps: Sentiment Enrichment,COMPLETED,7.804,27,1
2026-07-13T09:42:32Z,MLOps: Vector Indexing,COMPLETED,8.220,27,1
2026-07-13T10:42:24Z,MLOps: Sentiment Enrichment,COMPLETED,9.006,44,1
2026-07-13T10:42:33Z,MLOps: Vector Indexing,COMPLETED,8.456,44,1
2026-07-13T11:42:24Z,MLOps: Sentiment Enrichment,COMPLETED,6.781,10,1
2026-07-13T11:42:31Z,MLOps: Vector Indexing,COMPLETED,8.175,10,1
2026-07-13T12:42:24Z,MLOps: Sentiment Enrichment,COMPLETED,7.538,22,1
2026-07-13T12:42:32Z,MLOps: Vector Indexing,COMPLETED,8.482,22,1
2026-07-13T13:42:25Z,MLOps: Sentiment Enrichment,COMPLETED,8.102,30,1
2026-07-13T13:42:33Z,MLOps: Vector Indexing,COMPLETED,8.454,30,1
2026-07-13T14:42:26Z,MLOps: Sentiment Enrichment,COMPLETED,7.562,25,1
2026-07-13T14:42:34Z,MLOps: Vector Indexing,COMPLETED,8.870,25,1
2026-07-13T15:42:24Z,MLOps: Sentiment Enrichment,COMPLETED,8.584,39,1
2026-07-13T15:42:33Z,MLOps: Vector Indexing,COMPLETED,8.455,39,1
2026-07-13T16:42:24Z,MLOps: Sentiment Enrichment,COMPLETED,7.432,16,1
2026-07-13T16:42:32Z,MLOps: Vector Indexing,COMPLETED,8.591,16,1
2026-07-13T17:42:25Z,MLOps: Sentiment Enrichment,COMPLETED,7.798,25,1
2026-07-13T17:42:32Z,MLOps: Vector Indexing,COMPLETED,8.631,25,1
2026-07-13T18:42:24Z,MLOps: Sentiment Enrichment,COMPLETED,7.871,25,1
2026-07-13T18:42:32Z,MLOps: Vector Indexing,COMPLETED,8.502,25,1
2026-07-13T19:42:28Z,MLOps: Sentiment Enrichment,COMPLETED,6.814,8,1
2026-07-13T19:42:34Z,MLOps: Vector Indexing,COMPLETED,8.466,8,1
2026-07-13T20:42:24Z,MLOps: Sentiment Enrichment,COMPLETED,7.150,13,1
2026-07-13T20:42:31Z,MLOps: Vector Indexing,COMPLETED,8.665,13,1
2026-07-13T21:42:27Z,MLOps: Sentiment Enrichment,COMPLETED,6.731,7,1
2026-07-13T21:42:34Z,MLOps: Vector Indexing,COMPLETED,8.325,7,1
2026-07-13T22:42:25Z,MLOps: Sentiment Enrichment,COMPLETED,6.716,9,1
2026-07-13T22:42:32Z,MLOps: Vector Indexing,COMPLETED,8.326,9,1
2026-07-13T23:42:24Z,MLOps: Sentiment Enrichment,COMPLETED,6.377,5,1
2026-07-13T23:42:30Z,MLOps: Vector Indexing,COMPLETED,8.283,5,1
2026-07-14T00:42:24Z,MLOps: Sentiment Enrichment,COMPLETED,6.516,4,1
2026-07-14T00:42:31Z,MLOps: Vector Indexing,COMPLETED,8.244,4,1
2026-07-14T01:42:25Z,MLOps: Sentiment Enrichment,COMPLETED,6.397,4,1
2026-07-14T01:42:31Z,MLOps: Vector Indexing,COMPLETED,8.331,4,1
2026-07-14T02:42:24Z,MLOps: Sentiment Enrichment,COMPLETED,6.546,4,1
2026-07-14T02:42:31Z,MLOps: Vector Indexing,COMPLETED,8.378,4,1
2026-07-14T03:42:25Z,MLOps: Sentiment Enrichment,COMPLETED,6.396,4,1
2026-07-14T03:42:31Z,MLOps: Vector Indexing,COMPLETED,8.068,4,1
2026-07-14T04:42:24Z,MLOps: Sentiment Enrichment,COMPLETED,6.758,8,1
2026-07-14T04:42:31Z,MLOps: Vector Indexing,COMPLETED,8.292,8,1
2026-07-14T05:42:25Z,MLOps: Sentiment Enrichment,COMPLETED,7.655,27,1
2026-07-14T05:42:32Z,MLOps: Vector Indexing,COMPLETED,8.474,27,1
2026-07-14T06:42:25Z,MLOps: Sentiment Enrichment,COMPLETED,7.176,14,1
2026-07-14T06:42:32Z,MLOps: Vector Indexing,COMPLETED,8.271,14,1
2026-07-14T07:42:24Z,MLOps: Sentiment Enrichment,COMPLETED,6.757,5,1
2026-07-14T07:42:31Z,MLOps: Vector Indexing,COMPLETED,8.267,5,1
2026-07-14T08:42:25Z,MLOps: Sentiment Enrichment,COMPLETED,4.526,0,0
2026-07-14T08:42:29Z,MLOps: Vector Indexing,COMPLETED,1.506,0,0
2026-07-14T09:42:24Z,MLOps: Sentiment Enrichment,COMPLETED,7.426,24,1
2026-07-14T09:42:32Z,MLOps: Vector Indexing,COMPLETED,8.594,24,1
2026-07-14T10:42:25Z,MLOps: Sentiment Enrichment,COMPLETED,7.422,22,1
2026-07-14T10:42:32Z,MLOps: Vector Indexing,COMPLETED,8.606,22,1
2026-07-14T11:42:26Z,MLOps: Sentiment Enrichment,COMPLETED,7.848,27,1
2026-07-14T11:42:33Z,MLOps: Vector Indexing,COMPLETED,8.748,27,1
2026-07-14T12:42:24Z,MLOps: Sentiment Enrichment,COMPLETED,7.777,29,1
2026-07-14T12:42:32Z,MLOps: Vector Indexing,COMPLETED,8.671,29,1
2026-07-14T13:42:24Z,MLOps: Sentiment Enrichment,COMPLETED,7.654,24,1
2026-07-14T13:42:32Z,MLOps: Vector Indexing,COMPLETED,8.387,24,1
2026-07-14T14:42:25Z,MLOps: Sentiment Enrichment,COMPLETED,8.218,34,1
2026-07-14T14:42:33Z,MLOps: Vector Indexing,COMPLETED,8.669,34,1
2026-07-14T15:42:25Z,MLOps: Sentiment Enrichment,COMPLETED,8.196,35,1
2026-07-14T15:42:33Z,MLOps: Vector Indexing,COMPLETED,8.475,35,1
2026-07-14T16:42:25Z,MLOps: Sentiment Enrichment,COMPLETED,7.636,26,1
2026-07-14T16:42:33Z,MLOps: Vector Indexing,COMPLETED,8.446,26,1
2026-07-14T17:42:25Z,MLOps: Sentiment Enrichment,COMPLETED,7.343,18,1
2026-07-14T17:42:32Z,MLOps: Vector Indexing,COMPLETED,8.459,18,1
2026-07-14T18:42:24Z,MLOps: Sentiment Enrichment,COMPLETED,6.756,9,1
2026-07-14T18:42:31Z,MLOps: Vector Indexing,COMPLETED,8.303,9,1
2026-07-14T19:42:25Z,MLOps: Sentiment Enrichment,COMPLETED,7.139,17,1
2026-07-14T19:42:32Z,MLOps: Vector Indexing,COMPLETED,8.422,17,1
2026-07-14T20:42:25Z,MLOps: Sentiment Enrichment,COMPLETED,7.219,17,1
2026-07-14T20:42:32Z,MLOps: Vector Indexing,COMPLETED,8.395,17,1
2026-07-14T21:42:24Z,MLOps: Sentiment Enrichment,COMPLETED,7.107,8,1
2026-07-14T21:42:31Z,MLOps: Vector Indexing,COMPLETED,8.421,8,1
2026-07-14T22:42:24Z,MLOps: Sentiment Enrichment,COMPLETED,7.190,17,1
2026-07-14T22:42:31Z,MLOps: Vector Indexing,COMPLETED,8.364,17,1
2026-07-14T23:42:25Z,MLOps: Sentiment Enrichment,COMPLETED,6.881,13,1
2026-07-14T23:42:32Z,MLOps: Vector Indexing,COMPLETED,8.268,13,1
2026-07-15T00:42:24Z,MLOps: Sentiment Enrichment,COMPLETED,6.736,9,1
2026-07-15T00:42:31Z,MLOps: Vector Indexing,COMPLETED,8.249,9,1
2026-07-15T01:42:27Z,MLOps: Sentiment Enrichment,COMPLETED,6.492,6,1
2026-07-15T01:42:33Z,MLOps: Vector Indexing,COMPLETED,8.141,6,1
2026-07-15T02:42:25Z,MLOps: Sentiment Enrichment,COMPLETED,6.829,9,1
2026-07-15T02:42:31Z,MLOps: Vector Indexing,COMPLETED,8.430,9,1
2026-07-15T03:42:24Z,MLOps: Sentiment Enrichment,COMPLETED,6.578,7,1
2026-07-15T03:42:31Z,MLOps: Vector Indexing,COMPLETED,8.269,7,1
2026-07-15T04:42:24Z,MLOps: Sentiment Enrichment,COMPLETED,7.382,20,1
2026-07-15T04:42:31Z,MLOps: Vector Indexing,COMPLETED,8.412,20,1
2026-07-15T05:42:24Z,MLOps: Sentiment Enrichment,COMPLETED,7.156,14,1
2026-07-15T05:42:31Z,MLOps: Vector Indexing,COMPLETED,8.312,14,1
2026-07-15T06:42:25Z,MLOps: Sentiment Enrichment,COMPLETED,7.093,18,1
2026-07-15T06:42:32Z,MLOps: Vector Indexing,COMPLETED,8.332,18,1
2026-07-15T07:42:25Z,MLOps: Sentiment Enrichment,COMPLETED,7.313,15,1
2026-07-15T07:42:32Z,MLOps: Vector Indexing,COMPLETED,8.535,15,1
2026-07-15T08:42:25Z,MLOps: Sentiment Enrichment,COMPLETED,7.130,16,1
2026-07-15T08:42:32Z,MLOps: Vector Indexing,COMPLETED,8.619,16,1
2026-07-15T09:42:24Z,MLOps: Sentiment Enrichment,COMPLETED,6.878,10,1
2026-07-15T09:42:31Z,MLOps: Vector Indexing,COMPLETED,8.368,10,1
2026-07-15T10:42:25Z,MLOps: Sentiment Enrichment,COMPLETED,7.307,23,1
2026-07-15T10:42:32Z,MLOps: Vector Indexing,COMPLETED,8.451,23,1
2026-07-15T11:42:24Z,MLOps: Sentiment Enrichment,COMPLETED,7.359,19,1
2026-07-15T11:42:32Z,MLOps: Vector Indexing,COMPLETED,8.490,19,1
2026-07-15T12:42:24Z,MLOps: Sentiment Enrichment,COMPLETED,8.889,43,1
2026-07-15T12:42:33Z,MLOps: Vector Indexing,COMPLETED,8.457,43,1
2026-07-15T13:42:25Z,MLOps: Sentiment Enrichment,COMPLETED,7.375,22,1
2026-07-15T13:42:32Z,MLOps: Vector Indexing,COMPLETED,8.427,22,1
2026-07-15T14:42:24Z,MLOps: Sentiment Enrichment,COMPLETED,8.276,36,1
2026-07-15T14:42:33Z,MLOps: Vector Indexing,COMPLETED,8.690,36,1
2026-07-15T15:42:24Z,MLOps: Sentiment Enrichment,COMPLETED,8.271,36,1
2026-07-15T15:42:33Z,MLOps: Vector Indexing,COMPLETED,8.517,36,1
2026-07-15T16:42:25Z,MLOps: Sentiment Enrichment,COMPLETED,7.644,24,1
2026-07-15T16:42:32Z,MLOps: Vector Indexing,COMPLETED,8.504,24,1
2026-07-15T17:42:25Z,MLOps: Sentiment Enrichment,COMPLETED,7.657,21,1
2026-07-15T17:42:32Z,MLOps: Vector Indexing,COMPLETED,8.317,21,1
2026-07-15T18:42:24Z,MLOps: Sentiment Enrichment,COMPLETED,6.761,7,1
2026-07-15T18:42:31Z,MLOps: Vector Indexing,COMPLETED,8.614,7,1
2026-07-15T19:42:24Z,MLOps: Sentiment Enrichment,COMPLETED,6.871,12,1
2026-07-15T19:42:31Z,MLOps: Vector Indexing,COMPLETED,8.391,12,1
2026-07-15T20:42:26Z,MLOps: Sentiment Enrichment,COMPLETED,7.677,22,1
2026-07-15T20:42:34Z,MLOps: Vector Indexing,COMPLETED,8.619,22,1
2026-07-15T21:42:26Z,MLOps: Sentiment Enrichment,COMPLETED,7.291,17,1
2026-07-15T21:42:33Z,MLOps: Vector Indexing,COMPLETED,8.417,17,1
2026-07-15T22:42:24Z,MLOps: Sentiment Enrichment,COMPLETED,6.879,18,1
2026-07-15T22:42:31Z,MLOps: Vector Indexing,COMPLETED,8.452,18,1
2026-07-15T23:42:24Z,MLOps: Sentiment Enrichment,COMPLETED,7.102,16,1
2026-07-15T23:42:31Z,MLOps: Vector Indexing,COMPLETED,8.234,16,1
2026-07-16T00:42:24Z,MLOps: Sentiment Enrichment,COMPLETED,6.682,11,1
2026-07-16T00:42:31Z,MLOps: Vector Indexing,COMPLETED,8.491,11,1
2026-07-16T01:42:25Z,MLOps: Sentiment Enrichment,COMPLETED,6.437,8,1
2026-07-16T01:42:31Z,MLOps: Vector Indexing,COMPLETED,8.173,8,1
2026-07-16T02:42:25Z,MLOps: Sentiment Enrichment,COMPLETED,6.761,8,1
2026-07-16T02:42:31Z,MLOps: Vector Indexing,COMPLETED,8.326,8,1
2026-07-16T03:42:25Z,MLOps: Sentiment Enrichment,COMPLETED,6.391,3,1
2026-07-16T03:42:31Z,MLOps: Vector Indexing,COMPLETED,8.227,3,1
2026-07-16T04:42:25Z,MLOps: Sentiment Enrichment,COMPLETED,7.220,16,1
2026-07-16T04:42:33Z,MLOps: Vector Indexing,COMPLETED,8.392,16,1
2026-07-16T05:42:28Z,MLOps: Sentiment Enrichment,COMPLETED,7.740,32,1
2026-07-16T05:42:36Z,MLOps: Vector Indexing,COMPLETED,8.499,32,1
2026-07-16T06:42:24Z,MLOps: Sentiment Enrichment,COMPLETED,7.743,30,1
2026-07-16T06:42:32Z,MLOps: Vector Indexing,COMPLETED,8.406,30,1
2026-07-16T07:42:25Z,MLOps: Sentiment Enrichment,COMPLETED,7.925,32,1
2026-07-16T07:42:33Z,MLOps: Vector Indexing,COMPLETED,8.601,32,1
2026-07-16T08:42:26Z,MLOps: Sentiment Enrichment,COMPLETED,7.552,27,1
2026-07-16T08:42:34Z,MLOps: Vector Indexing,COMPLETED,9.090,27,1
2026-07-16T09:42:25Z,MLOps: Sentiment Enrichment,COMPLETED,8.042,33,1
2026-07-16T09:42:33Z,MLOps: Vector Indexing,COMPLETED,8.511,33,1
2026-07-16T10:42:28Z,MLOps: Sentiment Enrichment,COMPLETED,7.710,22,1
2026-07-16T10:42:36Z,MLOps: Vector Indexing,COMPLETED,8.377,22,1
2026-07-16T11:42:25Z,MLOps: Sentiment Enrichment,COMPLETED,7.070,17,1
2026-07-16T11:42:32Z,MLOps: Vector Indexing,COMPLETED,8.451,17,1
2026-07-16T12:42:24Z,MLOps: Sentiment Enrichment,COMPLETED,7.986,27,1
2026-07-16T12:42:32Z,MLOps: Vector Indexing,COMPLETED,8.544,27,1
2026-07-16T13:42:25Z,MLOps: Sentiment Enrichment,COMPLETED,7.482,22,1
2026-07-16T13:42:32Z,MLOps: Vector Indexing,COMPLETED,8.432,22,1
2026-07-16T14:42:25Z,MLOps: Sentiment Enrichment,COMPLETED,8.207,35,1
2026-07-16T14:42:34Z,MLOps: Vector Indexing,COMPLETED,8.461,35,1
2026-07-16T15:42:25Z,MLOps: Sentiment Enrichment,COMPLETED,7.715,23,1
2026-07-16T15:42:32Z,MLOps: Vector Indexing,COMPLETED,8.428,23,1
2026-07-16T16:42:25Z,MLOps: Sentiment Enrichment,COMPLETED,7.374,21,1
2026-07-16T16:42:32Z,MLOps: Vector Indexing,COMPLETED,8.467,21,1
2026-07-16T17:42:25Z,MLOps: Sentiment Enrichment,COMPLETED,7.389,20,1
2026-07-16T17:42:32Z,MLOps: Vector Indexing,COMPLETED,8.596,20,1
2026-07-16T18:42:24Z,MLOps: Sentiment Enrichment,COMPLETED,8.836,40,1
2026-07-16T18:42:33Z,MLOps: Vector Indexing,COMPLETED,8.773,40,1
2026-07-16T19:42:24Z,MLOps: Sentiment Enrichment,COMPLETED,8.452,35,1
2026-07-16T19:42:33Z,MLOps: Vector Indexing,COMPLETED,8.560,35,1
2026-07-16T20:42:24Z,MLOps: Sentiment Enrichment,COMPLETED,6.750,8,1
2026-07-16T20:42:31Z,MLOps: Vector Indexing,COMPLETED,8.663,8,1
2026-07-16T21:42:24Z,MLOps: Sentiment Enrichment,COMPLETED,7.824,28,1
2026-07-16T21:42:32Z,MLOps: Vector Indexing,COMPLETED,8.931,28,1
2026-07-16T22:42:24Z,MLOps: Sentiment Enrichment,COMPLETED,6.945,15,1
2026-07-16T22:42:31Z,MLOps: Vector Indexing,COMPLETED,8.295,15,1
2026-07-16T23:42:24Z,MLOps: Sentiment Enrichment,COMPLETED,6.808,13,1
2026-07-16T23:42:31Z,MLOps: Vector Indexing,COMPLETED,8.399,13,1
2026-07-17T00:42:26Z,MLOps: Sentiment Enrichment,COMPLETED,7.115,12,1
2026-07-17T00:42:33Z,MLOps: Vector Indexing,COMPLETED,8.350,12,1
2026-07-17T01:42:24Z,MLOps: Sentiment Enrichment,COMPLETED,66.128,5,1
2026-07-17T01:43:31Z,MLOps: Vector Indexing,COMPLETED,8.250,5,1
2026-07-17T02:42:24Z,MLOps: Sentiment Enrichment,COMPLETED,6.984,14,1
2026-07-17T02:42:31Z,MLOps: Vector Indexing,COMPLETED,8.402,14,1
2026-07-17T03:42:24Z,MLOps: Sentiment Enrichment,COMPLETED,6.571,7,1
2026-07-17T03:42:31Z,MLOps: Vector Indexing,COMPLETED,8.126,7,1
2026-07-17T04:42:27Z,MLOps: Sentiment Enrichment,COMPLETED,7.783,26,1
2026-07-17T04:42:35Z,MLOps: Vector Indexing,COMPLETED,8.334,26,1
2026-07-17T05:42:25Z,MLOps: Sentiment Enrichment,COMPLETED,7.258,20,1
2026-07-17T05:42:32Z,MLOps: Vector Indexing,COMPLETED,8.402,20,1
2026-07-17T06:42:24Z,MLOps: Sentiment Enrichment,COMPLETED,7.239,20,1
2026-07-17T06:42:31Z,MLOps: Vector Indexing,COMPLETED,8.412,20,1
2026-07-17T07:42:25Z,MLOps: Sentiment Enrichment,COMPLETED,7.608,22,1
2026-07-17T07:42:33Z,MLOps: Vector Indexing,COMPLETED,8.840,22,1
2026-07-17T08:42:24Z,MLOps: Sentiment Enrichment,COMPLETED,7.278,19,1
2026-07-17T08:42:31Z,MLOps: Vector Indexing,COMPLETED,8.466,19,1
2026-07-17T09:42:25Z,MLOps: Sentiment Enrichment,COMPLETED,6.973,11,1
2026-07-17T09:42:32Z,MLOps: Vector Indexing,COMPLETED,8.499,11,1
2026-07-17T10:42:24Z,MLOps: Sentiment Enrichment,COMPLETED,7.254,14,1
2026-07-17T10:42:32Z,MLOps: Vector Indexing,COMPLETED,8.668,14,1
2026-07-17T11:42:24Z,MLOps: Sentiment Enrichment,COMPLETED,6.981,14,1
2026-07-17T11:42:31Z,MLOps: Vector Indexing,COMPLETED,8.440,14,1
2026-07-17T12:42:25Z,MLOps: Sentiment Enrichment,COMPLETED,7.383,20,1
2026-07-17T12:42:32Z,MLOps: Vector Indexing,COMPLETED,8.471,20,1
2026-07-17T13:42:25Z,MLOps: Sentiment Enrichment,COMPLETED,6.824,10,1
2026-07-17T13:42:31Z,MLOps: Vector Indexing,COMPLETED,8.499,10,1
2026-07-17T14:42:24Z,MLOps: Sentiment Enrichment,COMPLETED,7.572,23,1
2026-07-17T14:42:32Z,MLOps: Vector Indexing,COMPLETED,8.700,23,1
2026-07-17T15:42:25Z,MLOps: Sentiment Enrichment,COMPLETED,7.490,24,1
2026-07-17T15:42:32Z,MLOps: Vector Indexing,COMPLETED,8.509,24,1
2026-07-17T16:42:24Z,MLOps: Sentiment Enrichment,COMPLETED,7.544,23,1
2026-07-17T16:42:32Z,MLOps: Vector Indexing,COMPLETED,8.479,23,1
2026-07-17T17:42:24Z,MLOps: Sentiment Enrichment,COMPLETED,7.560,22,1
2026-07-17T17:42:32Z,MLOps: Vector Indexing,COMPLETED,8.426,22,1
2026-07-17T18:42:24Z,MLOps: Sentiment Enrichment,COMPLETED,7.436,21,1
2026-07-17T18:42:32Z,MLOps: Vector Indexing,COMPLETED,8.566,21,1
2026-07-17T19:42:24Z,MLOps: Sentiment Enrichment,COMPLETED,7.409,18,1
2026-07-17T19:42:32Z,MLOps: Vector Indexing,COMPLETED,8.485,18,1
2026-07-17T20:42:25Z,MLOps: Sentiment Enrichment,COMPLETED,7.498,27,1
2026-07-17T20:42:32Z,MLOps: Vector Indexing,COMPLETED,8.272,27,1
2026-07-17T21:42:24Z,MLOps: Sentiment Enrichment,COMPLETED,7.264,14,1
2026-07-17T21:42:32Z,MLOps: Vector Indexing,COMPLETED,8.567,14,1
2026-07-17T22:42:24Z,MLOps: Sentiment Enrichment,COMPLETED,7.006,13,1
2026-07-17T22:42:31Z,MLOps: Vector Indexing,COMPLETED,8.326,13,1
2026-07-17T23:42:24Z,MLOps: Sentiment Enrichment,COMPLETED,6.924,14,1
2026-07-17T23:42:31Z,MLOps: Vector Indexing,COMPLETED,8.295,14,1
2026-07-18T00:42:24Z,MLOps: Sentiment Enrichment,COMPLETED,7.565,22,1
2026-07-18T00:42:32Z,MLOps: Vector Indexing,COMPLETED,8.541,22,1
2026-07-18T01:42:24Z,MLOps: Sentiment Enrichment,COMPLETED,8.121,41,1
2026-07-18T01:42:33Z,MLOps: Vector Indexing,COMPLETED,8.552,41,1
2026-07-18T02:42:24Z,MLOps: Sentiment Enrichment,COMPLETED,7.498,21,1
2026-07-18T02:42:32Z,MLOps: Vector Indexing,COMPLETED,8.450,21,1
2026-07-18T03:42:25Z,MLOps: Sentiment Enrichment,COMPLETED,6.942,14,1
2026-07-18T03:42:32Z,MLOps: Vector Indexing,COMPLETED,8.339,14,1
2026-07-18T04:42:25Z,MLOps: Sentiment Enrichment,COMPLETED,6.317,6,1
2026-07-18T04:42:31Z,MLOps: Vector Indexing,COMPLETED,8.248,6,1
2026-07-18T05:42:25Z,MLOps: Sentiment Enrichment,COMPLETED,6.989,15,1
2026-07-18T05:42:32Z,MLOps: Vector Indexing,COMPLETED,8.346,15,1
2026-07-18T06:42:25Z,MLOps: Sentiment Enrichment,COMPLETED,7.595,14,1
2026-07-18T06:42:32Z,MLOps: Vector Indexing,COMPLETED,8.492,14,1
2026-07-18T07:42:25Z,MLOps: Sentiment Enrichment,COMPLETED,7.148,15,1
2026-07-18T07:42:32Z,MLOps: Vector Indexing,COMPLETED,8.511,15,1
2026-07-18T08:42:25Z,MLOps: Sentiment Enrichment,COMPLETED,7.219,16,1
2026-07-18T08:42:32Z,MLOps: Vector Indexing,COMPLETED,8.381,16,1
2026-07-18T09:42:24Z,MLOps: Sentiment Enrichment,COMPLETED,6.562,8,1
2026-07-18T09:42:31Z,MLOps: Vector Indexing,COMPLETED,8.437,8,1
2026-07-18T10:42:24Z,MLOps: Sentiment Enrichment,COMPLETED,7.034,14,1
2026-07-18T10:42:31Z,MLOps: Vector Indexing,COMPLETED,8.235,14,1
2026-07-18T11:42:24Z,MLOps: Sentiment Enrichment,COMPLETED,7.015,12,1
2026-07-18T11:42:31Z,MLOps: Vector Indexing,COMPLETED,8.450,12,1
2026-07-18T12:42:24Z,MLOps: Sentiment Enrichment,COMPLETED,7.259,21,1
2026-07-18T12:42:32Z,MLOps: Vector Indexing,COMPLETED,8.533,21,1
2026-07-18T13:42:25Z,MLOps: Sentiment Enrichment,COMPLETED,8.149,26,1
2026-07-18T13:42:33Z,MLOps: Vector Indexing,COMPLETED,8.780,26,1
2026-07-18T14:42:25Z,MLOps: Sentiment Enrichment,COMPLETED,7.566,21,1
2026-07-18T14:42:32Z,MLOps: Vector Indexing,COMPLETED,8.389,21,1
2026-07-18T15:42:25Z,MLOps: Sentiment Enrichment,COMPLETED,7.081,12,1
2026-07-18T15:42:32Z,MLOps: Vector Indexing,COMPLETED,8.476,12,1
2026-07-18T16:42:27Z,MLOps: Sentiment Enrichment,COMPLETED,7.092,11,1
2026-07-18T16:42:34Z,MLOps: Vector Indexing,COMPLETED,8.534,11,1
2026-07-18T17:42:25Z,MLOps: Sentiment Enrichment,COMPLETED,6.952,10,1
2026-07-18T17:42:31Z,MLOps: Vector Indexing,COMPLETED,8.452,10,1
2026-07-18T18:42:25Z,MLOps: Sentiment Enrichment,COMPLETED,6.967,12,1
2026-07-18T18:42:31Z,MLOps: Vector Indexing,COMPLETED,8.356,12,1
2026-07-18T19:42:25Z,MLOps: Sentiment Enrichment,COMPLETED,6.835,11,1
2026-07-18T19:42:32Z,MLOps: Vector Indexing,COMPLETED,8.577,11,1
2026-07-18T20:42:25Z,MLOps: Sentiment Enrichment,COMPLETED,7.094,10,1
2026-07-18T20:42:32Z,MLOps: Vector Indexing,COMPLETED,8.508,10,1
2026-07-18T21:42:25Z,MLOps: Sentiment Enrichment,COMPLETED,6.759,9,1
2026-07-18T21:42:31Z,MLOps: Vector Indexing,COMPLETED,8.320,9,1
2026-07-18T22:42:24Z,MLOps: Sentiment Enrichment,COMPLETED,6.735,9,1
2026-07-18T22:42:31Z,MLOps: Vector Indexing,COMPLETED,8.455,9,1
2026-07-18T23:42:25Z,MLOps: Sentiment Enrichment,COMPLETED,6.805,7,1
2026-07-18T23:42:32Z,MLOps: Vector Indexing,COMPLETED,8.242,7,1
2026-07-19T00:42:24Z,MLOps: Sentiment Enrichment,COMPLETED,7.295,19,1
2026-07-19T00:42:32Z,MLOps: Vector Indexing,COMPLETED,8.416,19,1
2026-07-19T01:42:24Z,MLOps: Sentiment Enrichment,COMPLETED,7.510,25,1
2026-07-19T01:42:32Z,MLOps: Vector Indexing,COMPLETED,8.379,25,1
2026-07-19T02:42:25Z,MLOps: Sentiment Enrichment,COMPLETED,7.301,20,1
2026-07-19T02:42:32Z,MLOps: Vector Indexing,COMPLETED,8.296,20,1
2026-07-19T03:42:24Z,MLOps: Sentiment Enrichment,COMPLETED,7.417,19,1
2026-07-19T03:42:31Z,MLOps: Vector Indexing,COMPLETED,8.417,19,1
2026-07-19T04:42:25Z,MLOps: Sentiment Enrichment,COMPLETED,6.905,13,1
2026-07-19T04:42:31Z,MLOps: Vector Indexing,COMPLETED,8.371,13,1
2026-07-19T05:42:25Z,MLOps: Sentiment Enrichment,COMPLETED,6.699,11,1
2026-07-19T05:42:31Z,MLOps: Vector Indexing,COMPLETED,8.336,11,1
2026-07-19T06:42:25Z,MLOps: Sentiment Enrichment,COMPLETED,7.214,15,1
2026-07-19T06:42:32Z,MLOps: Vector Indexing,COMPLETED,8.551,15,1
2026-07-19T07:42:24Z,MLOps: Sentiment Enrichment,COMPLETED,6.863,14,1
2026-07-19T07:42:31Z,MLOps: Vector Indexing,COMPLETED,8.316,14,1
2026-07-19T08:42:25Z,MLOps: Sentiment Enrichment,COMPLETED,7.100,16,1
2026-07-19T08:42:32Z,MLOps: Vector Indexing,COMPLETED,8.587,16,1
2026-07-19T09:42:24Z,MLOps: Sentiment Enrichment,COMPLETED,7.204,16,1
2026-07-19T09:42:31Z,MLOps: Vector Indexing,COMPLETED,8.406,16,1
2026-07-19T10:42:25Z,MLOps: Sentiment Enrichment,COMPLETED,6.554,8,1
2026-07-19T10:42:31Z,MLOps: Vector Indexing,COMPLETED,8.291,8,1
2026-07-19T11:42:25Z,MLOps: Sentiment Enrichment,COMPLETED,7.204,16,1
2026-07-19T11:42:32Z,MLOps: Vector Indexing,COMPLETED,8.546,16,1
2026-07-19T12:42:25Z,MLOps: Sentiment Enrichment,COMPLETED,7.027,13,1
2026-07-19T12:42:32Z,MLOps: Vector Indexing,COMPLETED,8.471,13,1
2026-07-19T13:42:26Z,MLOps: Sentiment Enrichment,COMPLETED,6.885,12,1
2026-07-19T13:42:33Z,MLOps: Vector Indexing,COMPLETED,8.400,12,1
2026-07-19T14:42:24Z,MLOps: Sentiment Enrichment,COMPLETED,6.673,6,1
2026-07-19T14:42:31Z,MLOps: Vector Indexing,COMPLETED,8.519,6,1
2026-07-19T15:42:24Z,MLOps: Sentiment Enrichment,COMPLETED,7.589,19,1
2026-07-19T15:42:32Z,MLOps: Vector Indexing,COMPLETED,8.434,19,1
2026-07-19T16:42:24Z,MLOps: Sentiment Enrichment,COMPLETED,7.427,19,1
2026-07-19T16:42:32Z,MLOps: Vector Indexing,COMPLETED,8.625,19,1
2026-07-19T17:42:25Z,MLOps: Sentiment Enrichment,COMPLETED,7.225,19,1
2026-07-19T17:42:32Z,MLOps: Vector Indexing,COMPLETED,8.447,19,1
2026-07-19T18:42:24Z,MLOps: Sentiment Enrichment,COMPLETED,7.231,15,1
2026-07-19T18:42:32Z,MLOps: Vector Indexing,COMPLETED,8.603,15,1
2026-07-19T19:42:25Z,MLOps: Sentiment Enrichment,COMPLETED,7.201,13,1
2026-07-19T19:42:32Z,MLOps: Vector Indexing,COMPLETED,8.508,13,1
2026-07-19T20:42:25Z,MLOps: Sentiment Enrichment,COMPLETED,6.524,8,1
2026-07-19T20:42:31Z,MLOps: Vector Indexing,COMPLETED,8.249,8,1
2026-07-19T21:42:24Z,MLOps: Sentiment Enrichment,COMPLETED,6.749,12,1
2026-07-19T21:42:31Z,MLOps: Vector Indexing,COMPLETED,8.417,12,1
2026-07-19T22:42:24Z,MLOps: Sentiment Enrichment,COMPLETED,6.834,14,1
2026-07-19T22:42:31Z,MLOps: Vector Indexing,COMPLETED,8.423,14,1
2026-07-19T23:42:24Z,MLOps: Sentiment Enrichment,COMPLETED,6.765,9,1
2026-07-19T23:42:31Z,MLOps: Vector Indexing,COMPLETED,8.352,9,1
2026-07-20T00:42:25Z,MLOps: Sentiment Enrichment,COMPLETED,6.681,8,1
2026-07-20T00:42:32Z,MLOps: Vector Indexing,COMPLETED,8.292,8,1
2026-07-20T01:42:25Z,MLOps: Sentiment Enrichment,COMPLETED,7.226,16,1
2026-07-20T01:42:32Z,MLOps: Vector Indexing,COMPLETED,8.395,16,1
2026-07-20T02:42:24Z,MLOps: Sentiment Enrichment,COMPLETED,6.537,6,1
2026-07-20T02:42:31Z,MLOps: Vector Indexing,COMPLETED,8.390,6,1
2026-07-20T03:42:25Z,MLOps: Sentiment Enrichment,COMPLETED,6.839,11,1
2026-07-20T03:42:32Z,MLOps: Vector Indexing,COMPLETED,8.332,11,1
2026-07-20T04:42:25Z,MLOps: Sentiment Enrichment,COMPLETED,6.892,11,1
2026-07-20T04:42:32Z,MLOps: Vector Indexing,COMPLETED,8.293,11,1
2026-07-20T05:42:24Z,MLOps: Sentiment Enrichment,COMPLETED,4.754,0,0
2026-07-20T05:42:29Z,MLOps: Vector Indexing,COMPLETED,1.573,0,0
2026-07-20T06:42:25Z,MLOps: Sentiment Enrichment,COMPLETED,6.435,2,1
2026-07-20T06:42:31Z,MLOps: Vector Indexing,COMPLETED,8.289,2,1
2026-07-20T07:42:24Z,MLOps: Sentiment Enrichment,COMPLETED,6.435,3,1
2026-07-20T07:42:31Z,MLOps: Vector Indexing,COMPLETED,8.189,3,1
2026-07-20T08:42:24Z,MLOps: Sentiment Enrichment,COMPLETED,7.163,12,1
2026-07-20T08:42:32Z,MLOps: Vector Indexing,COMPLETED,8.505,12,1
2026-07-20T09:42:24Z,MLOps: Sentiment Enrichment,COMPLETED,7.605,29,1
2026-07-20T09:42:32Z,MLOps: Vector Indexing,COMPLETED,8.582,29,1
2026-07-20T10:42:25Z,MLOps: Sentiment Enrichment,COMPLETED,7.460,27,1
2026-07-20T10:42:33Z,MLOps: Vector Indexing,COMPLETED,8.324,27,1
2026-07-20T11:42:25Z,MLOps: Sentiment Enrichment,COMPLETED,7.237,21,1
2026-07-20T11:42:32Z,MLOps: Vector Indexing,COMPLETED,8.540,21,1
2026-07-20T12:42:24Z,MLOps: Sentiment Enrichment,COMPLETED,7.845,33,1
2026-07-20T12:42:32Z,MLOps: Vector Indexing,COMPLETED,8.496,33,1
2026-07-20T13:42:25Z,MLOps: Sentiment Enrichment,COMPLETED,7.626,19,1
2026-07-20T13:42:32Z,MLOps: Vector Indexing,COMPLETED,8.473,19,1
2026-07-20T14:42:25Z,MLOps: Sentiment Enrichment,COMPLETED,7.571,25,1
2026-07-20T14:42:32Z,MLOps: Vector Indexing,COMPLETED,8.629,25,1
2026-07-20T15:42:24Z,MLOps: Sentiment Enrichment,COMPLETED,7.680,22,1
2026-07-20T15:42:32Z,MLOps: Vector Indexing,COMPLETED,8.602,22,1
2026-07-20T16:42:25Z,MLOps: Sentiment Enrichment,COMPLETED,7.624,23,1
2026-07-20T16:42:32Z,MLOps: Vector Indexing,COMPLETED,8.711,23,1
2026-07-20T17:42:25Z,MLOps: Sentiment Enrichment,COMPLETED,7.329,20,1
2026-07-20T17:42:32Z,MLOps: Vector Indexing,COMPLETED,8.590,20,1
2026-07-20T18:42:26Z,MLOps: Sentiment Enrichment,COMPLETED,7.935,27,1
2026-07-20T18:42:34Z,MLOps: Vector Indexing,COMPLETED,8.835,27,1
2026-07-20T19:42:24Z,MLOps: Sentiment Enrichment,COMPLETED,6.950,12,1
2026-07-20T19:42:31Z,MLOps: Vector Indexing,COMPLETED,8.489,12,1
2026-07-20T20:42:25Z,MLOps: Sentiment Enrichment,COMPLETED,7.089,10,1
2026-07-20T20:42:32Z,MLOps: Vector Indexing,COMPLETED,8.482,10,1
2026-07-20T21:42:24Z,MLOps: Sentiment Enrichment,COMPLETED,6.872,8,1
2026-07-20T21:42:31Z,MLOps: Vector Indexing,COMPLETED,8.542,8,1
2026-07-20T22:42:25Z,MLOps: Sentiment Enrichment,COMPLETED,6.365,8,1
2026-07-20T22:42:31Z,MLOps: Vector Indexing,COMPLETED,8.271,8,1
2026-07-20T23:42:24Z,MLOps: Sentiment Enrichment,COMPLETED,6.439,4,1
2026-07-20T23:42:31Z,MLOps: Vector Indexing,COMPLETED,8.433,4,1
2026-07-21T00:42:27Z,MLOps: Sentiment Enrichment,COMPLETED,6.732,10,1
2026-07-21T00:42:34Z,MLOps: Vector Indexing,COMPLETED,8.238,10,1
2026-07-21T01:42:24Z,MLOps: Sentiment Enrichment,COMPLETED,6.984,10,1
2026-07-21T01:42:31Z,MLOps: Vector Indexing,COMPLETED,8.319,10,1
2026-07-21T02:42:24Z,MLOps: Sentiment Enrichment,COMPLETED,6.396,2,1
2026-07-21T02:42:30Z,MLOps: Vector Indexing,COMPLETED,8.370,2,1
2026-07-21T03:42:26Z,MLOps: Sentiment Enrichment,COMPLETED,6.361,1,1
2026-07-21T03:42:32Z,MLOps: Vector Indexing,COMPLETED,8.567,1,1
2026-07-21T04:42:25Z,MLOps: Sentiment Enrichment,COMPLETED,6.318,2,1
2026-07-21T04:42:31Z,MLOps: Vector Indexing,COMPLETED,8.409,2,1
2026-07-21T05:42:25Z,MLOps: Sentiment Enrichment,COMPLETED,4.683,0,0
2026-07-21T05:42:30Z,MLOps: Vector Indexing,COMPLETED,1.628,0,0
2026-07-21T06:42:27Z,MLOps: Sentiment Enrichment,COMPLETED,6.339,1,1
2026-07-21T06:42:34Z,MLOps: Vector Indexing,COMPLETED,8.047,1,1
2026-07-21T07:42:26Z,MLOps: Sentiment Enrichment,COMPLETED,6.473,4,1
2026-07-21T07:42:33Z,MLOps: Vector Indexing,COMPLETED,8.463,4,1
2026-07-21T08:42:25Z,MLOps: Sentiment Enrichment,COMPLETED,4.729,0,0
2026-07-21T08:42:29Z,MLOps: Vector Indexing,COMPLETED,1.628,0,0
2026-07-21T09:42:25Z,MLOps: Sentiment Enrichment,COMPLETED,7.377,24,1
2026-07-21T09:42:32Z,MLOps: Vector Indexing,COMPLETED,8.470,24,1
2026-07-21T10:42:24Z,MLOps: Sentiment Enrichment,COMPLETED,7.798,26,1
2026-07-21T10:42:32Z,MLOps: Vector Indexing,COMPLETED,8.561,26,1
2026-07-21T11:42:24Z,MLOps: Sentiment Enrichment,COMPLETED,7.426,19,1
2026-07-21T11:42:32Z,MLOps: Vector Indexing,COMPLETED,8.534,19,1
2026-07-21T12:42:24Z,MLOps: Sentiment Enrichment,COMPLETED,7.542,24,1
2026-07-21T12:42:32Z,MLOps: Vector Indexing,COMPLETED,8.373,24,1
2026-07-21T13:42:25Z,MLOps: Sentiment Enrichment,COMPLETED,7.484,18,1
2026-07-21T13:42:32Z,MLOps: Vector Indexing,COMPLETED,8.789,18,1
2026-07-21T14:42:25Z,MLOps: Sentiment Enrichment,COMPLETED,8.134,31,1
2026-07-21T14:42:33Z,MLOps: Vector Indexing,COMPLETED,8.446,31,1
2026-07-21T15:42:25Z,MLOps: Sentiment Enrichment,COMPLETED,7.846,24,1
2026-07-21T15:42:33Z,MLOps: Vector Indexing,COMPLETED,8.504,24,1
2026-07-21T16:42:25Z,MLOps: Sentiment Enrichment,COMPLETED,7.331,18,1
2026-07-21T16:42:32Z,MLOps: Vector Indexing,COMPLETED,8.429,18,1
2026-07-21T17:42:24Z,MLOps: Sentiment Enrichment,COMPLETED,7.356,17,1
2026-07-21T17:42:32Z,MLOps: Vector Indexing,COMPLETED,8.391,17,1
2026-07-21T18:42:24Z,MLOps: Sentiment Enrichment,COMPLETED,6.660,8,1
2026-07-21T18:42:31Z,MLOps: Vector Indexing,COMPLETED,8.494,8,1
2026-07-21T19:42:24Z,MLOps: Sentiment Enrichment,COMPLETED,6.912,13,1
2026-07-21T19:42:31Z,MLOps: Vector Indexing,COMPLETED,8.528,13,1
2026-07-21T20:42:24Z,MLOps: Sentiment Enrichment,COMPLETED,7.093,13,1
2026-07-21T20:42:31Z,MLOps: Vector Indexing,COMPLETED,8.248,13,1
2026-07-21T21:42:25Z,MLOps: Sentiment Enrichment,COMPLETED,7.252,14,1
2026-07-21T21:42:32Z,MLOps: Vector Indexing,COMPLETED,8.446,14,1
2026-07-21T22:42:24Z,MLOps: Sentiment Enrichment,COMPLETED,7.054,17,1
2026-07-21T22:42:31Z,MLOps: Vector Indexing,COMPLETED,8.401,17,1
2026-07-21T23:42:24Z,MLOps: Sentiment Enrichment,COMPLETED,7.184,18,1
2026-07-21T23:42:31Z,MLOps: Vector Indexing,COMPLETED,8.094,18,1
2026-07-22T00:42:25Z,MLOps: Sentiment Enrichment,COMPLETED,6.591,7,1
2026-07-22T00:42:31Z,MLOps: Vector Indexing,COMPLETED,8.313,7,1
2026-07-22T01:42:25Z,MLOps: Sentiment Enrichment,COMPLETED,6.559,6,1
2026-07-22T01:42:31Z,MLOps: Vector Indexing,COMPLETED,8.491,6,1
2026-07-22T02:42:24Z,MLOps: Sentiment Enrichment,COMPLETED,6.743,7,1
2026-07-22T02:42:31Z,MLOps: Vector Indexing,COMPLETED,8.517,7,1
2026-07-22T03:42:24Z,MLOps: Sentiment Enrichment,COMPLETED,6.759,13,1
2026-07-22T03:42:31Z,MLOps: Vector Indexing,COMPLETED,8.228,13,1
2026-07-22T04:42:24Z,MLOps: Sentiment Enrichment,COMPLETED,7.041,13,1
2026-07-22T04:42:31Z,MLOps: Vector Indexing,COMPLETED,8.183,13,1
2026-07-22T05:42:25Z,MLOps: Sentiment Enrichment,COMPLETED,6.755,13,1
2026-07-22T05:42:31Z,MLOps: Vector Indexing,COMPLETED,8.244,13,1
2026-07-22T06:42:24Z,MLOps: Sentiment Enrichment,COMPLETED,7.144,19,1
2026-07-22T06:42:31Z,MLOps: Vector Indexing,COMPLETED,8.390,19,1
2026-07-22T07:42:25Z,MLOps: Sentiment Enrichment,COMPLETED,7.734,23,1
2026-07-22T07:42:33Z,MLOps: Vector Indexing,COMPLETED,8.519,23,1
2026-07-22T08:42:27Z,MLOps: Sentiment Enrichment,COMPLETED,7.248,16,1
2026-07-22T08:42:34Z,MLOps: Vector Indexing,COMPLETED,8.466,16,1
2026-07-22T09:42:24Z,MLOps: Sentiment Enrichment,COMPLETED,7.172,13,1
2026-07-22T09:42:31Z,MLOps: Vector Indexing,COMPLETED,8.491,13,1
2026-07-22T10:42:24Z,MLOps: Sentiment Enrichment,COMPLETED,7.256,23,1
2026-07-22T10:42:32Z,MLOps: Vector Indexing,COMPLETED,8.512,23,1
2026-07-22T11:42:24Z,MLOps: Sentiment Enrichment,COMPLETED,7.243,18,1
2026-07-22T11:42:32Z,MLOps: Vector Indexing,COMPLETED,8.307,18,1
2026-07-22T12:42:25Z,MLOps: Sentiment Enrichment,COMPLETED,7.677,30,1
2026-07-22T12:42:33Z,MLOps: Vector Indexing,COMPLETED,8.436,30,1
2026-07-22T13:42:25Z,MLOps: Sentiment Enrichment,COMPLETED,7.437,22,1
2026-07-22T13:42:32Z,MLOps: Vector Indexing,COMPLETED,8.614,22,1
2026-07-22T14:42:25Z,MLOps: Sentiment Enrichment,COMPLETED,7.313,19,1
2026-07-22T14:42:32Z,MLOps: Vector Indexing,COMPLETED,8.480,19,1
2026-07-22T15:42:25Z,MLOps: Sentiment Enrichment,COMPLETED,7.878,25,1
2026-07-22T15:42:33Z,MLOps: Vector Indexing,COMPLETED,8.321,25,1
2026-07-22T16:42:26Z,MLOps: Sentiment Enrichment,COMPLETED,7.579,22,1
2026-07-22T16:42:34Z,MLOps: Vector Indexing,COMPLETED,8.470,22,1
2026-07-22T17:42:25Z,MLOps: Sentiment Enrichment,COMPLETED,6.801,14,1
2026-07-22T17:42:31Z,MLOps: Vector Indexing,COMPLETED,8.300,14,1
2026-07-22T18:42:25Z,MLOps: Sentiment Enrichment,COMPLETED,7.106,13,1
2026-07-22T18:42:32Z,MLOps: Vector Indexing,COMPLETED,8.501,13,1
2026-07-22T19:42:24Z,MLOps: Sentiment Enrichment,COMPLETED,7.289,21,1
2026-07-22T19:42:31Z,MLOps: Vector Indexing,COMPLETED,8.467,21,1
2026-07-22T20:42:24Z,MLOps: Sentiment Enrichment,COMPLETED,6.535,12,1
2026-07-22T20:42:31Z,MLOps: Vector Indexing,COMPLETED,8.430,12,1
2026-07-22T21:42:27Z,MLOps: Sentiment Enrichment,COMPLETED,7.493,20,1
2026-07-22T21:42:34Z,MLOps: Vector Indexing,COMPLETED,8.418,20,1
2026-07-22T22:42:25Z,MLOps: Sentiment Enrichment,COMPLETED,7.289,18,1
2026-07-22T22:42:32Z,MLOps: Vector Indexing,COMPLETED,8.282,18,1
2026-07-22T23:42:25Z,MLOps: Sentiment Enrichment,COMPLETED,7.305,17,1
2026-07-22T23:42:32Z,MLOps: Vector Indexing,COMPLETED,8.441,17,1
2026-07-23T00:42:25Z,MLOps: Sentiment Enrichment,COMPLETED,6.755,7,1
2026-07-23T00:42:32Z,MLOps: Vector Indexing,COMPLETED,8.203,7,1
2026-07-23T01:42:24Z,MLOps: Sentiment Enrichment,COMPLETED,6.759,9,1
2026-07-23T01:42:31Z,MLOps: Vector Indexing,COMPLETED,8.257,9,1
2026-07-23T02:42:24Z,MLOps: Sentiment Enrichment,COMPLETED,6.692,8,1
2026-07-23T02:42:31Z,MLOps: Vector Indexing,COMPLETED,8.304,8,1
2026-07-23T03:42:24Z,MLOps: Sentiment Enrichment,COMPLETED,6.684,7,1
2026-07-23T03:42:31Z,MLOps: Vector Indexing,COMPLETED,8.272,7,1
2026-07-23T04:42:28Z,MLOps: Sentiment Enrichment,COMPLETED,7.144,18,1
2026-07-23T04:42:35Z,MLOps: Vector Indexing,COMPLETED,8.298,18,1
2026-07-23T05:42:25Z,MLOps: Sentiment Enrichment,COMPLETED,7.376,22,1
2026-07-23T05:42:32Z,MLOps: Vector Indexing,COMPLETED,8.484,22,1
2026-07-23T06:42:24Z,MLOps: Sentiment Enrichment,COMPLETED,7.132,20,1
2026-07-23T06:42:31Z,MLOps: Vector Indexing,COMPLETED,8.231,20,1
2026-07-23T07:42:24Z,MLOps: Sentiment Enrichment,COMPLETED,7.480,20,1
2026-07-23T07:42:31Z,MLOps: Vector Indexing,COMPLETED,8.703,20,1
2026-07-23T08:42:25Z,MLOps: Sentiment Enrichment,COMPLETED,7.188,15,1
2026-07-23T08:42:32Z,MLOps: Vector Indexing,COMPLETED,8.489,15,1
2026-07-23T09:42:24Z,MLOps: Sentiment Enrichment,COMPLETED,6.921,14,1
2026-07-23T09:42:31Z,MLOps: Vector Indexing,COMPLETED,8.468,14,1
2026-07-23T10:42:25Z,MLOps: Sentiment Enrichment,COMPLETED,7.170,20,1
2026-07-23T10:42:32Z,MLOps: Vector Indexing,COMPLETED,8.223,20,1
2026-07-23T11:42:25Z,MLOps: Sentiment Enrichment,COMPLETED,7.320,14,1
2026-07-23T11:42:32Z,MLOps: Vector Indexing,COMPLETED,8.910,14,1
2026-07-23T12:42:24Z,MLOps: Sentiment Enrichment,COMPLETED,7.717,28,1
2026-07-23T12:42:32Z,MLOps: Vector Indexing,COMPLETED,8.640,28,1
2026-07-23T13:42:24Z,MLOps: Sentiment Enrichment,COMPLETED,7.727,23,1
2026-07-23T13:42:32Z,MLOps: Vector Indexing,COMPLETED,8.572,23,1
2026-07-23T14:42:26Z,MLOps: Sentiment Enrichment,COMPLETED,8.463,37,1
2026-07-23T14:42:35Z,MLOps: Vector Indexing,COMPLETED,8.797,37,1
2026-07-23T15:42:24Z,MLOps: Sentiment Enrichment,COMPLETED,7.499,22,1
2026-07-23T15:42:32Z,MLOps: Vector Indexing,COMPLETED,8.576,22,1
2026-07-23T16:42:25Z,MLOps: Sentiment Enrichment,COMPLETED,7.459,22,1
2026-07-23T16:42:32Z,MLOps: Vector Indexing,COMPLETED,8.547,22,1
2026-07-23T17:42:24Z,MLOps: Sentiment Enrichment,COMPLETED,7.376,18,1
2026-07-23T17:42:32Z,MLOps: Vector Indexing,COMPLETED,8.683,18,1
2026-07-23T18:42:25Z,MLOps: Sentiment Enrichment,COMPLETED,6.865,14,1
2026-07-23T18:42:31Z,MLOps: Vector Indexing,COMPLETED,8.408,14,1
2026-07-23T19:42:24Z,MLOps: Sentiment Enrichment,COMPLETED,7.153,14,1
2026-07-23T19:42:32Z,MLOps: Vector Indexing,COMPLETED,8.503,14,1
2026-07-23T20:42:26Z,MLOps: Sentiment Enrichment,COMPLETED,7.218,18,1
2026-07-23T20:42:33Z,MLOps: Vector Indexing,COMPLETED,8.606,18,1
2026-07-23T21:42:24Z,MLOps: Sentiment Enrichment,COMPLETED,7.505,19,1
2026-07-23T21:42:32Z,MLOps: Vector Indexing,COMPLETED,8.450,19,1
2026-07-23T22:42:24Z,MLOps: Sentiment Enrichment,COMPLETED,7.061,18,1
2026-07-23T22:42:31Z,MLOps: Vector Indexing,COMPLETED,8.302,18,1
2026-07-23T23:42:24Z,MLOps: Sentiment Enrichment,COMPLETED,6.525,10,1
2026-07-23T23:42:31Z,MLOps: Vector Indexing,COMPLETED,8.225,10,1
2026-07-24T00:42:24Z,MLOps: Sentiment Enrichment,COMPLETED,6.854,9,1
2026-07-24T00:42:31Z,MLOps: Vector Indexing,COMPLETED,8.339,9,1
2026-07-24T01:42:24Z,MLOps: Sentiment Enrichment,COMPLETED,6.580,7,1
2026-07-24T01:42:31Z,MLOps: Vector Indexing,COMPLETED,8.328,7,1
2026-07-24T02:42:25Z,MLOps: Sentiment Enrichment,COMPLETED,6.758,9,1
2026-07-24T02:42:31Z,MLOps: Vector Indexing,COMPLETED,8.306,9,1
2026-07-24T03:42:25Z,MLOps: Sentiment Enrichment,COMPLETED,6.503,8,1
2026-07-24T03:42:31Z,MLOps: Vector Indexing,COMPLETED,8.270,8,1
2026-07-24T04:42:24Z,MLOps: Sentiment Enrichment,COMPLETED,7.523,25,1
2026-07-24T04:42:32Z,MLOps: Vector Indexing,COMPLETED,8.530,25,1
2026-07-24T05:42:24Z,MLOps: Sentiment Enrichment,COMPLETED,7.483,22,1
2026-07-24T05:42:32Z,MLOps: Vector Indexing,COMPLETED,8.254,22,1
2026-07-24T06:42:24Z,MLOps: Sentiment Enrichment,COMPLETED,7.824,27,1
2026-07-24T06:42:32Z,MLOps: Vector Indexing,COMPLETED,8.503,27,1
2026-07-24T08:26:33Z,MLOps: Sentiment Enrichment,COMPLETED,10.296,27,1
2026-07-24T08:26:44Z,MLOps: Vector Indexing,COMPLETED,12.833,27,1
2026-07-24T09:26:33Z,MLOps: Sentiment Enrichment,COMPLETED,7.118,12,1
2026-07-24T09:26:40Z,MLOps: Vector Indexing,COMPLETED,8.209,12,1
2026-07-24T10:26:34Z,MLOps: Sentiment Enrichment,COMPLETED,7.492,18,1
2026-07-24T10:26:41Z,MLOps: Vector Indexing,COMPLETED,8.506,18,1
2026-07-24T11:26:32Z,MLOps: Sentiment Enrichment,COMPLETED,6.929,12,1
2026-07-24T11:26:39Z,MLOps: Vector Indexing,COMPLETED,8.297,12,1
2026-07-24T12:26:33Z,MLOps: Sentiment Enrichment,COMPLETED,7.555,22,1
2026-07-24T12:26:40Z,MLOps: Vector Indexing,COMPLETED,8.814,22,1
2026-07-24T13:26:32Z,MLOps: Sentiment Enrichment,COMPLETED,6.732,10,1
2026-07-24T13:26:39Z,MLOps: Vector Indexing,COMPLETED,8.319,10,1
2026-07-24T14:26:32Z,MLOps: Sentiment Enrichment,COMPLETED,7.626,21,1
2026-07-24T14:26:40Z,MLOps: Vector Indexing,COMPLETED,8.805,21,1
2026-07-24T15:26:33Z,MLOps: Sentiment Enrichment,COMPLETED,7.612,19,1
2026-07-24T15:26:40Z,MLOps: Vector Indexing,COMPLETED,8.861,19,1
2026-07-24T16:26:33Z,MLOps: Sentiment Enrichment,COMPLETED,7.216,17,1
2026-07-24T16:26:40Z,MLOps: Vector Indexing,COMPLETED,8.246,17,1
2026-07-24T17:26:32Z,MLOps: Sentiment Enrichment,COMPLETED,7.594,19,1
2026-07-24T17:26:40Z,MLOps: Vector Indexing,COMPLETED,8.424,19,1
2026-07-24T18:26:33Z,MLOps: Sentiment Enrichment,COMPLETED,7.353,19,1
2026-07-24T18:26:40Z,MLOps: Vector Indexing,COMPLETED,8.848,19,1
2026-07-24T19:26:33Z,MLOps: Sentiment Enrichment,COMPLETED,7.373,17,1
2026-07-24T19:26:40Z,MLOps: Vector Indexing,COMPLETED,8.572,17,1
2026-07-24T20:26:33Z,MLOps: Sentiment Enrichment,COMPLETED,7.981,33,1
2026-07-24T20:26:41Z,MLOps: Vector Indexing,COMPLETED,8.728,33,1
2026-07-24T21:26:32Z,MLOps: Sentiment Enrichment,COMPLETED,7.409,19,1
2026-07-24T21:26:40Z,MLOps: Vector Indexing,COMPLETED,8.380,19,1
2026-07-24T22:26:33Z,MLOps: Sentiment Enrichment,COMPLETED,6.602,11,1
2026-07-24T22:26:40Z,MLOps: Vector Indexing,COMPLETED,8.347,11,1
2026-07-24T23:26:35Z,MLOps: Sentiment Enrichment,COMPLETED,6.949,14,1
2026-07-24T23:26:42Z,MLOps: Vector Indexing,COMPLETED,8.168,14,1
2026-07-25T00:26:33Z,MLOps: Sentiment Enrichment,COMPLETED,7.059,16,1
2026-07-25T00:26:40Z,MLOps: Vector Indexing,COMPLETED,8.301,16,1
2026-07-25T01:26:32Z,MLOps: Sentiment Enrichment,COMPLETED,7.972,31,1
2026-07-25T01:26:40Z,MLOps: Vector Indexing,COMPLETED,8.359,31,1
2026-07-25T02:26:33Z,MLOps: Sentiment Enrichment,COMPLETED,7.520,30,1
2026-07-25T02:26:40Z,MLOps: Vector Indexing,COMPLETED,8.292,30,1
2026-07-25T03:26:32Z,MLOps: Sentiment Enrichment,COMPLETED,7.317,22,1
2026-07-25T03:26:40Z,MLOps: Vector Indexing,COMPLETED,8.321,22,1
2026-07-25T04:26:33Z,MLOps: Sentiment Enrichment,COMPLETED,6.442,4,1
2026-07-25T04:26:39Z,MLOps: Vector Indexing,COMPLETED,8.119,4,1
2026-07-25T05:26:32Z,MLOps: Sentiment Enrichment,COMPLETED,6.728,11,1
2026-07-25T05:26:39Z,MLOps: Vector Indexing,COMPLETED,8.325,11,1
2026-07-25T06:26:32Z,MLOps: Sentiment Enrichment,COMPLETED,7.042,15,1
2026-07-25T06:26:39Z,MLOps: Vector Indexing,COMPLETED,8.249,15,1
2026-07-25T07:26:33Z,MLOps: Sentiment Enrichment,COMPLETED,6.900,13,1
2026-07-25T07:26:40Z,MLOps: Vector Indexing,COMPLETED,8.460,13,1
2026-07-25T08:26:33Z,MLOps: Sentiment Enrichment,COMPLETED,7.337,20,1
2026-07-25T08:26:40Z,MLOps: Vector Indexing,COMPLETED,8.304,20,1
2026-07-25T09:26:35Z,MLOps: Sentiment Enrichment,COMPLETED,6.806,8,1
2026-07-25T09:26:41Z,MLOps: Vector Indexing,COMPLETED,8.196,8,1
2026-07-25T10:26:36Z,MLOps: Sentiment Enrichment,COMPLETED,6.973,13,1
2026-07-25T10:26:43Z,MLOps: Vector Indexing,COMPLETED,8.143,13,1
2026-07-25T11:26:33Z,MLOps: Sentiment Enrichment,COMPLETED,7.291,19,1
2026-07-25T11:26:40Z,MLOps: Vector Indexing,COMPLETED,8.391,19,1
2026-07-25T12:26:36Z,MLOps: Sentiment Enrichment,COMPLETED,7.250,20,1
2026-07-25T12:26:43Z,MLOps: Vector Indexing,COMPLETED,8.337,20,1
2026-07-25T13:26:32Z,MLOps: Sentiment Enrichment,COMPLETED,7.302,20,1
2026-07-25T13:26:39Z,MLOps: Vector Indexing,COMPLETED,8.410,20,1
2026-07-25T14:26:35Z,MLOps: Sentiment Enrichment,COMPLETED,7.898,29,1
2026-07-25T14:26:43Z,MLOps: Vector Indexing,COMPLETED,8.419,29,1
2026-07-25T15:26:33Z,MLOps: Sentiment Enrichment,COMPLETED,6.662,12,1
2026-07-25T15:26:40Z,MLOps: Vector Indexing,COMPLETED,8.369,12,1
2026-07-25T16:26:33Z,MLOps: Sentiment Enrichment,COMPLETED,6.598,8,1
2026-07-25T16:26:39Z,MLOps: Vector Indexing,COMPLETED,8.382,8,1
2026-07-25T17:26:33Z,MLOps: Sentiment Enrichment,COMPLETED,6.926,10,1
2026-07-25T17:26:40Z,MLOps: Vector Indexing,COMPLETED,8.168,10,1
2026-07-25T18:26:33Z,MLOps: Sentiment Enrichment,COMPLETED,7.200,16,1
2026-07-25T18:26:40Z,MLOps: Vector Indexing,COMPLETED,8.368,16,1
2026-07-25T19:26:32Z,MLOps: Sentiment Enrichment,COMPLETED,7.094,14,1
2026-07-25T19:26:39Z,MLOps: Vector Indexing,COMPLETED,8.446,14,1
2026-07-25T20:26:33Z,MLOps: Sentiment Enrichment,COMPLETED,7.270,14,1
2026-07-25T20:26:40Z,MLOps: Vector Indexing,COMPLETED,8.350,14,1
2026-07-25T21:26:33Z,MLOps: Sentiment Enrichment,COMPLETED,6.598,8,1
2026-07-25T21:26:40Z,MLOps: Vector Indexing,COMPLETED,8.358,8,1
2026-07-25T22:26:33Z,MLOps: Sentiment Enrichment,COMPLETED,6.722,9,1
2026-07-25T22:26:40Z,MLOps: Vector Indexing,COMPLETED,8.398,9,1
2026-07-25T23:26:32Z,MLOps: Sentiment Enrichment,COMPLETED,6.708,9,1
2026-07-25T23:26:39Z,MLOps: Vector Indexing,COMPLETED,8.225,9,1
2026-07-26T00:26:32Z,MLOps: Sentiment Enrichment,COMPLETED,7.556,27,1
2026-07-26T00:26:40Z,MLOps: Vector Indexing,COMPLETED,8.618,27,1
2026-07-26T01:26:33Z,MLOps: Sentiment Enrichment,COMPLETED,6.980,15,1
2026-07-26T01:26:40Z,MLOps: Vector Indexing,COMPLETED,8.357,15,1
2026-07-26T02:26:34Z,MLOps: Sentiment Enrichment,COMPLETED,7.201,17,1
2026-07-26T02:26:41Z,MLOps: Vector Indexing,COMPLETED,8.315,17,1
2026-07-26T03:26:32Z,MLOps: Sentiment Enrichment,COMPLETED,7.315,20,1
2026-07-26T03:26:39Z,MLOps: Vector Indexing,COMPLETED,8.282,20,1
2026-07-26T04:26:33Z,MLOps: Sentiment Enrichment,COMPLETED,7.118,15,1
2026-07-26T04:26:40Z,MLOps: Vector Indexing,COMPLETED,8.253,15,1
2026-07-26T05:26:32Z,MLOps: Sentiment Enrichment,COMPLETED,6.880,11,1
2026-07-26T05:26:39Z,MLOps: Vector Indexing,COMPLETED,8.280,11,1
2026-07-26T06:26:33Z,MLOps: Sentiment Enrichment,COMPLETED,7.067,14,1
2026-07-26T06:26:40Z,MLOps: Vector Indexing,COMPLETED,8.288,14,1
2026-07-26T07:26:32Z,MLOps: Sentiment Enrichment,COMPLETED,7.152,12,1
2026-07-26T07:26:40Z,MLOps: Vector Indexing,COMPLETED,8.453,12,1
2026-07-26T08:26:33Z,MLOps: Sentiment Enrichment,COMPLETED,7.223,20,1
2026-07-26T08:26:40Z,MLOps: Vector Indexing,COMPLETED,8.402,20,1
2026-07-26T09:26:32Z,MLOps: Sentiment Enrichment,COMPLETED,6.894,11,1
2026-07-26T09:26:39Z,MLOps: Vector Indexing,COMPLETED,8.385,11,1
2026-07-26T10:26:33Z,MLOps: Sentiment Enrichment,COMPLETED,6.839,12,1
2026-07-26T10:26:40Z,MLOps: Vector Indexing,COMPLETED,8.278,12,1
2026-07-26T11:26:32Z,MLOps: Sentiment Enrichment,COMPLETED,6.778,10,1
2026-07-26T11:26:39Z,MLOps: Vector Indexing,COMPLETED,8.397,10,1
2026-07-26T12:26:33Z,MLOps: Sentiment Enrichment,COMPLETED,6.841,11,1
2026-07-26T12:26:40Z,MLOps: Vector Indexing,COMPLETED,8.481,11,1
2026-07-26T13:26:32Z,MLOps: Sentiment Enrichment,COMPLETED,6.826,10,1
2026-07-26T13:26:39Z,MLOps: Vector Indexing,COMPLETED,8.463,10,1
2026-07-26T14:26:33Z,MLOps: Sentiment Enrichment,COMPLETED,6.568,8,1
2026-07-26T14:26:39Z,MLOps: Vector Indexing,COMPLETED,8.190,8,1
2026-07-26T15:26:32Z,MLOps: Sentiment Enrichment,COMPLETED,7.054,16,1
2026-07-26T15:26:39Z,MLOps: Vector Indexing,COMPLETED,8.347,16,1
2026-07-26T16:26:33Z,MLOps: Sentiment Enrichment,COMPLETED,7.302,17,1
2026-07-26T16:26:40Z,MLOps: Vector Indexing,COMPLETED,8.242,17,1
2026-07-26T17:26:36Z,MLOps: Sentiment Enrichment,COMPLETED,7.208,16,1
2026-07-26T17:26:43Z,MLOps: Vector Indexing,COMPLETED,8.544,16,1
2026-07-26T18:26:32Z,MLOps: Sentiment Enrichment,COMPLETED,7.277,16,1
2026-07-26T18:26:40Z,MLOps: Vector Indexing,COMPLETED,8.322,16,1
2026-07-26T19:26:32Z,MLOps: Sentiment Enrichment,COMPLETED,7.175,12,1
2026-07-26T19:26:39Z,MLOps: Vector Indexing,COMPLETED,8.291,12,1
2026-07-26T20:26:33Z,MLOps: Sentiment Enrichment,COMPLETED,6.956,11,1
2026-07-26T20:26:40Z,MLOps: Vector Indexing,COMPLETED,8.321,11,1
2026-07-26T21:26:32Z,MLOps: Sentiment Enrichment,COMPLETED,6.788,13,1
2026-07-26T21:26:39Z,MLOps: Vector Indexing,COMPLETED,8.166,13,1
2026-07-26T22:26:32Z,MLOps: Sentiment Enrichment,COMPLETED,6.871,13,1
2026-07-26T22:26:39Z,MLOps: Vector Indexing,COMPLETED,8.281,13,1
2026-07-26T23:26:34Z,MLOps: Sentiment Enrichment,COMPLETED,6.907,12,1
2026-07-26T23:26:41Z,MLOps: Vector Indexing,COMPLETED,8.225,12,1
2026-07-27T00:26:32Z,MLOps: Sentiment Enrichment,COMPLETED,6.920,12,1
2026-07-27T00:26:39Z,MLOps: Vector Indexing,COMPLETED,8.238,12,1
2026-07-27T01:26:35Z,MLOps: Sentiment Enrichment,COMPLETED,6.944,14,1
2026-07-27T01:26:42Z,MLOps: Vector Indexing,COMPLETED,8.307,14,1
2026-07-27T02:26:32Z,MLOps: Sentiment Enrichment,COMPLETED,6.914,11,1
2026-07-27T02:26:39Z,MLOps: Vector Indexing,COMPLETED,8.163,11,1
2026-07-27T03:26:32Z,MLOps: Sentiment Enrichment,COMPLETED,6.789,9,1
2026-07-27T03:26:39Z,MLOps: Vector Indexing,COMPLETED,8.436,9,1
2026-07-27T04:26:32Z,MLOps: Sentiment Enrichment,COMPLETED,6.318,3,1
2026-07-27T04:26:38Z,MLOps: Vector Indexing,COMPLETED,8.126,3,1
2026-07-27T05:26:32Z,MLOps: Sentiment Enrichment,COMPLETED,4.553,0,0
2026-07-27T05:26:37Z,MLOps: Vector Indexing,COMPLETED,1.649,0,0
2026-07-27T06:26:35Z,MLOps: Sentiment Enrichment,COMPLETED,6.340,2,1
2026-07-27T06:26:41Z,MLOps: Vector Indexing,COMPLETED,8.413,2,1
2026-07-27T07:26:32Z,MLOps: Sentiment Enrichment,COMPLETED,6.589,3,1
2026-07-27T07:26:39Z,MLOps: Vector Indexing,COMPLETED,8.248,3,1
2026-07-27T08:26:33Z,MLOps: Sentiment Enrichment,COMPLETED,6.607,5,1
2026-07-27T08:26:40Z,MLOps: Vector Indexing,COMPLETED,8.322,5,1
2026-07-27T09:26:34Z,MLOps: Sentiment Enrichment,COMPLETED,7.740,30,1
2026-07-27T09:26:42Z,MLOps: Vector Indexing,COMPLETED,8.478,30,1
2026-07-27T10:26:32Z,MLOps: Sentiment Enrichment,COMPLETED,7.798,27,1
2026-07-27T10:26:40Z,MLOps: Vector Indexing,COMPLETED,8.635,27,1
2026-07-27T11:26:32Z,MLOps: Sentiment Enrichment,COMPLETED,7.433,26,1
2026-07-27T11:26:40Z,MLOps: Vector Indexing,COMPLETED,8.375,26,1
2026-07-27T12:26:32Z,MLOps: Sentiment Enrichment,COMPLETED,7.949,31,1
2026-07-27T12:26:40Z,MLOps: Vector Indexing,COMPLETED,8.539,31,1
2026-07-27T13:26:32Z,MLOps: Sentiment Enrichment,COMPLETED,7.336,22,1
2026-07-27T13:26:39Z,MLOps: Vector Indexing,COMPLETED,8.332,22,1
2026-07-27T14:26:34Z,MLOps: Sentiment Enrichment,COMPLETED,8.208,35,1
2026-07-27T14:26:42Z,MLOps: Vector Indexing,COMPLETED,8.735,35,1
2026-07-27T15:26:32Z,MLOps: Sentiment Enrichment,COMPLETED,7.506,24,1
2026-07-27T15:26:40Z,MLOps: Vector Indexing,COMPLETED,8.775,24,1
2026-07-27T16:26:33Z,MLOps: Sentiment Enrichment,COMPLETED,7.515,21,1
2026-07-27T16:26:40Z,MLOps: Vector Indexing,COMPLETED,8.474,21,1
2026-07-27T17:26:33Z,MLOps: Sentiment Enrichment,COMPLETED,7.292,18,1
2026-07-27T17:26:40Z,MLOps: Vector Indexing,COMPLETED,8.524,18,1
2026-07-27T18:26:32Z,MLOps: Sentiment Enrichment,COMPLETED,7.327,21,1
2026-07-27T18:26:40Z,MLOps: Vector Indexing,COMPLETED,8.193,21,1
2026-07-27T19:26:33Z,MLOps: Sentiment Enrichment,COMPLETED,7.209,14,1
2026-07-27T19:26:40Z,MLOps: Vector Indexing,COMPLETED,8.443,14,1
2026-07-27T20:26:32Z,MLOps: Sentiment Enrichment,COMPLETED,6.863,8,1
2026-07-27T20:26:39Z,MLOps: Vector Indexing,COMPLETED,8.337,8,1
2026-07-27T21:26:32Z,MLOps: Sentiment Enrichment,COMPLETED,6.858,7,1
2026-07-27T21:26:39Z,MLOps: Vector Indexing,COMPLETED,8.345,7,1
2026-07-27T22:26:32Z,MLOps: Sentiment Enrichment,COMPLETED,6.646,8,1
2026-07-27T22:26:39Z,MLOps: Vector Indexing,COMPLETED,8.257,8,1
2026-07-27T23:26:33Z,MLOps: Sentiment Enrichment,COMPLETED,6.334,3,1
2026-07-27T23:26:39Z,MLOps: Vector Indexing,COMPLETED,8.011,3,1
2026-07-28T00:26:32Z,MLOps: Sentiment Enrichment,COMPLETED,6.463,7,1
2026-07-28T00:26:39Z,MLOps: Vector Indexing,COMPLETED,8.324,7,1
2026-07-28T01:26:32Z,MLOps: Sentiment Enrichment,COMPLETED,6.519,6,1
2026-07-28T01:26:39Z,MLOps: Vector Indexing,COMPLETED,8.291,6,1
2026-07-28T02:26:33Z,MLOps: Sentiment Enrichment,COMPLETED,6.252,3,1
2026-07-28T02:26:39Z,MLOps: Vector Indexing,COMPLETED,8.362,3,1
2026-07-28T03:26:33Z,MLOps: Sentiment Enrichment,COMPLETED,6.449,4,1
2026-07-28T03:26:39Z,MLOps: Vector Indexing,COMPLETED,8.304,4,1
2026-07-28T04:26:33Z,MLOps: Sentiment Enrichment,COMPLETED,6.386,3,1
2026-07-28T04:26:39Z,MLOps: Vector Indexing,COMPLETED,8.217,3,1
2026-07-28T05:26:34Z,MLOps: Sentiment Enrichment,COMPLETED,6.256,2,1
2026-07-28T05:26:40Z,MLOps: Vector Indexing,COMPLETED,8.394,2,1
2026-07-28T06:26:33Z,MLOps: Sentiment Enrichment,COMPLETED,6.404,3,1
2026-07-28T06:26:39Z,MLOps: Vector Indexing,COMPLETED,8.172,3,1
2026-07-28T07:26:32Z,MLOps: Sentiment Enrichment,COMPLETED,6.484,1,1
2026-07-28T07:26:39Z,MLOps: Vector Indexing,COMPLETED,8.153,1,1
2026-07-28T08:26:32Z,MLOps: Sentiment Enrichment,COMPLETED,6.545,4,1
2026-07-28T08:26:39Z,MLOps: Vector Indexing,COMPLETED,8.204,4,1
2026-07-28T09:26:33Z,MLOps: Sentiment Enrichment,COMPLETED,6.866,13,1
2026-07-28T09:26:39Z,MLOps: Vector Indexing,COMPLETED,8.374,13,1
2026-07-28T10:26:36Z,MLOps: Sentiment Enrichment,COMPLETED,7.492,17,1
2026-07-28T10:26:43Z,MLOps: Vector Indexing,COMPLETED,8.492,17,1
2026-07-28T11:26:35Z,MLOps: Sentiment Enrichment,COMPLETED,6.976,13,1
2026-07-28T11:26:42Z,MLOps: Vector Indexing,COMPLETED,8.489,13,1
2026-07-28T12:26:32Z,MLOps: Sentiment Enrichment,COMPLETED,7.845,31,1
2026-07-28T12:26:40Z,MLOps: Vector Indexing,COMPLETED,8.443,31,1
2026-07-28T13:26:32Z,MLOps: Sentiment Enrichment,COMPLETED,7.821,32,1
2026-07-28T13:26:40Z,MLOps: Vector Indexing,COMPLETED,8.516,32,1
2026-07-28T14:26:34Z,MLOps: Sentiment Enrichment,COMPLETED,7.702,24,1
2026-07-28T14:26:42Z,MLOps: Vector Indexing,COMPLETED,8.485,24,1
2026-07-28T15:26:33Z,MLOps: Sentiment Enrichment,COMPLETED,7.891,30,1
2026-07-28T15:26:41Z,MLOps: Vector Indexing,COMPLETED,8.454,30,1
2026-07-28T16:26:32Z,MLOps: Sentiment Enrichment,COMPLETED,7.867,27,1
2026-07-28T16:26:40Z,MLOps: Vector Indexing,COMPLETED,8.712,27,1
2026-07-28T17:26:33Z,MLOps: Sentiment Enrichment,COMPLETED,7.489,18,1
2026-07-28T17:26:41Z,MLOps: Vector Indexing,COMPLETED,8.506,18,1
2026-07-28T18:26:32Z,MLOps: Sentiment Enrichment,COMPLETED,6.778,9,1
2026-07-28T18:26:39Z,MLOps: Vector Indexing,COMPLETED,8.386,9,1
2026-07-28T19:26:32Z,MLOps: Sentiment Enrichment,COMPLETED,7.315,21,1
2026-07-28T19:26:40Z,MLOps: Vector Indexing,COMPLETED,8.353,21,1
2026-07-28T20:26:32Z,MLOps: Sentiment Enrichment,COMPLETED,6.962,15,1
2026-07-28T20:26:39Z,MLOps: Vector Indexing,COMPLETED,8.552,15,1
2026-07-28T21:26:33Z,MLOps: Sentiment Enrichment,COMPLETED,7.360,16,1
2026-07-28T21:26:40Z,MLOps: Vector Indexing,COMPLETED,8.378,16,1
2026-07-28T22:26:33Z,MLOps: Sentiment Enrichment,COMPLETED,6.697,8,1
2026-07-28T22:26:40Z,MLOps: Vector Indexing,COMPLETED,8.500,8,1
2026-07-28T23:26:32Z,MLOps: Sentiment Enrichment,COMPLETED,6.860,13,1
2026-07-28T23:26:39Z,MLOps: Vector Indexing,COMPLETED,8.333,13,1
2026-07-29T00:26:33Z,MLOps: Sentiment Enrichment,COMPLETED,6.688,8,1
2026-07-29T00:26:39Z,MLOps: Vector Indexing,COMPLETED,8.233,8,1
2026-07-29T01:26:33Z,MLOps: Sentiment Enrichment,COMPLETED,6.514,6,1
2026-07-29T01:26:39Z,MLOps: Vector Indexing,COMPLETED,8.359,6,1
2026-07-29T02:26:32Z,MLOps: Sentiment Enrichment,COMPLETED,6.683,7,1
2026-07-29T02:26:39Z,MLOps: Vector Indexing,COMPLETED,8.269,7,1
2026-07-29T03:26:32Z,MLOps: Sentiment Enrichment,COMPLETED,6.628,9,1
2026-07-29T03:26:39Z,MLOps: Vector Indexing,COMPLETED,8.170,9,1
2026-07-29T04:26:32Z,MLOps: Sentiment Enrichment,COMPLETED,7.223,21,1
2026-07-29T04:26:39Z,MLOps: Vector Indexing,COMPLETED,8.577,21,1
2026-07-29T05:26:34Z,MLOps: Sentiment Enrichment,COMPLETED,7.118,18,1
2026-07-29T05:26:41Z,MLOps: Vector Indexing,COMPLETED,8.337,18,1
2026-07-29T06:26:33Z,MLOps: Sentiment Enrichment,COMPLETED,7.067,15,1
2026-07-29T06:26:40Z,MLOps: Vector Indexing,COMPLETED,8.436,15,1
2026-07-29T07:26:33Z,MLOps: Sentiment Enrichment,COMPLETED,7.270,15,1
2026-07-29T07:26:40Z,MLOps: Vector Indexing,COMPLETED,8.360,15,1
2026-07-29T08:26:33Z,MLOps: Sentiment Enrichment,COMPLETED,7.506,25,1
2026-07-29T08:26:40Z,MLOps: Vector Indexing,COMPLETED,8.302,25,1
2026-07-29T09:26:33Z,MLOps: Sentiment Enrichment,COMPLETED,7.047,12,1
2026-07-29T09:26:40Z,MLOps: Vector Indexing,COMPLETED,8.420,12,1
2026-07-29T10:26:33Z,MLOps: Sentiment Enrichment,COMPLETED,7.438,21,1
2026-07-29T10:26:40Z,MLOps: Vector Indexing,COMPLETED,8.604,21,1
2026-07-29T11:26:32Z,MLOps: Sentiment Enrichment,COMPLETED,7.323,16,1
2026-07-29T11:26:40Z,MLOps: Vector Indexing,COMPLETED,8.222,16,1
2026-07-29T12:26:33Z,MLOps: Sentiment Enrichment,COMPLETED,7.860,30,1
2026-07-29T12:26:41Z,MLOps: Vector Indexing,COMPLETED,8.321,30,1
2026-07-29T13:26:32Z,MLOps: Sentiment Enrichment,COMPLETED,7.571,27,1
2026-07-29T13:26:40Z,MLOps: Vector Indexing,COMPLETED,8.380,27,1
2026-07-29T14:26:33Z,MLOps: Sentiment Enrichment,COMPLETED,7.399,16,1
2026-07-29T14:26:40Z,MLOps: Vector Indexing,COMPLETED,9.017,16,1
2026-07-29T15:26:33Z,MLOps: Sentiment Enrichment,COMPLETED,7.314,20,1
2026-07-29T15:26:40Z,MLOps: Vector Indexing,COMPLETED,8.545,20,1
2026-07-29T16:26:32Z,MLOps: Sentiment Enrichment,COMPLETED,7.137,18,1
2026-07-29T16:26:39Z,MLOps: Vector Indexing,COMPLETED,8.423,18,1
2026-07-29T17:26:32Z,MLOps: Sentiment Enrichment,COMPLETED,6.929,15,1
2026-07-29T17:26:39Z,MLOps: Vector Indexing,COMPLETED,8.312,15,1
2026-07-29T18:26:33Z,MLOps: Sentiment Enrichment,COMPLETED,6.491,7,1
2026-07-29T18:26:40Z,MLOps: Vector Indexing,COMPLETED,8.237,7,1
2026-07-29T19:26:34Z,MLOps: Sentiment Enrichment,COMPLETED,6.722,9,1
2026-07-29T19:26:41Z,MLOps: Vector Indexing,COMPLETED,8.418,9,1
2026-07-29T20:26:33Z,MLOps: Sentiment Enrichment,COMPLETED,6.793,5,1
2026-07-29T20:26:40Z,MLOps: Vector Indexing,COMPLETED,8.548,5,1
2026-07-29T21:26:33Z,MLOps: Sentiment Enrichment,COMPLETED,6.895,11,1
2026-07-29T21:26:40Z,MLOps: Vector Indexing,COMPLETED,8.310,11,1
2026-07-29T22:26:32Z,MLOps: Sentiment Enrichment,COMPLETED,6.369,4,1
2026-07-29T22:26:39Z,MLOps: Vector Indexing,COMPLETED,8.199,4,1
2026-07-29T23:26:33Z,MLOps: Sentiment Enrichment,COMPLETED,6.244,3,1
2026-07-29T23:26:39Z,MLOps: Vector Indexing,COMPLETED,8.192,3,1
2026-07-30T00:26:33Z,MLOps: Sentiment Enrichment,COMPLETED,7.307,23,1
2026-07-30T00:26:40Z,MLOps: Vector Indexing,COMPLETED,8.322,23,1
2026-07-30T01:26:33Z,MLOps: Sentiment Enrichment,COMPLETED,6.312,2,1
2026-07-30T01:26:39Z,MLOps: Vector Indexing,COMPLETED,8.260,2,1
2026-07-30T02:26:33Z,MLOps: Sentiment Enrichment,COMPLETED,6.480,3,1
2026-07-30T02:26:39Z,MLOps: Vector Indexing,COMPLETED,8.289,3,1
2026-07-30T03:26:32Z,MLOps: Sentiment Enrichment,COMPLETED,6.516,3,1
2026-07-30T03:26:39Z,MLOps: Vector Indexing,COMPLETED,8.131,3,1
2026-07-30T04:26:32Z,MLOps: Sentiment Enrichment,COMPLETED,6.876,12,1
2026-07-30T04:26:39Z,MLOps: Vector Indexing,COMPLETED,8.068,12,1
2026-07-30T05:26:32Z,MLOps: Sentiment Enrichment,COMPLETED,7.140,17,1
2026-07-30T05:26:39Z,MLOps: Vector Indexing,COMPLETED,8.320,17,1
2026-07-30T06:26:32Z,MLOps: Sentiment Enrichment,COMPLETED,7.179,21,1
2026-07-30T06:26:39Z,MLOps: Vector Indexing,COMPLETED,8.324,21,1
2026-07-30T07:26:33Z,MLOps: Sentiment Enrichment,COMPLETED,7.296,18,1
2026-07-30T07:26:40Z,MLOps: Vector Indexing,COMPLETED,8.429,18,1
2026-07-30T08:26:33Z,MLOps: Sentiment Enrichment,COMPLETED,7.323,24,1
2026-07-30T08:26:40Z,MLOps: Vector Indexing,COMPLETED,8.449,24,1
2026-07-30T09:26:34Z,MLOps: Sentiment Enrichment,COMPLETED,7.036,15,1
2026-07-30T09:26:41Z,MLOps: Vector Indexing,COMPLETED,8.299,15,1
2026-07-30T10:26:33Z,MLOps: Sentiment Enrichment,COMPLETED,7.108,15,1
2026-07-30T10:26:40Z,MLOps: Vector Indexing,COMPLETED,8.418,15,1
2026-07-30T11:26:33Z,MLOps: Sentiment Enrichment,COMPLETED,6.541,7,1
2026-07-30T11:26:39Z,MLOps: Vector Indexing,COMPLETED,8.581,7,1
2026-07-30T12:26:32Z,MLOps: Sentiment Enrichment,COMPLETED,8.451,37,1
2026-07-30T12:26:41Z,MLOps: Vector Indexing,COMPLETED,8.599,37,1
2026-07-30T13:26:32Z,MLOps: Sentiment Enrichment,COMPLETED,8.247,31,1
2026-07-30T13:26:41Z,MLOps: Vector Indexing,COMPLETED,8.908,31,1
2026-07-30T14:26:33Z,MLOps: Sentiment Enrichment,COMPLETED,8.091,35,1
2026-07-30T14:26:41Z,MLOps: Vector Indexing,COMPLETED,8.503,35,1
2026-07-30T15:26:34Z,MLOps: Sentiment Enrichment,COMPLETED,7.894,31,1
2026-07-30T15:26:42Z,MLOps: Vector Indexing,COMPLETED,8.445,31,1
2026-07-30T16:26:33Z,MLOps: Sentiment Enrichment,COMPLETED,7.436,23,1
2026-07-30T16:26:40Z,MLOps: Vector Indexing,COMPLETED,8.769,23,1
2026-07-30T17:26:33Z,MLOps: Sentiment Enrichment,COMPLETED,7.864,24,1
2026-07-30T17:26:41Z,MLOps: Vector Indexing,COMPLETED,8.429,24,1
2026-07-30T18:26:33Z,MLOps: Sentiment Enrichment,COMPLETED,7.595,20,1
2026-07-30T18:26:41Z,MLOps: Vector Indexing,COMPLETED,8.511,20,1
2026-07-30T19:26:33Z,MLOps: Sentiment Enrichment,COMPLETED,7.451,19,1
2026-07-30T19:26:40Z,MLOps: Vector Indexing,COMPLETED,8.500,19,1
2026-07-30T20:26:35Z,MLOps: Sentiment Enrichment,COMPLETED,7.030,17,1
2026-07-30T20:26:42Z,MLOps: Vector Indexing,COMPLETED,8.417,17,1
2026-07-30T21:26:33Z,MLOps: Sentiment Enrichment,COMPLETED,7.166,17,1
2026-07-30T21:26:40Z,MLOps: Vector Indexing,COMPLETED,8.591,17,1
2026-07-30T22:26:32Z,MLOps: Sentiment Enrichment,COMPLETED,7.033,19,1
2026-07-30T22:26:40Z,MLOps: Vector Indexing,COMPLETED,8.227,19,1
2026-07-30T23:26:33Z,MLOps: Sentiment Enrichment,COMPLETED,6.952,14,1
2026-07-30T23:26:40Z,MLOps: Vector Indexing,COMPLETED,8.303,14,1
2026-07-31T00:26:33Z,MLOps: Sentiment Enrichment,COMPLETED,7.766,29,1
2026-07-31T00:26:41Z,MLOps: Vector Indexing,COMPLETED,8.508,29,1
2026-07-31T01:26:33Z,MLOps: Sentiment Enrichment,COMPLETED,6.606,8,1
2026-07-31T01:26:39Z,MLOps: Vector Indexing,COMPLETED,8.353,8,1
2026-07-31T02:26:33Z,MLOps: Sentiment Enrichment,COMPLETED,6.761,9,1
2026-07-31T02:26:40Z,MLOps: Vector Indexing,COMPLETED,8.287,9,1
2026-07-31T03:26:32Z,MLOps: Sentiment Enrichment,COMPLETED,6.489,6,1
2026-07-31T03:26:39Z,MLOps: Vector Indexing,COMPLETED,8.295,6,1
2026-07-31T04:26:32Z,MLOps: Sentiment Enrichment,COMPLETED,7.318,21,1
2026-07-31T04:26:40Z,MLOps: Vector Indexing,COMPLETED,8.354,21,1
2026-07-31T05:26:32Z,MLOps: Sentiment Enrichment,COMPLETED,7.358,21,1
2026-07-31T05:26:40Z,MLOps: Vector Indexing,COMPLETED,8.292,21,1
2026-07-31T06:26:33Z,MLOps: Sentiment Enrichment,COMPLETED,7.477,24,1
2026-07-31T06:26:40Z,MLOps: Vector Indexing,COMPLETED,8.389,24,1
2026-07-31T07:26:35Z,MLOps: Sentiment Enrichment,COMPLETED,7.303,20,1
2026-07-31T07:26:42Z,MLOps: Vector Indexing,COMPLETED,8.313,20,1
2026-07-31T08:26:33Z,MLOps: Sentiment Enrichment,COMPLETED,7.357,21,1
2026-07-31T08:26:40Z,MLOps: Vector Indexing,COMPLETED,8.428,21,1
2026-07-31T09:26:33Z,MLOps: Sentiment Enrichment,COMPLETED,7.868,34,1
2026-07-31T09:26:41Z,MLOps: Vector Indexing,COMPLETED,8.472,34,1
2026-07-31T10:26:32Z,MLOps: Sentiment Enrichment,COMPLETED,7.591,28,1
2026-07-31T10:26:40Z,MLOps: Vector Indexing,COMPLETED,8.465,28,1
2026-07-31T11:26:32Z,MLOps: Sentiment Enrichment,COMPLETED,7.594,21,1
2026-07-31T11:26:40Z,MLOps: Vector Indexing,COMPLETED,8.434,21,1
2026-07-31T12:26:33Z,MLOps: Sentiment Enrichment,COMPLETED,7.346,16,1
2026-07-31T12:26:40Z,MLOps: Vector Indexing,COMPLETED,8.487,16,1
2026-07-31T13:26:33Z,MLOps: Sentiment Enrichment,COMPLETED,7.172,18,1
2026-07-31T13:26:40Z,MLOps: Vector Indexing,COMPLETED,8.416,18,1
2026-07-31T14:26:32Z,MLOps: Sentiment Enrichment,COMPLETED,7.697,26,1
2026-07-31T14:26:40Z,MLOps: Vector Indexing,COMPLETED,8.420,26,1
2026-07-31T15:26:33Z,MLOps: Sentiment Enrichment,COMPLETED,8.208,36,1
2026-07-31T15:26:41Z,MLOps: Vector Indexing,COMPLETED,8.851,36,1
2026-07-31T16:26:33Z,MLOps: Sentiment Enrichment,COMPLETED,7.681,26,1
2026-07-31T16:26:40Z,MLOps: Vector Indexing,COMPLETED,8.567,26,1
2026-07-31T17:26:33Z,MLOps: Sentiment Enrichment,COMPLETED,7.869,31,1
2026-07-31T17:26:40Z,MLOps: Vector Indexing,COMPLETED,8.699,31,1
2026-07-31T18:26:33Z,MLOps: Sentiment Enrichment,COMPLETED,7.642,23,1
2026-07-31T18:26:41Z,MLOps: Vector Indexing,COMPLETED,8.395,23,1
2026-07-31T19:26:32Z,MLOps: Sentiment Enrichment,COMPLETED,7.268,14,1
2026-07-31T19:26:40Z,MLOps: Vector Indexing,COMPLETED,8.418,14,1
2026-07-31T20:26:33Z,MLOps: Sentiment Enrichment,COMPLETED,7.830,31,1
2026-07-31T20:26:41Z,MLOps: Vector Indexing,COMPLETED,8.663,31,1
2026-07-31T21:26:33Z,MLOps: Sentiment Enrichment,COMPLETED,7.162,16,1
2026-07-31T21:26:40Z,MLOps: Vector Indexing,COMPLETED,8.382,16,1
2026-07-31T22:26:33Z,MLOps: Sentiment Enrichment,COMPLETED,6.972,14,1
2026-07-31T22:26:40Z,MLOps: Vector Indexing,COMPLETED,8.432,14,1
2026-07-31T23:26:34Z,MLOps: Sentiment Enrichment,COMPLETED,6.878,13,1
2026-07-31T23:26:41Z,MLOps: Vector Indexing,COMPLETED,8.502,13,1
2026-08-01T00:26:34Z,MLOps: Sentiment Enrichment,COMPLETED,7.458,20,1
2026-08-01T00:26:41Z,MLOps: Vector Indexing,COMPLETED,8.370,20,1
2026-08-01T01:26:33Z,MLOps: Sentiment Enrichment,COMPLETED,7.366,21,1
2026-08-01T01:26:40Z,MLOps: Vector Indexing,COMPLETED,8.426,21,1
2026-08-01T02:26:33Z,MLOps: Sentiment Enrichment,COMPLETED,7.911,29,1
2026-08-01T02:26:41Z,MLOps: Vector Indexing,COMPLETED,8.484,29,1
2026-08-01T03:26:33Z,MLOps: Sentiment Enrichment,COMPLETED,7.390,26,1
2026-08-01T03:26:40Z,MLOps: Vector Indexing,COMPLETED,8.419,26,1
2026-08-01T04:26:33Z,MLOps: Sentiment Enrichment,COMPLETED,6.653,5,1
2026-08-01T04:26:39Z,MLOps: Vector Indexing,COMPLETED,8.083,5,1
2026-08-01T05:26:32Z,MLOps: Sentiment Enrichment,COMPLETED,7.003,15,1
2026-08-01T05:26:40Z,MLOps: Vector Indexing,COMPLETED,8.296,15,1
2026-08-01T06:26:33Z,MLOps: Sentiment Enrichment,COMPLETED,7.078,10,1
2026-08-01T06:26:40Z,MLOps: Vector Indexing,COMPLETED,8.270,10,1
2026-08-01T07:26:32Z,MLOps: Sentiment Enrichment,COMPLETED,7.869,34,1
2026-08-01T07:26:40Z,MLOps: Vector Indexing,COMPLETED,8.402,34,1
2026-08-01T08:26:32Z,MLOps: Sentiment Enrichment,COMPLETED,7.774,31,1
2026-08-01T08:26:40Z,MLOps: Vector Indexing,COMPLETED,8.394,31,1
2026-08-01T09:26:33Z,MLOps: Sentiment Enrichment,COMPLETED,6.513,7,1
2026-08-01T09:26:40Z,MLOps: Vector Indexing,COMPLETED,8.248,7,1
2026-08-01T10:26:33Z,MLOps: Sentiment Enrichment,COMPLETED,6.975,16,1
2026-08-01T10:26:40Z,MLOps: Vector Indexing,COMPLETED,8.205,16,1
2026-08-01T11:26:33Z,MLOps: Sentiment Enrichment,COMPLETED,7.049,13,1
2026-08-01T11:26:40Z,MLOps: Vector Indexing,COMPLETED,8.407,13,1
2026-08-01T12:26:32Z,MLOps: Sentiment Enrichment,COMPLETED,7.177,21,1
2026-08-01T12:26:40Z,MLOps: Vector Indexing,COMPLETED,8.309,21,1
2026-08-01T13:26:36Z,MLOps: Sentiment Enrichment,COMPLETED,7.602,26,1
2026-08-01T13:26:44Z,MLOps: Vector Indexing,COMPLETED,8.322,26,1
2026-08-01T14:26:33Z,MLOps: Sentiment Enrichment,COMPLETED,7.866,26,1
2026-08-01T14:26:41Z,MLOps: Vector Indexing,COMPLETED,8.494,26,1
2026-08-01T15:26:32Z,MLOps: Sentiment Enrichment,COMPLETED,6.959,10,1
2026-08-01T15:26:39Z,MLOps: Vector Indexing,COMPLETED,8.280,10,1
2026-08-01T16:26:35Z,MLOps: Sentiment Enrichment,COMPLETED,6.866,9,1
2026-08-01T16:26:42Z,MLOps: Vector Indexing,COMPLETED,8.845,9,1
2026-08-01T17:26:32Z,MLOps: Sentiment Enrichment,COMPLETED,6.570,7,1
2026-08-01T17:26:39Z,MLOps: Vector Indexing,COMPLETED,8.393,7,1
2026-08-01T18:26:33Z,MLOps: Sentiment Enrichment,COMPLETED,6.541,7,1
2026-08-01T18:26:40Z,MLOps: Vector Indexing,COMPLETED,8.342,7,1
2026-08-01T19:26:36Z,MLOps: Sentiment Enrichment,COMPLETED,6.791,8,1
2026-08-01T19:26:43Z,MLOps: Vector Indexing,COMPLETED,8.413,8,1
2026-08-01T20:26:32Z,MLOps: Sentiment Enrichment,COMPLETED,6.587,8,1
2026-08-01T20:26:39Z,MLOps: Vector Indexing,COMPLETED,8.368,8,1
2026-08-01T21:26:33Z,MLOps: Sentiment Enrichment,COMPLETED,6.849,10,1
2026-08-01T21:26:40Z,MLOps: Vector Indexing,COMPLETED,8.483,10,1
2026-08-01T22:26:34Z,MLOps: Sentiment Enrichment,COMPLETED,6.823,10,1
2026-08-01T22:26:41Z,MLOps: Vector Indexing,COMPLETED,8.382,10,1
2026-08-01T23:26:32Z,MLOps: Sentiment Enrichment,COMPLETED,6.275,2,1
2026-08-01T23:26:38Z,MLOps: Vector Indexing,COMPLETED,8.361,2,1
2026-08-02T00:26:33Z,MLOps: Sentiment Enrichment,COMPLETED,7.267,24,1
2026-08-02T00:26:40Z,MLOps: Vector Indexing,COMPLETED,8.413,24,1
2026-08-02T01:26:33Z,MLOps: Sentiment Enrichment,COMPLETED,8.034,30,1
2026-08-02T01:26:41Z,MLOps: Vector Indexing,COMPLETED,8.495,30,1
2026-08-02T02:26:36Z,MLOps: Sentiment Enrichment,COMPLETED,7.218,16,1
2026-08-02T02:26:43Z,MLOps: Vector Indexing,COMPLETED,8.472,16,1
2026-08-02T03:26:33Z,MLOps: Sentiment Enrichment,COMPLETED,6.917,16,1
2026-08-02T03:26:40Z,MLOps: Vector Indexing,COMPLETED,8.351,16,1
2026-08-02T04:26:33Z,MLOps: Sentiment Enrichment,COMPLETED,7.258,21,1
2026-08-02T04:26:40Z,MLOps: Vector Indexing,COMPLETED,8.417,21,1
2026-08-02T05:26:34Z,MLOps: Sentiment Enrichment,COMPLETED,6.871,12,1
2026-08-02T05:26:41Z,MLOps: Vector Indexing,COMPLETED,8.460,12,1
2026-08-02T06:26:32Z,MLOps: Sentiment Enrichment,COMPLETED,6.969,11,1
2026-08-02T06:26:39Z,MLOps: Vector Indexing,COMPLETED,8.361,11,1
2026-08-02T07:26:33Z,MLOps: Sentiment Enrichment,COMPLETED,7.207,19,1
2026-08-02T07:26:40Z,MLOps: Vector Indexing,COMPLETED,8.218,19,1
2026-08-02T08:26:32Z,MLOps: Sentiment Enrichment,COMPLETED,6.609,9,1
2026-08-02T08:26:39Z,MLOps: Vector Indexing,COMPLETED,8.585,9,1
2026-08-02T09:26:32Z,MLOps: Sentiment Enrichment,COMPLETED,6.679,8,1
2026-08-02T09:26:39Z,MLOps: Vector Indexing,COMPLETED,8.295,8,1
2026-08-02T10:26:33Z,MLOps: Sentiment Enrichment,COMPLETED,7.075,14,1
2026-08-02T10:26:40Z,MLOps: Vector Indexing,COMPLETED,8.537,14,1
2026-08-02T11:26:32Z,MLOps: Sentiment Enrichment,COMPLETED,6.812,11,1
2026-08-02T11:26:39Z,MLOps: Vector Indexing,COMPLETED,8.340,11,1
2026-08-02T12:26:33Z,MLOps: Sentiment Enrichment,COMPLETED,7.007,9,1
2026-08-02T12:26:40Z,MLOps: Vector Indexing,COMPLETED,8.702,9,1
2026-08-02T13:26:32Z,MLOps: Sentiment Enrichment,COMPLETED,6.795,9,1
2026-08-02T13:26:39Z,MLOps: Vector Indexing,COMPLETED,8.247,9,1
2026-08-02T14:26:33Z,MLOps: Sentiment Enrichment,COMPLETED,6.791,5,1
2026-08-02T14:26:40Z,MLOps: Vector Indexing,COMPLETED,8.354,5,1
2026-08-02T15:26:33Z,MLOps: Sentiment Enrichment,COMPLETED,7.316,13,1
2026-08-02T15:26:40Z,MLOps: Vector Indexing,COMPLETED,8.434,13,1
2026-08-02T16:26:33Z,MLOps: Sentiment Enrichment,COMPLETED,6.951,11,1
2026-08-02T16:26:40Z,MLOps: Vector Indexing,COMPLETED,8.653,11,1
2026-08-02T17:26:32Z,MLOps: Sentiment Enrichment,COMPLETED,6.875,10,1
2026-08-02T17:26:39Z,MLOps: Vector Indexing,COMPLETED,8.462,10,1
2026-08-02T18:26:33Z,MLOps: Sentiment Enrichment,COMPLETED,6.961,13,1
2026-08-02T18:26:40Z,MLOps: Vector Indexing,COMPLETED,8.349,13,1
2026-08-02T19:26:33Z,MLOps: Sentiment Enrichment,COMPLETED,6.904,12,1
2026-08-02T19:26:40Z,MLOps: Vector Indexing,COMPLETED,8.465,12,1
2026-08-02T20:26:32Z,MLOps: Sentiment Enrichment,COMPLETED,6.921,11,1
2026-08-02T20:26:39Z,MLOps: Vector Indexing,COMPLETED,8.538,11,1
2026-08-02T21:26:33Z,MLOps: Sentiment Enrichment,COMPLETED,7.379,16,1
2026-08-02T21:26:40Z,MLOps: Vector Indexing,COMPLETED,8.626,16,1
2026-08-02T22:26:33Z,MLOps: Sentiment Enrichment,COMPLETED,7.141,14,1
2026-08-02T22:26:40Z,MLOps: Vector Indexing,COMPLETED,8.546,14,1
2026-08-02T23:26:33Z,MLOps: Sentiment Enrichment,COMPLETED,6.977,10,1
2026-08-02T23:26:40Z,MLOps: Vector Indexing,COMPLETED,8.351,10,1
2026-08-03T00:26:33Z,MLOps: Sentiment Enrichment,COMPLETED,6.549,4,1
2026-08-03T00:26:39Z,MLOps: Vector Indexing,COMPLETED,8.806,4,1
2026-08-03T01:26:33Z,MLOps: Sentiment Enrichment,COMPLETED,6.963,10,1
2026-08-03T01:26:40Z,MLOps: Vector Indexing,COMPLETED,8.459,10,1
2026-08-03T02:26:33Z,MLOps: Sentiment Enrichment,COMPLETED,6.500,5,1
2026-08-03T02:26:39Z,MLOps: Vector Indexing,COMPLETED,8.452,5,1
2026-08-03T03:26:32Z,MLOps: Sentiment Enrichment,COMPLETED,6.606,7,1
2026-08-03T03:26:39Z,MLOps: Vector Indexing,COMPLETED,8.322,7,1
2026-08-03T04:26:32Z,MLOps: Sentiment Enrichment,COMPLETED,6.666,6,1
2026-08-03T04:26:39Z,MLOps: Vector Indexing,COMPLETED,8.357,6,1
2026-08-03T05:26:34Z,MLOps: Sentiment Enrichment,COMPLETED,6.347,2,1
2026-08-03T05:26:40Z,MLOps: Vector Indexing,COMPLETED,8.235,2,1
2026-08-03T06:26:33Z,MLOps: Sentiment Enrichment,COMPLETED,6.449,4,1
2026-08-03T06:26:39Z,MLOps: Vector Indexing,COMPLETED,8.243,4,1
2026-08-03T07:26:33Z,MLOps: Sentiment Enrichment,COMPLETED,6.616,4,1
2026-08-03T07:26:40Z,MLOps: Vector Indexing,COMPLETED,8.418,4,1
2026-08-03T08:26:36Z,MLOps: Sentiment Enrichment,COMPLETED,6.404,2,1
2026-08-03T08:26:43Z,MLOps: Vector Indexing,COMPLETED,8.283,2,1
2026-08-03T09:26:33Z,MLOps: Sentiment Enrichment,COMPLETED,7.463,18,1
2026-08-03T09:26:40Z,MLOps: Vector Indexing,COMPLETED,8.599,18,1
2026-08-03T10:26:32Z,MLOps: Sentiment Enrichment,COMPLETED,7.578,24,1
2026-08-03T10:26:40Z,MLOps: Vector Indexing,COMPLETED,8.442,24,1
2026-08-03T11:26:35Z,MLOps: Sentiment Enrichment,COMPLETED,7.155,16,1
2026-08-03T11:26:42Z,MLOps: Vector Indexing,COMPLETED,8.212,16,1
2026-08-03T12:26:32Z,MLOps: Sentiment Enrichment,COMPLETED,8.334,36,1
2026-08-03T12:26:41Z,MLOps: Vector Indexing,COMPLETED,8.560,36,1
2026-08-03T13:26:32Z,MLOps: Sentiment Enrichment,COMPLETED,8.074,29,1
2026-08-03T13:26:41Z,MLOps: Vector Indexing,COMPLETED,8.879,29,1
2026-08-03T14:26:34Z,MLOps: Sentiment Enrichment,COMPLETED,7.232,24,1
2026-08-03T14:26:41Z,MLOps: Vector Indexing,COMPLETED,8.415,24,1
2026-08-03T15:26:33Z,MLOps: Sentiment Enrichment,COMPLETED,8.097,32,1
2026-08-03T15:26:41Z,MLOps: Vector Indexing,COMPLETED,8.604,32,1
2026-08-03T16:26:32Z,MLOps: Sentiment Enrichment,COMPLETED,7.472,21,1
2026-08-03T16:26:40Z,MLOps: Vector Indexing,COMPLETED,8.331,21,1
2026-08-03T17:26:33Z,MLOps: Sentiment Enrichment,COMPLETED,7.262,18,1
2026-08-03T17:26:40Z,MLOps: Vector Indexing,COMPLETED,8.549,18,1
2026-08-03T18:26:32Z,MLOps: Sentiment Enrichment,COMPLETED,7.701,25,1
2026-08-03T18:26:40Z,MLOps: Vector Indexing,COMPLETED,8.478,25,1
2026-08-03T19:26:33Z,MLOps: Sentiment Enrichment,COMPLETED,6.828,8,1
2026-08-03T19:26:40Z,MLOps: Vector Indexing,COMPLETED,8.392,8,1
2026-08-03T20:26:33Z,MLOps: Sentiment Enrichment,COMPLETED,6.796,8,1
2026-08-03T20:26:39Z,MLOps: Vector Indexing,COMPLETED,8.428,8,1
2026-08-03T21:26:33Z,MLOps: Sentiment Enrichment,COMPLETED,6.726,8,1
2026-08-03T21:26:39Z,MLOps: Vector Indexing,COMPLETED,8.378,8,1
2026-08-03T22:26:33Z,MLOps: Sentiment Enrichment,COMPLETED,6.678,8,1
2026-08-03T22:26:40Z,MLOps: Vector Indexing,COMPLETED,8.294,8,1
2026-08-03T23:26:33Z,MLOps: Sentiment Enrichment,COMPLETED,6.418,5,1
2026-08-03T23:26:39Z,MLOps: Vector Indexing,COMPLETED,8.388,5,1
2026-08-04T00:26:32Z,MLOps: Sentiment Enrichment,COMPLETED,6.564,6,1
2026-08-04T00:26:39Z,MLOps: Vector Indexing,COMPLETED,8.325,6,1
2026-08-04T01:26:32Z,MLOps: Sentiment Enrichment,COMPLETED,6.649,7,1
2026-08-04T01:26:39Z,MLOps: Vector Indexing,COMPLETED,8.227,7,1
2026-08-04T02:26:32Z,MLOps: Sentiment Enrichment,COMPLETED,6.628,5,1
2026-08-04T02:26:39Z,MLOps: Vector Indexing,COMPLETED,8.361,5,1
2026-08-04T03:26:32Z,MLOps: Sentiment Enrichment,COMPLETED,6.517,4,1
2026-08-04T03:26:39Z,MLOps: Vector Indexing,COMPLETED,8.321,4,1
2026-08-04T04:26:32Z,MLOps: Sentiment Enrichment,COMPLETED,6.293,2,1
2026-08-04T04:26:39Z,MLOps: Vector Indexing,COMPLETED,8.108,2,1
2026-08-04T05:26:33Z,MLOps: Sentiment Enrichment,COMPLETED,6.424,4,1
2026-08-04T05:26:39Z,MLOps: Vector Indexing,COMPLETED,8.099,4,1
2026-08-04T06:26:33Z,MLOps: Sentiment Enrichment,COMPLETED,6.417,3,1
2026-08-04T06:26:39Z,MLOps: Vector Indexing,COMPLETED,8.289,3,1
2026-08-04T07:26:33Z,MLOps: Sentiment Enrichment,COMPLETED,6.478,3,1
2026-08-04T07:26:39Z,MLOps: Vector Indexing,COMPLETED,8.364,3,1
2026-08-04T08:26:33Z,MLOps: Sentiment Enrichment,COMPLETED,7.096,7,1
2026-08-04T08:26:40Z,MLOps: Vector Indexing,COMPLETED,8.371,7,1
2026-08-04T09:26:33Z,MLOps: Sentiment Enrichment,COMPLETED,7.419,22,1
2026-08-04T09:26:40Z,MLOps: Vector Indexing,COMPLETED,8.443,22,1
2026-08-04T10:26:36Z,MLOps: Sentiment Enrichment,COMPLETED,7.451,20,1
2026-08-04T10:26:43Z,MLOps: Vector Indexing,COMPLETED,8.446,20,1
2026-08-04T11:26:33Z,MLOps: Sentiment Enrichment,COMPLETED,7.409,20,1
2026-08-04T11:26:40Z,MLOps: Vector Indexing,COMPLETED,8.617,20,1
2026-08-04T12:26:33Z,MLOps: Sentiment Enrichment,COMPLETED,7.668,24,1
2026-08-04T12:26:40Z,MLOps: Vector Indexing,COMPLETED,8.824,24,1
2026-08-04T13:26:32Z,MLOps: Sentiment Enrichment,COMPLETED,7.480,21,1
2026-08-04T13:26:40Z,MLOps: Vector Indexing,COMPLETED,8.837,21,1
2026-08-04T14:26:32Z,MLOps: Sentiment Enrichment,COMPLETED,7.662,26,1
2026-08-04T14:26:40Z,MLOps: Vector Indexing,COMPLETED,8.509,26,1
2026-08-04T15:26:35Z,MLOps: Sentiment Enrichment,COMPLETED,7.371,26,1
2026-08-04T15:26:42Z,MLOps: Vector Indexing,COMPLETED,8.415,26,1
2026-08-04T16:26:32Z,MLOps: Sentiment Enrichment,COMPLETED,7.729,31,1
2026-08-04T16:26:40Z,MLOps: Vector Indexing,COMPLETED,8.831,31,1
2026-08-04T17:26:32Z,MLOps: Sentiment Enrichment,COMPLETED,7.868,27,1
2026-08-04T17:26:40Z,MLOps: Vector Indexing,COMPLETED,8.378,27,1
2026-08-04T18:26:33Z,MLOps: Sentiment Enrichment,COMPLETED,6.760,8,1
2026-08-04T18:26:40Z,MLOps: Vector Indexing,COMPLETED,8.601,8,1
2026-08-04T19:26:33Z,MLOps: Sentiment Enrichment,COMPLETED,6.873,10,1
2026-08-04T19:26:40Z,MLOps: Vector Indexing,COMPLETED,8.375,10,1
2026-08-04T20:26:33Z,MLOps: Sentiment Enrichment,COMPLETED,6.841,9,1
2026-08-04T20:26:40Z,MLOps: Vector Indexing,COMPLETED,8.415,9,1
2026-08-04T21:26:33Z,MLOps: Sentiment Enrichment,COMPLETED,7.124,19,1
2026-08-04T21:26:40Z,MLOps: Vector Indexing,COMPLETED,8.478,19,1
2026-08-04T22:26:32Z,MLOps: Sentiment Enrichment,COMPLETED,7.236,19,1
2026-08-04T22:26:39Z,MLOps: Vector Indexing,COMPLETED,8.445,19,1
2026-08-04T23:26:32Z,MLOps: Sentiment Enrichment,COMPLETED,7.096,14,1
2026-08-04T23:26:40Z,MLOps: Vector Indexing,COMPLETED,8.467,14,1
2026-08-05T00:26:32Z,MLOps: Sentiment Enrichment,COMPLETED,6.691,10,1
2026-08-05T00:26:39Z,MLOps: Vector Indexing,COMPLETED,8.455,10,1
2026-08-05T01:26:33Z,MLOps: Sentiment Enrichment,COMPLETED,6.515,6,1
2026-08-05T01:26:39Z,MLOps: Vector Indexing,COMPLETED,8.294,6,1
2026-08-05T02:26:33Z,MLOps: Sentiment Enrichment,COMPLETED,6.637,9,1
2026-08-05T02:26:39Z,MLOps: Vector Indexing,COMPLETED,8.295,9,1
2026-08-05T03:26:32Z,MLOps: Sentiment Enrichment,COMPLETED,7.009,11,1
2026-08-05T03:26:39Z,MLOps: Vector Indexing,COMPLETED,8.328,11,1
2026-08-05T04:26:33Z,MLOps: Sentiment Enrichment,COMPLETED,7.467,21,1
2026-08-05T04:26:40Z,MLOps: Vector Indexing,COMPLETED,8.564,21,1
2026-08-05T05:26:33Z,MLOps: Sentiment Enrichment,COMPLETED,7.308,19,1
2026-08-05T05:26:40Z,MLOps: Vector Indexing,COMPLETED,8.615,19,1
2026-08-05T06:26:32Z,MLOps: Sentiment Enrichment,COMPLETED,7.083,18,1
2026-08-05T06:26:40Z,MLOps: Vector Indexing,COMPLETED,8.325,18,1
2026-08-05T07:26:32Z,MLOps: Sentiment Enrichment,COMPLETED,6.752,11,1
2026-08-05T07:26:39Z,MLOps: Vector Indexing,COMPLETED,8.276,11,1
2026-08-05T08:26:32Z,MLOps: Sentiment Enrichment,COMPLETED,7.140,18,1
2026-08-05T08:26:39Z,MLOps: Vector Indexing,COMPLETED,8.476,18,1
2026-08-05T09:26:33Z,MLOps: Sentiment Enrichment,COMPLETED,7.100,12,1
2026-08-05T09:26:40Z,MLOps: Vector Indexing,COMPLETED,8.510,12,1
2026-08-05T10:26:34Z,MLOps: Sentiment Enrichment,COMPLETED,7.511,23,1
2026-08-05T10:26:42Z,MLOps: Vector Indexing,COMPLETED,9.029,23,1
2026-08-05T11:26:33Z,MLOps: Sentiment Enrichment,COMPLETED,7.189,18,1
2026-08-05T11:26:40Z,MLOps: Vector Indexing,COMPLETED,8.586,18,1
2026-08-05T12:26:33Z,MLOps: Sentiment Enrichment,COMPLETED,8.104,26,1
2026-08-05T12:26:41Z,MLOps: Vector Indexing,COMPLETED,9.374,26,1
2026-08-05T13:26:33Z,MLOps: Sentiment Enrichment,COMPLETED,7.581,25,1
2026-08-05T13:26:41Z,MLOps: Vector Indexing,COMPLETED,8.570,25,1
2026-08-05T14:26:33Z,MLOps: Sentiment Enrichment,COMPLETED,7.972,31,1
2026-08-05T14:26:41Z,MLOps: Vector Indexing,COMPLETED,8.449,31,1
2026-08-05T15:26:32Z,MLOps: Sentiment Enrichment,COMPLETED,7.556,25,1
2026-08-05T15:26:40Z,MLOps: Vector Indexing,COMPLETED,8.386,25,1
2026-08-05T16:26:35Z,MLOps: Sentiment Enrichment,COMPLETED,7.674,30,1
2026-08-05T16:26:42Z,MLOps: Vector Indexing,COMPLETED,8.357,30,1
2026-08-05T17:26:33Z,MLOps: Sentiment Enrichment,COMPLETED,8.061,30,1
2026-08-05T17:26:41Z,MLOps: Vector Indexing,COMPLETED,8.574,30,1
2026-08-05T18:26:34Z,MLOps: Sentiment Enrichment,COMPLETED,6.849,11,1
2026-08-05T18:26:41Z,MLOps: Vector Indexing,COMPLETED,8.935,11,1
2026-08-05T19:26:33Z,MLOps: Sentiment Enrichment,COMPLETED,7.399,19,1
2026-08-05T19:26:40Z,MLOps: Vector Indexing,COMPLETED,8.367,19,1
2026-08-05T20:26:33Z,MLOps: Sentiment Enrichment,COMPLETED,7.286,18,1
2026-08-05T20:26:40Z,MLOps: Vector Indexing,COMPLETED,8.553,18,1
2026-08-05T21:26:33Z,MLOps: Sentiment Enrichment,COMPLETED,7.504,16,1
2026-08-05T21:26:40Z,MLOps: Vector Indexing,COMPLETED,8.456,16,1
2026-08-05T22:26:33Z,MLOps: Sentiment Enrichment,COMPLETED,6.840,13,1
2026-08-05T22:26:40Z,MLOps: Vector Indexing,COMPLETED,8.348,13,1
2026-08-05T23:26:32Z,MLOps: Sentiment Enrichment,COMPLETED,7.215,21,1
2026-08-05T23:26:39Z,MLOps: Vector Indexing,COMPLETED,8.385,21,1
2026-08-06T00:26:33Z,MLOps: Sentiment Enrichment,COMPLETED,8.001,37,1
2026-08-06T00:26:41Z,MLOps: Vector Indexing,COMPLETED,8.425,37,1
2026-08-06T01:26:33Z,MLOps: Sentiment Enrichment,COMPLETED,6.606,8,1
2026-08-06T01:26:39Z,MLOps: Vector Indexing,COMPLETED,8.167,8,1
2026-08-06T02:26:33Z,MLOps: Sentiment Enrichment,COMPLETED,6.815,13,1
2026-08-06T02:26:40Z,MLOps: Vector Indexing,COMPLETED,8.262,13,1
2026-08-06T03:26:35Z,MLOps: Sentiment Enrichment,COMPLETED,6.677,8,1
2026-08-06T03:26:41Z,MLOps: Vector Indexing,COMPLETED,8.302,8,1
2026-08-06T04:26:33Z,MLOps: Sentiment Enrichment,COMPLETED,7.207,18,1
2026-08-06T04:26:40Z,MLOps: Vector Indexing,COMPLETED,8.210,18,1
2026-08-06T05:26:32Z,MLOps: Sentiment Enrichment,COMPLETED,7.213,23,1
2026-08-06T05:26:39Z,MLOps: Vector Indexing,COMPLETED,8.307,23,1
2026-08-06T06:26:32Z,MLOps: Sentiment Enrichment,COMPLETED,7.558,26,1
2026-08-06T06:26:40Z,MLOps: Vector Indexing,COMPLETED,8.594,26,1
2026-08-06T07:26:32Z,MLOps: Sentiment Enrichment,COMPLETED,7.536,24,1
2026-08-06T07:26:40Z,MLOps: Vector Indexing,COMPLETED,8.619,24,1
2026-08-06T08:26:33Z,MLOps: Sentiment Enrichment,COMPLETED,8.147,33,1
2026-08-06T08:26:41Z,MLOps: Vector Indexing,COMPLETED,8.443,33,1
2026-08-06T09:26:33Z,MLOps: Sentiment Enrichment,COMPLETED,7.668,27,1
2026-08-06T09:26:40Z,MLOps: Vector Indexing,COMPLETED,8.359,27,1
2026-08-06T10:26:34Z,MLOps: Sentiment Enrichment,COMPLETED,7.797,33,1
2026-08-06T10:26:42Z,MLOps: Vector Indexing,COMPLETED,8.429,33,1
2026-08-06T11:26:34Z,MLOps: Sentiment Enrichment,COMPLETED,7.387,23,1
2026-08-06T11:26:42Z,MLOps: Vector Indexing,COMPLETED,8.350,23,1
2026-08-06T12:26:33Z,MLOps: Sentiment Enrichment,COMPLETED,7.641,31,1
2026-08-06T12:26:41Z,MLOps: Vector Indexing,COMPLETED,8.446,31,1
2026-08-06T13:26:33Z,MLOps: Sentiment Enrichment,COMPLETED,8.069,34,1
2026-08-06T13:26:41Z,MLOps: Vector Indexing,COMPLETED,8.355,34,1
2026-08-06T14:26:33Z,MLOps: Sentiment Enrichment,COMPLETED,8.143,34,1
2026-08-06T14:26:41Z,MLOps: Vector Indexing,COMPLETED,8.704,34,1
2026-08-06T15:26:33Z,MLOps: Sentiment Enrichment,COMPLETED,7.607,25,1
2026-08-06T15:26:40Z,MLOps: Vector Indexing,COMPLETED,8.532,25,1
2026-08-06T16:26:33Z,MLOps: Sentiment Enrichment,COMPLETED,7.518,19,1
2026-08-06T16:26:41Z,MLOps: Vector Indexing,COMPLETED,8.501,19,1
2026-08-06T17:26:33Z,MLOps: Sentiment Enrichment,COMPLETED,7.231,19,1
2026-08-06T17:26:40Z,MLOps: Vector Indexing,COMPLETED,8.505,19,1
2026-08-06T18:26:33Z,MLOps: Sentiment Enrichment,COMPLETED,7.404,22,1
2026-08-06T18:26:40Z,MLOps: Vector Indexing,COMPLETED,8.450,22,1
2026-08-06T19:26:33Z,MLOps: Sentiment Enrichment,COMPLETED,7.461,19,1
2026-08-06T19:26:40Z,MLOps: Vector Indexing,COMPLETED,8.451,19,1
2026-08-06T20:26:35Z,MLOps: Sentiment Enrichment,COMPLETED,6.933,11,1
2026-08-06T20:26:42Z,MLOps: Vector Indexing,COMPLETED,8.555,11,1
2026-08-06T21:26:33Z,MLOps: Sentiment Enrichment,COMPLETED,7.209,25,1
2026-08-06T21:26:40Z,MLOps: Vector Indexing,COMPLETED,8.448,25,1
2026-08-06T22:26:33Z,MLOps: Sentiment Enrichment,COMPLETED,7.580,24,1
2026-08-06T22:26:41Z,MLOps: Vector Indexing,COMPLETED,8.438,24,1
2026-08-06T23:52:53Z,MLOps: Sentiment Enrichment,COMPLETED,8.752,14,1
2026-08-06T23:53:02Z,MLOps: Vector Indexing,COMPLETED,11.889,14,1
2026-08-07T00:52:53Z,MLOps: Sentiment Enrichment,COMPLETED,6.890,9,1
2026-08-07T00:53:00Z,MLOps: Vector Indexing,COMPLETED,8.525,9,1
2026-08-07T01:52:53Z,MLOps: Sentiment Enrichment,COMPLETED,7.156,17,1
2026-08-07T01:53:00Z,MLOps: Vector Indexing,COMPLETED,8.678,17,1
2026-08-07T02:52:52Z,MLOps: Sentiment Enrichment,COMPLETED,6.556,7,1
2026-08-07T02:52:59Z,MLOps: Vector Indexing,COMPLETED,8.268,7,1
2026-08-07T03:52:53Z,MLOps: Sentiment Enrichment,COMPLETED,6.741,7,1
2026-08-07T03:53:00Z,MLOps: Vector Indexing,COMPLETED,8.080,7,1
2026-08-07T04:52:52Z,MLOps: Sentiment Enrichment,COMPLETED,7.130,18,1
2026-08-07T04:53:00Z,MLOps: Vector Indexing,COMPLETED,8.429,18,1
2026-08-07T05:52:52Z,MLOps: Sentiment Enrichment,COMPLETED,7.280,20,1
2026-08-07T05:53:00Z,MLOps: Vector Indexing,COMPLETED,8.335,20,1
2026-08-07T06:52:53Z,MLOps: Sentiment Enrichment,COMPLETED,7.531,23,1
2026-08-07T06:53:00Z,MLOps: Vector Indexing,COMPLETED,8.355,23,1
2026-08-07T07:52:53Z,MLOps: Sentiment Enrichment,COMPLETED,7.172,22,1
2026-08-07T07:53:00Z,MLOps: Vector Indexing,COMPLETED,8.371,22,1
2026-08-07T08:52:53Z,MLOps: Sentiment Enrichment,COMPLETED,7.723,33,1
2026-08-07T08:53:00Z,MLOps: Vector Indexing,COMPLETED,8.393,33,1
2026-08-07T09:52:52Z,MLOps: Sentiment Enrichment,COMPLETED,8.019,31,1
2026-08-07T09:53:00Z,MLOps: Vector Indexing,COMPLETED,8.878,31,1
2026-08-07T10:52:53Z,MLOps: Sentiment Enrichment,COMPLETED,7.606,27,1
2026-08-07T10:53:00Z,MLOps: Vector Indexing,COMPLETED,8.362,27,1
2026-08-07T11:52:54Z,MLOps: Sentiment Enrichment,COMPLETED,6.954,17,1
2026-08-07T11:53:01Z,MLOps: Vector Indexing,COMPLETED,8.339,17,1
2026-08-07T12:52:53Z,MLOps: Sentiment Enrichment,COMPLETED,7.658,27,1
2026-08-07T12:53:00Z,MLOps: Vector Indexing,COMPLETED,8.493,27,1
2026-08-07T13:52:53Z,MLOps: Sentiment Enrichment,COMPLETED,7.167,15,1
2026-08-07T13:53:00Z,MLOps: Vector Indexing,COMPLETED,8.557,15,1
2026-08-07T14:52:53Z,MLOps: Sentiment Enrichment,COMPLETED,7.344,19,1
2026-08-07T14:53:00Z,MLOps: Vector Indexing,COMPLETED,8.424,19,1
2026-08-07T15:52:53Z,MLOps: Sentiment Enrichment,COMPLETED,7.708,25,1
2026-08-07T15:53:01Z,MLOps: Vector Indexing,COMPLETED,8.519,25,1
2026-08-07T16:52:53Z,MLOps: Sentiment Enrichment,COMPLETED,7.516,21,1
2026-08-07T16:53:00Z,MLOps: Vector Indexing,COMPLETED,8.540,21,1
2026-08-07T17:52:53Z,MLOps: Sentiment Enrichment,COMPLETED,7.438,19,1
2026-08-07T17:53:00Z,MLOps: Vector Indexing,COMPLETED,8.654,19,1
2026-08-07T18:52:55Z,MLOps: Sentiment Enrichment,COMPLETED,7.788,24,1
2026-08-07T18:53:03Z,MLOps: Vector Indexing,COMPLETED,8.482,24,1
2026-08-07T19:52:53Z,MLOps: Sentiment Enrichment,COMPLETED,7.403,21,1
2026-08-07T19:53:00Z,MLOps: Vector Indexing,COMPLETED,8.676,21,1
2026-08-07T20:52:52Z,MLOps: Sentiment Enrichment,COMPLETED,7.501,24,1
2026-08-07T20:53:00Z,MLOps: Vector Indexing,COMPLETED,8.455,24,1
2026-08-07T21:52:54Z,MLOps: Sentiment Enrichment,COMPLETED,7.137,19,1
2026-08-07T21:53:01Z,MLOps: Vector Indexing,COMPLETED,8.570,19,1
2026-08-07T22:52:52Z,MLOps: Sentiment Enrichment,COMPLETED,7.015,11,1
2026-08-07T22:53:00Z,MLOps: Vector Indexing,COMPLETED,8.525,11,1
2026-08-07T23:52:53Z,MLOps: Sentiment Enrichment,COMPLETED,7.412,21,1
2026-08-07T23:53:00Z,MLOps: Vector Indexing,COMPLETED,8.412,21,1
2026-08-08T00:52:52Z,MLOps: Sentiment Enrichment,COMPLETED,7.807,29,1
2026-08-08T00:53:00Z,MLOps: Vector Indexing,COMPLETED,8.267,29,1
2026-08-08T01:52:53Z,MLOps: Sentiment Enrichment,COMPLETED,7.871,27,1
2026-08-08T01:53:01Z,MLOps: Vector Indexing,COMPLETED,8.491,27,1
2026-08-08T02:52:55Z,MLOps: Sentiment Enrichment,COMPLETED,7.947,32,1
2026-08-08T02:53:03Z,MLOps: Vector Indexing,COMPLETED,8.476,32,1
2026-08-08T03:52:53Z,MLOps: Sentiment Enrichment,COMPLETED,7.995,32,1
2026-08-08T03:53:01Z,MLOps: Vector Indexing,COMPLETED,8.350,32,1
2026-08-08T04:52:53Z,MLOps: Sentiment Enrichment,COMPLETED,6.777,5,1
2026-08-08T04:53:00Z,MLOps: Vector Indexing,COMPLETED,8.353,5,1
2026-08-08T05:52:53Z,MLOps: Sentiment Enrichment,COMPLETED,7.238,17,1
2026-08-08T05:53:00Z,MLOps: Vector Indexing,COMPLETED,8.405,17,1
2026-08-08T06:52:53Z,MLOps: Sentiment Enrichment,COMPLETED,7.217,12,1
2026-08-08T06:53:00Z,MLOps: Vector Indexing,COMPLETED,8.418,12,1
2026-08-08T07:52:52Z,MLOps: Sentiment Enrichment,COMPLETED,7.624,24,1
2026-08-08T07:53:00Z,MLOps: Vector Indexing,COMPLETED,8.360,24,1
2026-08-08T08:52:53Z,MLOps: Sentiment Enrichment,COMPLETED,7.267,22,1
2026-08-08T08:53:00Z,MLOps: Vector Indexing,COMPLETED,8.439,22,1
2026-08-08T09:52:53Z,MLOps: Sentiment Enrichment,COMPLETED,6.936,13,1
2026-08-08T09:53:00Z,MLOps: Vector Indexing,COMPLETED,8.414,13,1
2026-08-08T10:52:52Z,MLOps: Sentiment Enrichment,COMPLETED,7.281,17,1
2026-08-08T10:53:00Z,MLOps: Vector Indexing,COMPLETED,8.402,17,1
2026-08-08T11:52:53Z,MLOps: Sentiment Enrichment,COMPLETED,7.607,16,1
2026-08-08T11:53:01Z,MLOps: Vector Indexing,COMPLETED,8.627,16,1
2026-08-08T12:52:53Z,MLOps: Sentiment Enrichment,COMPLETED,7.365,18,1
2026-08-08T12:53:00Z,MLOps: Vector Indexing,COMPLETED,8.353,18,1
2026-08-08T13:52:52Z,MLOps: Sentiment Enrichment,COMPLETED,7.826,30,1
2026-08-08T13:53:00Z,MLOps: Vector Indexing,COMPLETED,8.199,30,1
2026-08-08T14:52:53Z,MLOps: Sentiment Enrichment,COMPLETED,7.069,14,1
2026-08-08T14:53:00Z,MLOps: Vector Indexing,COMPLETED,8.339,14,1
2026-08-08T15:52:52Z,MLOps: Sentiment Enrichment,COMPLETED,6.869,8,1
2026-08-08T15:52:59Z,MLOps: Vector Indexing,COMPLETED,8.347,8,1
2026-08-08T16:52:52Z,MLOps: Sentiment Enrichment,COMPLETED,6.899,13,1
2026-08-08T16:52:59Z,MLOps: Vector Indexing,COMPLETED,8.383,13,1
2026-08-08T17:52:53Z,MLOps: Sentiment Enrichment,COMPLETED,6.949,13,1
2026-08-08T17:53:00Z,MLOps: Vector Indexing,COMPLETED,8.251,13,1
2026-08-08T18:52:53Z,MLOps: Sentiment Enrichment,COMPLETED,7.185,16,1
2026-08-08T18:53:00Z,MLOps: Vector Indexing,COMPLETED,8.216,16,1
2026-08-08T19:52:53Z,MLOps: Sentiment Enrichment,COMPLETED,7.064,15,1
2026-08-08T19:53:00Z,MLOps: Vector Indexing,COMPLETED,8.394,15,1
2026-08-08T20:52:53Z,MLOps: Sentiment Enrichment,COMPLETED,7.140,17,1
2026-08-08T20:53:00Z,MLOps: Vector Indexing,COMPLETED,8.307,17,1
2026-08-08T21:52:53Z,MLOps: Sentiment Enrichment,COMPLETED,6.825,12,1
2026-08-08T21:53:00Z,MLOps: Vector Indexing,COMPLETED,8.206,12,1
2026-08-08T22:52:53Z,MLOps: Sentiment Enrichment,COMPLETED,6.848,14,1
2026-08-08T22:53:00Z,MLOps: Vector Indexing,COMPLETED,8.319,14,1
2026-08-08T23:52:52Z,MLOps: Sentiment Enrichment,COMPLETED,7.203,17,1
2026-08-08T23:52:59Z,MLOps: Vector Indexing,COMPLETED,8.184,17,1
2026-08-09T00:52:56Z,MLOps: Sentiment Enrichment,COMPLETED,7.698,26,1
2026-08-09T00:53:04Z,MLOps: Vector Indexing,COMPLETED,8.276,26,1
2026-08-09T01:52:53Z,MLOps: Sentiment Enrichment,COMPLETED,7.510,22,1
2026-08-09T01:53:01Z,MLOps: Vector Indexing,COMPLETED,8.313,22,1
2026-08-09T02:52:54Z,MLOps: Sentiment Enrichment,COMPLETED,7.002,13,1
2026-08-09T02:53:01Z,MLOps: Vector Indexing,COMPLETED,8.333,13,1
2026-08-09T03:52:53Z,MLOps: Sentiment Enrichment,COMPLETED,6.838,13,1
2026-08-09T03:53:00Z,MLOps: Vector Indexing,COMPLETED,8.485,13,1
2026-08-09T04:52:53Z,MLOps: Sentiment Enrichment,COMPLETED,7.376,22,1
2026-08-09T04:53:00Z,MLOps: Vector Indexing,COMPLETED,8.416,22,1
2026-08-09T05:52:54Z,MLOps: Sentiment Enrichment,COMPLETED,7.101,13,1
2026-08-09T05:53:01Z,MLOps: Vector Indexing,COMPLETED,8.425,13,1
2026-08-09T06:52:53Z,MLOps: Sentiment Enrichment,COMPLETED,7.120,15,1
2026-08-09T06:53:00Z,MLOps: Vector Indexing,COMPLETED,8.389,15,1
2026-08-09T07:52:53Z,MLOps: Sentiment Enrichment,COMPLETED,7.472,22,1
2026-08-09T07:53:01Z,MLOps: Vector Indexing,COMPLETED,8.321,22,1
2026-08-09T08:52:52Z,MLOps: Sentiment Enrichment,COMPLETED,7.361,21,1
2026-08-09T08:53:00Z,MLOps: Vector Indexing,COMPLETED,8.449,21,1
2026-08-09T09:52:53Z,MLOps: Sentiment Enrichment,COMPLETED,7.378,23,1
2026-08-09T09:53:01Z,MLOps: Vector Indexing,COMPLETED,8.402,23,1
2026-08-09T10:52:53Z,MLOps: Sentiment Enrichment,COMPLETED,7.749,26,1
2026-08-09T10:53:01Z,MLOps: Vector Indexing,COMPLETED,8.331,26,1
2026-08-09T11:52:53Z,MLOps: Sentiment Enrichment,COMPLETED,7.385,21,1
2026-08-09T11:53:00Z,MLOps: Vector Indexing,COMPLETED,8.653,21,1
2026-08-09T12:52:53Z,MLOps: Sentiment Enrichment,COMPLETED,6.652,6,1
2026-08-09T12:52:59Z,MLOps: Vector Indexing,COMPLETED,8.219,6,1
2026-08-09T13:52:53Z,MLOps: Sentiment Enrichment,COMPLETED,7.008,14,1
2026-08-09T13:53:00Z,MLOps: Vector Indexing,COMPLETED,8.427,14,1
2026-08-09T14:52:53Z,MLOps: Sentiment Enrichment,COMPLETED,7.007,12,1
2026-08-09T14:53:00Z,MLOps: Vector Indexing,COMPLETED,8.638,12,1
2026-08-09T15:52:53Z,MLOps: Sentiment Enrichment,COMPLETED,7.710,20,1
2026-08-09T15:53:00Z,MLOps: Vector Indexing,COMPLETED,8.344,20,1
2026-08-09T16:52:53Z,MLOps: Sentiment Enrichment,COMPLETED,7.851,30,1
2026-08-09T16:53:01Z,MLOps: Vector Indexing,COMPLETED,8.426,30,1
2026-08-09T17:52:53Z,MLOps: Sentiment Enrichment,COMPLETED,7.363,24,1
2026-08-09T17:53:01Z,MLOps: Vector Indexing,COMPLETED,8.643,24,1
2026-08-09T18:52:52Z,MLOps: Sentiment Enrichment,COMPLETED,8.067,30,1
2026-08-09T18:53:00Z,MLOps: Vector Indexing,COMPLETED,8.559,30,1
2026-08-09T19:52:52Z,MLOps: Sentiment Enrichment,COMPLETED,7.734,26,1
2026-08-09T19:53:00Z,MLOps: Vector Indexing,COMPLETED,8.515,26,1
2026-08-09T20:52:53Z,MLOps: Sentiment Enrichment,COMPLETED,7.542,19,1
2026-08-09T20:53:00Z,MLOps: Vector Indexing,COMPLETED,8.362,19,1
2026-08-09T21:52:53Z,MLOps: Sentiment Enrichment,COMPLETED,7.546,22,1
2026-08-09T21:53:01Z,MLOps: Vector Indexing,COMPLETED,8.266,22,1
2026-08-09T22:52:53Z,MLOps: Sentiment Enrichment,COMPLETED,7.179,19,1
2026-08-09T22:53:00Z,MLOps: Vector Indexing,COMPLETED,8.327,19,1
2026-08-09T23:52:53Z,MLOps: Sentiment Enrichment,COMPLETED,7.272,17,1
2026-08-09T23:53:00Z,MLOps: Vector Indexing,COMPLETED,8.467,17,1
2026-08-10T00:52:53Z,MLOps: Sentiment Enrichment,COMPLETED,6.470,6,1
2026-08-10T00:53:00Z,MLOps: Vector Indexing,COMPLETED,8.291,6,1
2026-08-10T01:52:53Z,MLOps: Sentiment Enrichment,COMPLETED,6.827,13,1
2026-08-10T01:52:59Z,MLOps: Vector Indexing,COMPLETED,8.094,13,1
2026-08-10T02:52:53Z,MLOps: Sentiment Enrichment,COMPLETED,7.081,14,1
2026-08-10T02:53:00Z,MLOps: Vector Indexing,COMPLETED,8.460,14,1
2026-08-10T03:52:53Z,MLOps: Sentiment Enrichment,COMPLETED,7.009,15,1
2026-08-10T03:53:00Z,MLOps: Vector Indexing,COMPLETED,8.189,15,1
2026-08-10T04:52:53Z,MLOps: Sentiment Enrichment,COMPLETED,6.934,9,1
2026-08-10T04:53:00Z,MLOps: Vector Indexing,COMPLETED,8.208,9,1
2026-08-10T05:52:54Z,MLOps: Sentiment Enrichment,COMPLETED,6.417,4,1
2026-08-10T05:53:01Z,MLOps: Vector Indexing,COMPLETED,8.239,4,1
2026-08-10T06:52:53Z,MLOps: Sentiment Enrichment,COMPLETED,6.992,12,1
2026-08-10T06:53:00Z,MLOps: Vector Indexing,COMPLETED,8.457,12,1
2026-08-10T07:52:53Z,MLOps: Sentiment Enrichment,COMPLETED,6.540,8,1
2026-08-10T07:52:59Z,MLOps: Vector Indexing,COMPLETED,8.439,8,1
2026-08-10T08:52:53Z,MLOps: Sentiment Enrichment,COMPLETED,6.638,8,1
2026-08-10T08:53:00Z,MLOps: Vector Indexing,COMPLETED,8.481,8,1
2026-08-10T09:52:52Z,MLOps: Sentiment Enrichment,COMPLETED,8.278,33,1
2026-08-10T09:53:01Z,MLOps: Vector Indexing,COMPLETED,8.614,33,1
2026-08-10T10:52:52Z,MLOps: Sentiment Enrichment,COMPLETED,7.904,31,1
2026-08-10T10:53:00Z,MLOps: Vector Indexing,COMPLETED,8.406,31,1
2026-08-10T11:52:54Z,MLOps: Sentiment Enrichment,COMPLETED,8.077,28,1
2026-08-10T11:53:02Z,MLOps: Vector Indexing,COMPLETED,8.694,28,1
2026-08-10T12:52:52Z,MLOps: Sentiment Enrichment,COMPLETED,7.862,35,1
2026-08-10T12:53:00Z,MLOps: Vector Indexing,COMPLETED,8.319,35,1
2026-08-10T13:52:53Z,MLOps: Sentiment Enrichment,COMPLETED,8.269,36,1
2026-08-10T13:53:01Z,MLOps: Vector Indexing,COMPLETED,8.467,36,1
2026-08-10T14:52:52Z,MLOps: Sentiment Enrichment,COMPLETED,7.909,26,1
2026-08-10T14:53:00Z,MLOps: Vector Indexing,COMPLETED,8.576,26,1
2026-08-10T15:52:53Z,MLOps: Sentiment Enrichment,COMPLETED,8.080,31,1
2026-08-10T15:53:01Z,MLOps: Vector Indexing,COMPLETED,8.641,31,1
2026-08-10T16:52:53Z,MLOps: Sentiment Enrichment,COMPLETED,8.185,29,1
2026-08-10T16:53:01Z,MLOps: Vector Indexing,COMPLETED,8.611,29,1
2026-08-10T17:52:53Z,MLOps: Sentiment Enrichment,COMPLETED,7.635,25,1
2026-08-10T17:53:00Z,MLOps: Vector Indexing,COMPLETED,8.479,25,1
2026-08-10T18:52:53Z,MLOps: Sentiment Enrichment,COMPLETED,7.875,33,1
2026-08-10T18:53:01Z,MLOps: Vector Indexing,COMPLETED,8.455,33,1
2026-08-10T19:52:52Z,MLOps: Sentiment Enrichment,COMPLETED,7.309,22,1
2026-08-10T19:53:00Z,MLOps: Vector Indexing,COMPLETED,8.611,22,1
2026-08-10T20:52:52Z,MLOps: Sentiment Enrichment,COMPLETED,7.552,21,1
2026-08-10T20:53:00Z,MLOps: Vector Indexing,COMPLETED,8.596,21,1
2026-08-10T21:52:53Z,MLOps: Sentiment Enrichment,COMPLETED,7.993,13,1
2026-08-10T21:53:01Z,MLOps: Vector Indexing,COMPLETED,15.390,13,1
2026-08-10T22:52:55Z,MLOps: Sentiment Enrichment,COMPLETED,6.997,13,1
2026-08-10T22:53:02Z,MLOps: Vector Indexing,COMPLETED,8.590,13,1
2026-08-10T23:52:52Z,MLOps: Sentiment Enrichment,COMPLETED,6.451,5,1
2026-08-10T23:52:59Z,MLOps: Vector Indexing,COMPLETED,8.211,5,1
2026-08-11T00:52:52Z,MLOps: Sentiment Enrichment,COMPLETED,6.856,11,1
2026-08-11T00:52:59Z,MLOps: Vector Indexing,COMPLETED,8.291,11,1
2026-08-11T01:52:53Z,MLOps: Sentiment Enrichment,COMPLETED,6.749,10,1
2026-08-11T01:53:00Z,MLOps: Vector Indexing,COMPLETED,8.499,10,1
2026-08-11T02:52:55Z,MLOps: Sentiment Enrichment,COMPLETED,6.520,4,1
2026-08-11T02:53:01Z,MLOps: Vector Indexing,COMPLETED,8.378,4,1
2026-08-11T03:52:53Z,MLOps: Sentiment Enrichment,COMPLETED,4.662,0,0
2026-08-11T03:52:58Z,MLOps: Vector Indexing,COMPLETED,1.517,0,0
2026-08-11T04:52:52Z,MLOps: Sentiment Enrichment,COMPLETED,6.089,2,1
2026-08-11T04:52:58Z,MLOps: Vector Indexing,COMPLETED,7.980,2,1
2026-08-11T05:52:53Z,MLOps: Sentiment Enrichment,COMPLETED,6.419,5,1
2026-08-11T05:52:59Z,MLOps: Vector Indexing,COMPLETED,8.401,5,1
2026-08-11T06:52:53Z,MLOps: Sentiment Enrichment,COMPLETED,4.672,0,0
2026-08-11T06:52:57Z,MLOps: Vector Indexing,COMPLETED,1.541,0,0
2026-08-11T07:52:55Z,MLOps: Sentiment Enrichment,COMPLETED,6.518,3,1
2026-08-11T07:53:01Z,MLOps: Vector Indexing,COMPLETED,8.429,3,1
2026-08-11T08:52:52Z,MLOps: Sentiment Enrichment,COMPLETED,6.368,1,1
2026-08-11T08:52:59Z,MLOps: Vector Indexing,COMPLETED,8.299,1,1
2026-08-11T09:52:56Z,MLOps: Sentiment Enrichment,COMPLETED,7.388,24,1
2026-08-11T09:53:03Z,MLOps: Vector Indexing,COMPLETED,8.466,24,1
2026-08-11T10:52:54Z,MLOps: Sentiment Enrichment,COMPLETED,7.595,23,1
2026-08-11T10:53:02Z,MLOps: Vector Indexing,COMPLETED,8.330,23,1
2026-08-11T11:52:53Z,MLOps: Sentiment Enrichment,COMPLETED,7.296,20,1
2026-08-11T11:53:00Z,MLOps: Vector Indexing,COMPLETED,8.341,20,1
2026-08-11T12:52:53Z,MLOps: Sentiment Enrichment,COMPLETED,7.608,26,1
2026-08-11T12:53:00Z,MLOps: Vector Indexing,COMPLETED,8.668,26,1
2026-08-11T13:52:52Z,MLOps: Sentiment Enrichment,COMPLETED,7.852,27,1
2026-08-11T13:53:00Z,MLOps: Vector Indexing,COMPLETED,8.495,27,1
2026-08-11T14:52:52Z,MLOps: Sentiment Enrichment,COMPLETED,7.847,31,1
2026-08-11T14:53:00Z,MLOps: Vector Indexing,COMPLETED,8.524,31,1
2026-08-11T15:52:53Z,MLOps: Sentiment Enrichment,COMPLETED,7.091,16,1
2026-08-11T15:53:00Z,MLOps: Vector Indexing,COMPLETED,8.355,16,1
2026-08-11T16:52:53Z,MLOps: Sentiment Enrichment,COMPLETED,7.132,19,1
2026-08-11T16:53:00Z,MLOps: Vector Indexing,COMPLETED,8.306,19,1
2026-08-11T17:52:53Z,MLOps: Sentiment Enrichment,COMPLETED,7.909,28,1
2026-08-11T17:53:01Z,MLOps: Vector Indexing,COMPLETED,8.726,28,1
2026-08-11T18:52:53Z,MLOps: Sentiment Enrichment,COMPLETED,7.354,18,1
2026-08-11T18:53:00Z,MLOps: Vector Indexing,COMPLETED,8.782,18,1
2026-08-11T19:52:52Z,MLOps: Sentiment Enrichment,COMPLETED,6.965,12,1
2026-08-11T19:52:59Z,MLOps: Vector Indexing,COMPLETED,8.479,12,1
2026-08-11T20:52:53Z,MLOps: Sentiment Enrichment,COMPLETED,6.657,11,1
2026-08-11T20:52:59Z,MLOps: Vector Indexing,COMPLETED,8.373,11,1
2026-08-11T21:52:54Z,MLOps: Sentiment Enrichment,COMPLETED,6.746,10,1
2026-08-11T21:53:01Z,MLOps: Vector Indexing,COMPLETED,8.363,10,1
2026-08-11T22:52:52Z,MLOps: Sentiment Enrichment,COMPLETED,7.171,17,1
2026-08-11T22:53:00Z,MLOps: Vector Indexing,COMPLETED,8.294,17,1
2026-08-11T23:52:52Z,MLOps: Sentiment Enrichment,COMPLETED,6.978,12,1
2026-08-11T23:52:59Z,MLOps: Vector Indexing,COMPLETED,8.512,12,1
2026-08-12T00:52:53Z,MLOps: Sentiment Enrichment,COMPLETED,6.600,8,1
2026-08-12T00:53:00Z,MLOps: Vector Indexing,COMPLETED,8.558,8,1
2026-08-12T01:52:52Z,MLOps: Sentiment Enrichment,COMPLETED,6.852,9,1
2026-08-12T01:52:59Z,MLOps: Vector Indexing,COMPLETED,8.336,9,1
2026-08-12T02:52:55Z,MLOps: Sentiment Enrichment,COMPLETED,6.726,8,1
2026-08-12T02:53:02Z,MLOps: Vector Indexing,COMPLETED,8.346,8,1
2026-08-12T03:52:53Z,MLOps: Sentiment Enrichment,COMPLETED,6.662,9,1
2026-08-12T03:52:59Z,MLOps: Vector Indexing,COMPLETED,8.441,9,1
2026-08-12T04:52:53Z,MLOps: Sentiment Enrichment,COMPLETED,7.469,22,1
2026-08-12T04:53:00Z,MLOps: Vector Indexing,COMPLETED,8.277,22,1
2026-08-12T05:52:52Z,MLOps: Sentiment Enrichment,COMPLETED,7.551,24,1
2026-08-12T05:53:00Z,MLOps: Vector Indexing,COMPLETED,8.440,24,1
2026-08-12T06:52:53Z,MLOps: Sentiment Enrichment,COMPLETED,7.647,23,1
2026-08-12T06:53:00Z,MLOps: Vector Indexing,COMPLETED,8.371,23,1
2026-08-12T07:52:55Z,MLOps: Sentiment Enrichment,COMPLETED,7.432,22,1
2026-08-12T07:53:03Z,MLOps: Vector Indexing,COMPLETED,8.489,22,1
2026-08-12T08:52:52Z,MLOps: Sentiment Enrichment,COMPLETED,7.374,21,1
2026-08-12T08:53:00Z,MLOps: Vector Indexing,COMPLETED,8.440,21,1
2026-08-12T09:52:52Z,MLOps: Sentiment Enrichment,COMPLETED,7.185,18,1
2026-08-12T09:53:00Z,MLOps: Vector Indexing,COMPLETED,8.404,18,1
2026-08-12T10:52:53Z,MLOps: Sentiment Enrichment,COMPLETED,7.834,27,1
2026-08-12T10:53:01Z,MLOps: Vector Indexing,COMPLETED,8.588,27,1
2026-08-12T11:52:52Z,MLOps: Sentiment Enrichment,COMPLETED,7.418,19,1
2026-08-12T11:53:00Z,MLOps: Vector Indexing,COMPLETED,8.260,19,1
2026-08-12T12:52:53Z,MLOps: Sentiment Enrichment,COMPLETED,8.206,36,1
2026-08-12T12:53:01Z,MLOps: Vector Indexing,COMPLETED,8.386,36,1
2026-08-12T13:52:54Z,MLOps: Sentiment Enrichment,COMPLETED,7.766,28,1
2026-08-12T13:53:02Z,MLOps: Vector Indexing,COMPLETED,8.622,28,1
2026-08-12T14:52:53Z,MLOps: Sentiment Enrichment,COMPLETED,7.979,29,1
2026-08-12T14:53:01Z,MLOps: Vector Indexing,COMPLETED,8.480,29,1
2026-08-12T15:52:53Z,MLOps: Sentiment Enrichment,COMPLETED,7.524,24,1
2026-08-12T15:53:00Z,MLOps: Vector Indexing,COMPLETED,8.421,24,1
2026-08-12T16:52:55Z,MLOps: Sentiment Enrichment,COMPLETED,7.627,23,1
2026-08-12T16:53:03Z,MLOps: Vector Indexing,COMPLETED,8.614,23,1
2026-08-12T17:52:53Z,MLOps: Sentiment Enrichment,COMPLETED,7.663,25,1
2026-08-12T17:53:00Z,MLOps: Vector Indexing,COMPLETED,8.304,25,1
2026-08-12T18:52:53Z,MLOps: Sentiment Enrichment,COMPLETED,7.000,13,1
2026-08-12T18:53:00Z,MLOps: Vector Indexing,COMPLETED,8.582,13,1
2026-08-12T19:52:54Z,MLOps: Sentiment Enrichment,COMPLETED,7.004,15,1
2026-08-12T19:53:01Z,MLOps: Vector Indexing,COMPLETED,8.718,15,1
2026-08-12T20:52:53Z,MLOps: Sentiment Enrichment,COMPLETED,8.359,37,1
2026-08-12T20:53:02Z,MLOps: Vector Indexing,COMPLETED,8.571,37,1
2026-08-12T21:52:53Z,MLOps: Sentiment Enrichment,COMPLETED,7.407,16,1
2026-08-12T21:53:01Z,MLOps: Vector Indexing,COMPLETED,8.518,16,1
2026-08-12T22:52:53Z,MLOps: Sentiment Enrichment,COMPLETED,7.152,18,1
2026-08-12T22:53:00Z,MLOps: Vector Indexing,COMPLETED,8.491,18,1
2026-08-12T23:52:53Z,MLOps: Sentiment Enrichment,COMPLETED,6.932,15,1
2026-08-12T23:53:00Z,MLOps: Vector Indexing,COMPLETED,8.303,15,1
2026-08-13T00:52:53Z,MLOps: Sentiment Enrichment,COMPLETED,6.860,9,1
2026-08-13T00:52:59Z,MLOps: Vector Indexing,COMPLETED,8.505,9,1
2026-08-13T01:52:53Z,MLOps: Sentiment Enrichment,COMPLETED,6.995,14,1
2026-08-13T01:53:00Z,MLOps: Vector Indexing,COMPLETED,8.514,14,1
2026-08-13T02:52:55Z,MLOps: Sentiment Enrichment,COMPLETED,6.837,10,1
2026-08-13T02:53:02Z,MLOps: Vector Indexing,COMPLETED,8.278,10,1
2026-08-13T03:52:53Z,MLOps: Sentiment Enrichment,COMPLETED,6.789,14,1
2026-08-13T03:53:00Z,MLOps: Vector Indexing,COMPLETED,8.334,14,1
2026-08-13T04:52:54Z,MLOps: Sentiment Enrichment,COMPLETED,7.092,15,1
2026-08-13T04:53:01Z,MLOps: Vector Indexing,COMPLETED,8.328,15,1
2026-08-13T05:52:53Z,MLOps: Sentiment Enrichment,COMPLETED,8.049,25,1
2026-08-13T05:53:01Z,MLOps: Vector Indexing,COMPLETED,8.659,25,1
2026-08-13T06:52:52Z,MLOps: Sentiment Enrichment,COMPLETED,7.892,27,1
2026-08-13T06:53:00Z,MLOps: Vector Indexing,COMPLETED,8.474,27,1
2026-08-13T07:52:52Z,MLOps: Sentiment Enrichment,COMPLETED,7.386,22,1
2026-08-13T07:53:00Z,MLOps: Vector Indexing,COMPLETED,8.631,22,1
2026-08-13T08:52:53Z,MLOps: Sentiment Enrichment,COMPLETED,7.521,26,1
2026-08-13T08:53:00Z,MLOps: Vector Indexing,COMPLETED,8.392,26,1
2026-08-13T09:52:52Z,MLOps: Sentiment Enrichment,COMPLETED,7.122,12,1
2026-08-13T09:52:59Z,MLOps: Vector Indexing,COMPLETED,8.343,12,1
2026-08-13T10:52:53Z,MLOps: Sentiment Enrichment,COMPLETED,6.929,10,1
2026-08-13T10:52:59Z,MLOps: Vector Indexing,COMPLETED,8.621,10,1
2026-08-13T11:52:53Z,MLOps: Sentiment Enrichment,COMPLETED,6.765,14,1
2026-08-13T11:53:00Z,MLOps: Vector Indexing,COMPLETED,8.445,14,1
2026-08-13T12:52:52Z,MLOps: Sentiment Enrichment,COMPLETED,8.108,30,1
2026-08-13T12:53:01Z,MLOps: Vector Indexing,COMPLETED,8.618,30,1
2026-08-13T13:52:53Z,MLOps: Sentiment Enrichment,COMPLETED,8.180,27,1
2026-08-13T13:53:02Z,MLOps: Vector Indexing,COMPLETED,8.705,27,1
2026-08-13T14:52:53Z,MLOps: Sentiment Enrichment,COMPLETED,7.765,24,1
2026-08-13T14:53:01Z,MLOps: Vector Indexing,COMPLETED,8.914,24,1
2026-08-13T15:52:53Z,MLOps: Sentiment Enrichment,COMPLETED,7.460,22,1
2026-08-13T15:53:01Z,MLOps: Vector Indexing,COMPLETED,8.544,22,1
2026-08-13T16:52:53Z,MLOps: Sentiment Enrichment,COMPLETED,7.429,22,1
2026-08-13T16:53:00Z,MLOps: Vector Indexing,COMPLETED,8.503,22,1
2026-08-13T17:52:53Z,MLOps: Sentiment Enrichment,COMPLETED,7.981,29,1
2026-08-13T17:53:01Z,MLOps: Vector Indexing,COMPLETED,8.728,29,1
2026-08-13T18:52:54Z,MLOps: Sentiment Enrichment,COMPLETED,7.033,14,1
2026-08-13T18:53:01Z,MLOps: Vector Indexing,COMPLETED,8.422,14,1
2026-08-13T19:52:53Z,MLOps: Sentiment Enrichment,COMPLETED,6.959,12,1
2026-08-13T19:53:00Z,MLOps: Vector Indexing,COMPLETED,8.604,12,1
2026-08-13T20:52:53Z,MLOps: Sentiment Enrichment,COMPLETED,8.085,37,1
2026-08-13T20:53:01Z,MLOps: Vector Indexing,COMPLETED,8.489,37,1
2026-08-13T21:52:52Z,MLOps: Sentiment Enrichment,COMPLETED,7.139,15,1
2026-08-13T21:52:59Z,MLOps: Vector Indexing,COMPLETED,8.274,15,1
2026-08-13T22:52:53Z,MLOps: Sentiment Enrichment,COMPLETED,7.354,16,1
2026-08-13T22:53:01Z,MLOps: Vector Indexing,COMPLETED,8.224,16,1
2026-08-13T23:52:53Z,MLOps: Sentiment Enrichment,COMPLETED,7.293,19,1
2026-08-13T23:53:00Z,MLOps: Vector Indexing,COMPLETED,8.402,19,1
2026-08-14T00:52:52Z,MLOps: Sentiment Enrichment,COMPLETED,6.976,10,1
2026-08-14T00:52:59Z,MLOps: Vector Indexing,COMPLETED,8.429,10,1
2026-08-14T01:52:52Z,MLOps: Sentiment Enrichment,COMPLETED,6.872,6,1
2026-08-14T01:52:59Z,MLOps: Vector Indexing,COMPLETED,8.416,6,1
2026-08-14T02:52:53Z,MLOps: Sentiment Enrichment,COMPLETED,6.726,11,1
2026-08-14T02:52:59Z,MLOps: Vector Indexing,COMPLETED,8.313,11,1
2026-08-14T03:52:54Z,MLOps: Sentiment Enrichment,COMPLETED,6.715,7,1
2026-08-14T03:53:00Z,MLOps: Vector Indexing,COMPLETED,8.473,7,1
2026-08-14T04:52:53Z,MLOps: Sentiment Enrichment,COMPLETED,7.709,21,1
2026-08-14T04:53:00Z,MLOps: Vector Indexing,COMPLETED,8.424,21,1
2026-08-14T05:52:54Z,MLOps: Sentiment Enrichment,COMPLETED,7.831,30,1
2026-08-14T05:53:02Z,MLOps: Vector Indexing,COMPLETED,8.372,30,1
2026-08-14T06:52:53Z,MLOps: Sentiment Enrichment,COMPLETED,7.917,26,1
2026-08-14T06:53:01Z,MLOps: Vector Indexing,COMPLETED,8.576,26,1
2026-08-14T07:52:53Z,MLOps: Sentiment Enrichment,COMPLETED,7.829,29,1
2026-08-14T07:53:01Z,MLOps: Vector Indexing,COMPLETED,8.565,29,1
2026-08-14T08:52:52Z,MLOps: Sentiment Enrichment,COMPLETED,7.693,28,1
2026-08-14T08:53:00Z,MLOps: Vector Indexing,COMPLETED,8.475,28,1
2026-08-14T09:52:53Z,MLOps: Sentiment Enrichment,COMPLETED,7.076,18,1
2026-08-14T09:53:00Z,MLOps: Vector Indexing,COMPLETED,8.492,18,1
2026-08-14T10:52:53Z,MLOps: Sentiment Enrichment,COMPLETED,7.556,20,1
2026-08-14T10:53:00Z,MLOps: Vector Indexing,COMPLETED,8.421,20,1
2026-08-14T11:52:54Z,MLOps: Sentiment Enrichment,COMPLETED,7.138,17,1
2026-08-14T11:53:01Z,MLOps: Vector Indexing,COMPLETED,8.500,17,1
2026-08-14T12:52:53Z,MLOps: Sentiment Enrichment,COMPLETED,7.574,21,1
2026-08-14T12:53:00Z,MLOps: Vector Indexing,COMPLETED,8.412,21,1
2026-08-14T13:52:53Z,MLOps: Sentiment Enrichment,COMPLETED,7.245,19,1
2026-08-14T13:53:00Z,MLOps: Vector Indexing,COMPLETED,8.807,19,1
2026-08-14T14:52:53Z,MLOps: Sentiment Enrichment,COMPLETED,8.083,32,1
2026-08-14T14:53:01Z,MLOps: Vector Indexing,COMPLETED,8.572,32,1
2026-08-14T15:52:52Z,MLOps: Sentiment Enrichment,COMPLETED,7.800,24,1
2026-08-14T15:53:00Z,MLOps: Vector Indexing,COMPLETED,9.060,24,1
2026-08-14T16:52:55Z,MLOps: Sentiment Enrichment,COMPLETED,7.885,20,1
2026-08-14T16:53:03Z,MLOps: Vector Indexing,COMPLETED,8.521,20,1
2026-08-14T17:52:56Z,MLOps: Sentiment Enrichment,COMPLETED,7.767,21,1
2026-08-14T17:53:04Z,MLOps: Vector Indexing,COMPLETED,8.542,21,1
2026-08-14T18:52:53Z,MLOps: Sentiment Enrichment,COMPLETED,7.652,22,1
2026-08-14T18:53:00Z,MLOps: Vector Indexing,COMPLETED,8.613,22,1
2026-08-14T19:52:54Z,MLOps: Sentiment Enrichment,COMPLETED,7.380,18,1
2026-08-14T19:53:01Z,MLOps: Vector Indexing,COMPLETED,8.540,18,1
2026-08-14T20:52:53Z,MLOps: Sentiment Enrichment,COMPLETED,7.294,16,1
2026-08-14T20:53:00Z,MLOps: Vector Indexing,COMPLETED,8.703,16,1
2026-08-14T21:52:53Z,MLOps: Sentiment Enrichment,COMPLETED,7.208,14,1
2026-08-14T21:53:00Z,MLOps: Vector Indexing,COMPLETED,8.328,14,1
2026-08-14T22:52:53Z,MLOps: Sentiment Enrichment,COMPLETED,7.204,14,1
2026-08-14T22:53:00Z,MLOps: Vector Indexing,COMPLETED,8.415,14,1
2026-08-14T23:52:53Z,MLOps: Sentiment Enrichment,COMPLETED,6.920,7,1
2026-08-14T23:53:00Z,MLOps: Vector Indexing,COMPLETED,8.434,7,1
2026-08-15T00:52:53Z,MLOps: Sentiment Enrichment,COMPLETED,7.413,22,1
2026-08-15T00:53:00Z,MLOps: Vector Indexing,COMPLETED,8.459,22,1
2026-08-15T01:52:52Z,MLOps: Sentiment Enrichment,COMPLETED,7.715,27,1
2026-08-15T01:53:00Z,MLOps: Vector Indexing,COMPLETED,8.497,27,1
2026-08-15T02:52:52Z,MLOps: Sentiment Enrichment,COMPLETED,8.431,39,1
2026-08-15T02:53:01Z,MLOps: Vector Indexing,COMPLETED,8.546,39,1
2026-08-15T03:52:54Z,MLOps: Sentiment Enrichment,COMPLETED,7.394,19,1
2026-08-15T03:53:01Z,MLOps: Vector Indexing,COMPLETED,8.498,19,1
2026-08-15T04:52:53Z,MLOps: Sentiment Enrichment,COMPLETED,6.743,4,1
2026-08-15T04:52:59Z,MLOps: Vector Indexing,COMPLETED,8.439,4,1
2026-08-15T05:52:53Z,MLOps: Sentiment Enrichment,COMPLETED,7.255,15,1
2026-08-15T05:53:00Z,MLOps: Vector Indexing,COMPLETED,8.250,15,1
2026-08-15T06:52:53Z,MLOps: Sentiment Enrichment,COMPLETED,7.049,17,1
2026-08-15T06:53:00Z,MLOps: Vector Indexing,COMPLETED,8.342,17,1
2026-08-15T07:52:52Z,MLOps: Sentiment Enrichment,COMPLETED,7.551,25,1
2026-08-15T07:53:00Z,MLOps: Vector Indexing,COMPLETED,8.504,25,1
2026-08-15T08:52:52Z,MLOps: Sentiment Enrichment,COMPLETED,7.461,21,1
2026-08-15T08:53:00Z,MLOps: Vector Indexing,COMPLETED,8.541,21,1
2026-08-15T09:52:53Z,MLOps: Sentiment Enrichment,COMPLETED,7.081,14,1
2026-08-15T09:53:00Z,MLOps: Vector Indexing,COMPLETED,8.379,14,1
2026-08-15T10:52:53Z,MLOps: Sentiment Enrichment,COMPLETED,7.496,25,1
2026-08-15T10:53:00Z,MLOps: Vector Indexing,COMPLETED,8.443,25,1
2026-08-15T11:52:53Z,MLOps: Sentiment Enrichment,COMPLETED,8.332,36,1
2026-08-15T11:53:01Z,MLOps: Vector Indexing,COMPLETED,8.602,36,1
2026-08-15T12:52:53Z,MLOps: Sentiment Enrichment,COMPLETED,7.324,20,1
2026-08-15T12:53:01Z,MLOps: Vector Indexing,COMPLETED,8.430,20,1
2026-08-15T13:52:53Z,MLOps: Sentiment Enrichment,COMPLETED,7.828,28,1
2026-08-15T13:53:00Z,MLOps: Vector Indexing,COMPLETED,8.544,28,1
2026-08-15T14:52:54Z,MLOps: Sentiment Enrichment,COMPLETED,7.651,22,1
2026-08-15T14:53:02Z,MLOps: Vector Indexing,COMPLETED,8.554,22,1
2026-08-15T15:52:53Z,MLOps: Sentiment Enrichment,COMPLETED,7.079,13,1
2026-08-15T15:53:00Z,MLOps: Vector Indexing,COMPLETED,8.419,13,1
2026-08-15T16:52:52Z,MLOps: Sentiment Enrichment,COMPLETED,6.879,8,1
2026-08-15T16:52:59Z,MLOps: Vector Indexing,COMPLETED,8.431,8,1
2026-08-15T17:52:55Z,MLOps: Sentiment Enrichment,COMPLETED,6.854,7,1
2026-08-15T17:53:02Z,MLOps: Vector Indexing,COMPLETED,8.267,7,1
2026-08-15T18:52:53Z,MLOps: Sentiment Enrichment,COMPLETED,6.926,12,1
2026-08-15T18:53:00Z,MLOps: Vector Indexing,COMPLETED,8.525,12,1
2026-08-15T19:52:53Z,MLOps: Sentiment Enrichment,COMPLETED,7.582,17,1
2026-08-15T19:53:01Z,MLOps: Vector Indexing,COMPLETED,8.347,17,1
2026-08-15T20:52:53Z,MLOps: Sentiment Enrichment,COMPLETED,7.131,13,1
2026-08-15T20:53:00Z,MLOps: Vector Indexing,COMPLETED,8.523,13,1
2026-08-15T21:52:52Z,MLOps: Sentiment Enrichment,COMPLETED,7.510,21,1
2026-08-15T21:53:00Z,MLOps: Vector Indexing,COMPLETED,8.569,21,1
2026-08-15T22:52:52Z,MLOps: Sentiment Enrichment,COMPLETED,6.863,8,1
2026-08-15T22:52:59Z,MLOps: Vector Indexing,COMPLETED,8.326,8,1
2026-08-15T23:52:54Z,MLOps: Sentiment Enrichment,COMPLETED,7.197,13,1
2026-08-15T23:53:01Z,MLOps: Vector Indexing,COMPLETED,8.461,13,1
2026-08-16T00:52:55Z,MLOps: Sentiment Enrichment,COMPLETED,7.330,16,1
2026-08-16T00:53:02Z,MLOps: Vector Indexing,COMPLETED,8.314,16,1
2026-08-16T01:52:53Z,MLOps: Sentiment Enrichment,COMPLETED,7.460,23,1
2026-08-16T01:53:00Z,MLOps: Vector Indexing,COMPLETED,8.449,23,1
2026-08-16T02:52:52Z,MLOps: Sentiment Enrichment,COMPLETED,6.816,12,1
2026-08-16T02:52:59Z,MLOps: Vector Indexing,COMPLETED,8.523,12,1
2026-08-16T03:52:54Z,MLOps: Sentiment Enrichment,COMPLETED,6.777,12,1
2026-08-16T03:53:00Z,MLOps: Vector Indexing,COMPLETED,8.514,12,1
2026-08-16T04:52:53Z,MLOps: Sentiment Enrichment,COMPLETED,7.078,15,1
2026-08-16T04:53:00Z,MLOps: Vector Indexing,COMPLETED,8.487,15,1
2026-08-16T05:52:53Z,MLOps: Sentiment Enrichment,COMPLETED,7.068,12,1
2026-08-16T05:53:00Z,MLOps: Vector Indexing,COMPLETED,9.102,12,1
2026-08-16T06:52:53Z,MLOps: Sentiment Enrichment,COMPLETED,7.380,16,1
2026-08-16T06:53:00Z,MLOps: Vector Indexing,COMPLETED,8.671,16,1
2026-08-16T07:52:52Z,MLOps: Sentiment Enrichment,COMPLETED,6.899,6,1
2026-08-16T07:52:59Z,MLOps: Vector Indexing,COMPLETED,8.421,6,1
2026-08-16T08:52:53Z,MLOps: Sentiment Enrichment,COMPLETED,7.006,8,1
2026-08-16T08:53:00Z,MLOps: Vector Indexing,COMPLETED,8.570,8,1
2026-08-16T09:52:52Z,MLOps: Sentiment Enrichment,COMPLETED,6.992,11,1
2026-08-16T09:52:59Z,MLOps: Vector Indexing,COMPLETED,8.645,11,1
2026-08-16T10:52:53Z,MLOps: Sentiment Enrichment,COMPLETED,7.023,11,1
2026-08-16T10:53:00Z,MLOps: Vector Indexing,COMPLETED,8.411,11,1
2026-08-16T11:52:53Z,MLOps: Sentiment Enrichment,COMPLETED,6.722,9,1
2026-08-16T11:53:00Z,MLOps: Vector Indexing,COMPLETED,8.429,9,1
2026-08-16T12:52:52Z,MLOps: Sentiment Enrichment,COMPLETED,7.080,10,1
2026-08-16T12:52:59Z,MLOps: Vector Indexing,COMPLETED,8.503,10,1
2026-08-16T13:52:53Z,MLOps: Sentiment Enrichment,COMPLETED,6.698,6,1
2026-08-16T13:53:00Z,MLOps: Vector Indexing,COMPLETED,8.329,6,1
2026-08-16T14:52:53Z,MLOps: Sentiment Enrichment,COMPLETED,6.737,5,1
2026-08-16T14:53:00Z,MLOps: Vector Indexing,COMPLETED,8.426,5,1
2026-08-16T15:52:53Z,MLOps: Sentiment Enrichment,COMPLETED,7.243,15,1
2026-08-16T15:53:00Z,MLOps: Vector Indexing,COMPLETED,8.731,15,1
2026-08-16T16:52:53Z,MLOps: Sentiment Enrichment,COMPLETED,7.092,14,1
2026-08-16T16:53:00Z,MLOps: Vector Indexing,COMPLETED,8.460,14,1
2026-08-16T17:52:52Z,MLOps: Sentiment Enrichment,COMPLETED,7.045,11,1
2026-08-16T17:52:59Z,MLOps: Vector Indexing,COMPLETED,8.585,11,1
2026-08-16T18:52:53Z,MLOps: Sentiment Enrichment,COMPLETED,7.010,9,1
2026-08-16T18:53:00Z,MLOps: Vector Indexing,COMPLETED,8.464,9,1
2026-08-16T19:52:52Z,MLOps: Sentiment Enrichment,COMPLETED,7.206,17,1
2026-08-16T19:53:00Z,MLOps: Vector Indexing,COMPLETED,8.526,17,1
2026-08-16T20:52:53Z,MLOps: Sentiment Enrichment,COMPLETED,7.043,12,1
2026-08-16T20:53:00Z,MLOps: Vector Indexing,COMPLETED,8.499,12,1
2026-08-16T21:52:53Z,MLOps: Sentiment Enrichment,COMPLETED,7.080,15,1
2026-08-16T21:53:00Z,MLOps: Vector Indexing,COMPLETED,8.504,15,1
2026-08-16T22:52:53Z,MLOps: Sentiment Enrichment,COMPLETED,6.928,11,1
2026-08-16T22:52:59Z,MLOps: Vector Indexing,COMPLETED,8.444,11,1
2026-08-16T23:52:52Z,MLOps: Sentiment Enrichment,COMPLETED,6.523,8,1
2026-08-16T23:52:59Z,MLOps: Vector Indexing,COMPLETED,8.346,8,1
2026-08-17T00:52:53Z,MLOps: Sentiment Enrichment,COMPLETED,6.492,6,1
2026-08-17T00:52:59Z,MLOps: Vector Indexing,COMPLETED,8.323,6,1
2026-08-17T01:52:53Z,MLOps: Sentiment Enrichment,COMPLETED,6.885,10,1
2026-08-17T01:53:00Z,MLOps: Vector Indexing,COMPLETED,8.520,10,1
2026-08-17T02:52:52Z,MLOps: Sentiment Enrichment,COMPLETED,7.018,9,1
2026-08-17T02:52:59Z,MLOps: Vector Indexing,COMPLETED,8.528,9,1
2026-08-17T03:52:53Z,MLOps: Sentiment Enrichment,COMPLETED,4.641,0,0
2026-08-17T03:52:58Z,MLOps: Vector Indexing,COMPLETED,1.554,0,0
2026-08-17T04:52:53Z,MLOps: Sentiment Enrichment,COMPLETED,6.428,2,1
2026-08-17T04:52:59Z,MLOps: Vector Indexing,COMPLETED,8.325,2,1
2026-08-17T05:52:53Z,MLOps: Sentiment Enrichment,COMPLETED,6.494,2,1
2026-08-17T05:53:00Z,MLOps: Vector Indexing,COMPLETED,8.316,2,1
2026-08-17T06:52:53Z,MLOps: Sentiment Enrichment,COMPLETED,6.421,5,1
2026-08-17T06:52:59Z,MLOps: Vector Indexing,COMPLETED,8.507,5,1
2026-08-17T07:52:53Z,MLOps: Sentiment Enrichment,COMPLETED,6.471,2,1
2026-08-17T07:53:00Z,MLOps: Vector Indexing,COMPLETED,8.563,2,1
2026-08-17T08:52:53Z,MLOps: Sentiment Enrichment,COMPLETED,6.456,2,1
2026-08-17T08:52:59Z,MLOps: Vector Indexing,COMPLETED,8.394,2,1
2026-08-17T09:52:52Z,MLOps: Sentiment Enrichment,COMPLETED,7.953,31,1
2026-08-17T09:53:00Z,MLOps: Vector Indexing,COMPLETED,8.640,31,1
2026-08-17T10:52:53Z,MLOps: Sentiment Enrichment,COMPLETED,7.878,28,1
2026-08-17T10:53:01Z,MLOps: Vector Indexing,COMPLETED,8.829,28,1
2026-08-17T11:52:52Z,MLOps: Sentiment Enrichment,COMPLETED,7.459,25,1
2026-08-17T11:53:00Z,MLOps: Vector Indexing,COMPLETED,8.643,25,1
2026-08-17T12:52:53Z,MLOps: Sentiment Enrichment,COMPLETED,8.299,32,1
2026-08-17T12:53:01Z,MLOps: Vector Indexing,COMPLETED,8.777,32,1
2026-08-17T13:52:53Z,MLOps: Sentiment Enrichment,COMPLETED,8.063,33,1
2026-08-17T13:53:01Z,MLOps: Vector Indexing,COMPLETED,8.688,33,1
2026-08-17T14:52:53Z,MLOps: Sentiment Enrichment,COMPLETED,8.536,34,1
2026-08-17T14:53:01Z,MLOps: Vector Indexing,COMPLETED,8.580,34,1
2026-08-17T15:52:52Z,MLOps: Sentiment Enrichment,COMPLETED,8.268,34,1
2026-08-17T15:53:01Z,MLOps: Vector Indexing,COMPLETED,8.841,34,1
2026-08-17T16:52:53Z,MLOps: Sentiment Enrichment,COMPLETED,8.287,31,1
2026-08-17T16:53:01Z,MLOps: Vector Indexing,COMPLETED,8.794,31,1
2026-08-17T17:52:53Z,MLOps: Sentiment Enrichment,COMPLETED,8.123,33,1
2026-08-17T17:53:01Z,MLOps: Vector Indexing,COMPLETED,8.612,33,1
2026-08-17T18:52:52Z,MLOps: Sentiment Enrichment,COMPLETED,8.254,37,1
2026-08-17T18:53:01Z,MLOps: Vector Indexing,COMPLETED,8.622,37,1
2026-08-17T19:52:57Z,MLOps: Sentiment Enrichment,COMPLETED,7.243,15,1
2026-08-17T19:53:04Z,MLOps: Vector Indexing,COMPLETED,8.498,15,1
2026-08-17T20:52:54Z,MLOps: Sentiment Enrichment,COMPLETED,7.034,11,1
2026-08-17T20:53:01Z,MLOps: Vector Indexing,COMPLETED,8.507,11,1
2026-08-17T21:52:53Z,MLOps: Sentiment Enrichment,COMPLETED,7.032,12,1
2026-08-17T21:53:00Z,MLOps: Vector Indexing,COMPLETED,8.369,12,1
2026-08-17T22:52:53Z,MLOps: Sentiment Enrichment,COMPLETED,7.003,9,1
2026-08-17T22:53:00Z,MLOps: Vector Indexing,COMPLETED,8.374,9,1
2026-08-17T23:52:53Z,MLOps: Sentiment Enrichment,COMPLETED,6.539,5,1
2026-08-17T23:52:59Z,MLOps: Vector Indexing,COMPLETED,8.343,5,1
2026-08-18T00:52:53Z,MLOps: Sentiment Enrichment,COMPLETED,6.827,6,1
2026-08-18T00:53:00Z,MLOps: Vector Indexing,COMPLETED,8.614,6,1
2026-08-18T01:52:52Z,MLOps: Sentiment Enrichment,COMPLETED,6.860,9,1
2026-08-18T01:52:59Z,MLOps: Vector Indexing,COMPLETED,8.604,9,1
2026-08-18T02:52:53Z,MLOps: Sentiment Enrichment,COMPLETED,6.447,2,1
2026-08-18T02:53:00Z,MLOps: Vector Indexing,COMPLETED,8.451,2,1
2026-08-18T03:52:53Z,MLOps: Sentiment Enrichment,COMPLETED,6.607,3,1
2026-08-18T03:53:00Z,MLOps: Vector Indexing,COMPLETED,8.279,3,1
2026-08-18T04:52:53Z,MLOps: Sentiment Enrichment,COMPLETED,6.489,4,1
2026-08-18T04:53:00Z,MLOps: Vector Indexing,COMPLETED,8.417,4,1
2026-08-18T05:52:53Z,MLOps: Sentiment Enrichment,COMPLETED,6.564,1,1
2026-08-18T05:52:59Z,MLOps: Vector Indexing,COMPLETED,8.313,1,1
2026-08-18T06:52:53Z,MLOps: Sentiment Enrichment,COMPLETED,6.667,3,1
2026-08-18T06:53:00Z,MLOps: Vector Indexing,COMPLETED,8.419,3,1
2026-08-18T07:52:53Z,MLOps: Sentiment Enrichment,COMPLETED,6.613,5,1
2026-08-18T07:53:00Z,MLOps: Vector Indexing,COMPLETED,8.467,5,1
2026-08-18T08:52:53Z,MLOps: Sentiment Enrichment,COMPLETED,6.506,1,1
2026-08-18T08:52:59Z,MLOps: Vector Indexing,COMPLETED,8.093,1,1
2026-08-18T09:52:53Z,MLOps: Sentiment Enrichment,COMPLETED,7.826,27,1
2026-08-18T09:53:01Z,MLOps: Vector Indexing,COMPLETED,8.628,27,1
2026-08-18T10:52:53Z,MLOps: Sentiment Enrichment,COMPLETED,7.767,28,1
2026-08-18T10:53:01Z,MLOps: Vector Indexing,COMPLETED,8.487,28,1
2026-08-18T11:52:53Z,MLOps: Sentiment Enrichment,COMPLETED,7.653,23,1
2026-08-18T11:53:01Z,MLOps: Vector Indexing,COMPLETED,8.813,23,1
2026-08-18T12:52:53Z,MLOps: Sentiment Enrichment,COMPLETED,8.038,30,1
2026-08-18T12:53:01Z,MLOps: Vector Indexing,COMPLETED,8.578,30,1
2026-08-18T13:52:53Z,MLOps: Sentiment Enrichment,COMPLETED,7.882,27,1
2026-08-18T13:53:01Z,MLOps: Vector Indexing,COMPLETED,8.632,27,1
2026-08-18T14:52:53Z,MLOps: Sentiment Enrichment,COMPLETED,7.898,31,1
2026-08-18T14:53:01Z,MLOps: Vector Indexing,COMPLETED,8.680,31,1
2026-08-18T15:52:53Z,MLOps: Sentiment Enrichment,COMPLETED,7.822,27,1
2026-08-18T15:53:01Z,MLOps: Vector Indexing,COMPLETED,8.713,27,1
2026-08-18T16:52:53Z,MLOps: Sentiment Enrichment,COMPLETED,7.567,24,1
2026-08-18T16:53:00Z,MLOps: Vector Indexing,COMPLETED,8.470,24,1
2026-08-18T17:52:53Z,MLOps: Sentiment Enrichment,COMPLETED,7.969,25,1
2026-08-18T17:53:01Z,MLOps: Vector Indexing,COMPLETED,8.762,25,1
2026-08-18T18:52:53Z,MLOps: Sentiment Enrichment,COMPLETED,7.089,17,1
2026-08-18T18:53:00Z,MLOps: Vector Indexing,COMPLETED,8.684,17,1
2026-08-18T19:52:52Z,MLOps: Sentiment Enrichment,COMPLETED,7.218,19,1
2026-08-18T19:53:00Z,MLOps: Vector Indexing,COMPLETED,8.366,19,1
2026-08-18T20:52:57Z,MLOps: Sentiment Enrichment,COMPLETED,7.055,12,1
2026-08-18T20:53:04Z,MLOps: Vector Indexing,COMPLETED,8.514,12,1
2026-08-18T21:52:52Z,MLOps: Sentiment Enrichment,COMPLETED,7.025,12,1
2026-08-18T21:52:59Z,MLOps: Vector Indexing,COMPLETED,8.274,12,1
2026-08-18T22:52:53Z,MLOps: Sentiment Enrichment,COMPLETED,6.997,17,1
2026-08-18T22:53:00Z,MLOps: Vector Indexing,COMPLETED,8.333,17,1
2026-08-18T23:52:53Z,MLOps: Sentiment Enrichment,COMPLETED,7.235,18,1
2026-08-18T23:53:01Z,MLOps: Vector Indexing,COMPLETED,8.414,18,1
2026-08-19T00:52:53Z,MLOps: Sentiment Enrichment,COMPLETED,7.044,12,1
2026-08-19T00:53:00Z,MLOps: Vector Indexing,COMPLETED,8.260,12,1
2026-08-19T01:52:53Z,MLOps: Sentiment Enrichment,COMPLETED,6.760,10,1
2026-08-19T01:53:00Z,MLOps: Vector Indexing,COMPLETED,8.322,10,1
2026-08-19T02:52:53Z,MLOps: Sentiment Enrichment,COMPLETED,6.734,10,1
2026-08-19T02:53:00Z,MLOps: Vector Indexing,COMPLETED,8.366,10,1
2026-08-19T03:52:53Z,MLOps: Sentiment Enrichment,COMPLETED,6.890,11,1
2026-08-19T03:53:00Z,MLOps: Vector Indexing,COMPLETED,8.358,11,1
2026-08-19T04:52:53Z,MLOps: Sentiment Enrichment,COMPLETED,7.149,15,1
2026-08-19T04:53:00Z,MLOps: Vector Indexing,COMPLETED,8.312,15,1
2026-08-19T05:52:52Z,MLOps: Sentiment Enrichment,COMPLETED,7.585,27,1
2026-08-19T05:53:00Z,MLOps: Vector Indexing,COMPLETED,8.154,27,1
2026-08-19T06:52:53Z,MLOps: Sentiment Enrichment,COMPLETED,7.759,26,1
2026-08-19T06:53:01Z,MLOps: Vector Indexing,COMPLETED,8.786,26,1
2026-08-19T07:52:56Z,MLOps: Sentiment Enrichment,COMPLETED,7.955,21,1
2026-08-19T07:53:04Z,MLOps: Vector Indexing,COMPLETED,8.359,21,1
2026-08-19T08:52:53Z,MLOps: Sentiment Enrichment,COMPLETED,7.486,21,1
2026-08-19T08:53:00Z,MLOps: Vector Indexing,COMPLETED,8.467,21,1
2026-08-19T09:52:55Z,MLOps: Sentiment Enrichment,COMPLETED,7.162,16,1
2026-08-19T09:53:02Z,MLOps: Vector Indexing,COMPLETED,8.402,16,1
2026-08-19T10:52:55Z,MLOps: Sentiment Enrichment,COMPLETED,7.640,18,1
2026-08-19T10:53:03Z,MLOps: Vector Indexing,COMPLETED,8.862,18,1
2026-08-19T11:52:53Z,MLOps: Sentiment Enrichment,COMPLETED,7.456,20,1
2026-08-19T11:53:01Z,MLOps: Vector Indexing,COMPLETED,8.672,20,1
2026-08-19T12:52:53Z,MLOps: Sentiment Enrichment,COMPLETED,8.279,37,1
2026-08-19T12:53:01Z,MLOps: Vector Indexing,COMPLETED,8.539,37,1
2026-08-19T13:52:56Z,MLOps: Sentiment Enrichment,COMPLETED,7.848,25,1
2026-08-19T13:53:04Z,MLOps: Vector Indexing,COMPLETED,8.380,25,1
2026-08-19T14:52:55Z,MLOps: Sentiment Enrichment,COMPLETED,7.224,21,1
2026-08-19T14:53:02Z,MLOps: Vector Indexing,COMPLETED,8.229,21,1
2026-08-19T15:52:53Z,MLOps: Sentiment Enrichment,COMPLETED,7.240,20,1
2026-08-19T15:53:00Z,MLOps: Vector Indexing,COMPLETED,8.564,20,1
2026-08-19T16:52:53Z,MLOps: Sentiment Enrichment,COMPLETED,7.446,23,1
2026-08-19T16:53:01Z,MLOps: Vector Indexing,COMPLETED,8.575,23,1
2026-08-19T17:52:53Z,MLOps: Sentiment Enrichment,COMPLETED,7.248,18,1
2026-08-19T17:53:00Z,MLOps: Vector Indexing,COMPLETED,8.453,18,1
2026-08-19T18:52:53Z,MLOps: Sentiment Enrichment,COMPLETED,7.437,19,1
2026-08-19T18:53:00Z,MLOps: Vector Indexing,COMPLETED,8.501,19,1
2026-08-19T19:52:53Z,MLOps: Sentiment Enrichment,COMPLETED,7.189,13,1
2026-08-19T19:53:00Z,MLOps: Vector Indexing,COMPLETED,8.375,13,1
2026-08-19T20:52:53Z,MLOps: Sentiment Enrichment,COMPLETED,6.897,13,1
2026-08-19T20:53:00Z,MLOps: Vector Indexing,COMPLETED,8.398,13,1
2026-08-19T21:52:53Z,MLOps: Sentiment Enrichment,COMPLETED,7.237,15,1
2026-08-19T21:53:01Z,MLOps: Vector Indexing,COMPLETED,8.497,15,1
2026-08-19T22:52:53Z,MLOps: Sentiment Enrichment,COMPLETED,7.425,21,1
2026-08-19T22:53:00Z,MLOps: Vector Indexing,COMPLETED,8.334,21,1
2026-08-19T23:52:53Z,MLOps: Sentiment Enrichment,COMPLETED,7.305,19,1
2026-08-19T23:53:00Z,MLOps: Vector Indexing,COMPLETED,8.183,19,1
2026-08-20T00:52:52Z,MLOps: Sentiment Enrichment,COMPLETED,6.587,7,1
2026-08-20T00:52:59Z,MLOps: Vector Indexing,COMPLETED,8.406,7,1
2026-08-20T01:52:53Z,MLOps: Sentiment Enrichment,COMPLETED,6.565,7,1
2026-08-20T01:53:00Z,MLOps: Vector Indexing,COMPLETED,8.277,7,1
2026-08-20T02:52:52Z,MLOps: Sentiment Enrichment,COMPLETED,6.544,8,1
2026-08-20T02:52:59Z,MLOps: Vector Indexing,COMPLETED,8.406,8,1
2026-08-20T03:52:53Z,MLOps: Sentiment Enrichment,COMPLETED,6.765,5,1
2026-08-20T03:53:00Z,MLOps: Vector Indexing,COMPLETED,8.280,5,1
2026-08-20T04:52:53Z,MLOps: Sentiment Enrichment,COMPLETED,7.455,20,1
2026-08-20T04:53:00Z,MLOps: Vector Indexing,COMPLETED,8.431,20,1
2026-08-20T05:52:53Z,MLOps: Sentiment Enrichment,COMPLETED,7.610,28,1
2026-08-20T05:53:01Z,MLOps: Vector Indexing,COMPLETED,8.457,28,1
2026-08-20T06:52:53Z,MLOps: Sentiment Enrichment,COMPLETED,7.213,20,1
2026-08-20T06:53:00Z,MLOps: Vector Indexing,COMPLETED,8.495,20,1
2026-08-20T07:52:56Z,MLOps: Sentiment Enrichment,COMPLETED,7.824,28,1
2026-08-20T07:53:03Z,MLOps: Vector Indexing,COMPLETED,8.482,28,1
2026-08-20T08:52:52Z,MLOps: Sentiment Enrichment,COMPLETED,7.055,18,1
2026-08-20T08:52:59Z,MLOps: Vector Indexing,COMPLETED,8.346,18,1
2026-08-20T09:52:53Z,MLOps: Sentiment Enrichment,COMPLETED,7.190,19,1
2026-08-20T09:53:00Z,MLOps: Vector Indexing,COMPLETED,8.518,19,1
2026-08-20T10:52:53Z,MLOps: Sentiment Enrichment,COMPLETED,7.799,28,1
2026-08-20T10:53:01Z,MLOps: Vector Indexing,COMPLETED,8.705,28,1
2026-08-20T11:52:53Z,MLOps: Sentiment Enrichment,COMPLETED,7.298,17,1
2026-08-20T11:53:00Z,MLOps: Vector Indexing,COMPLETED,8.537,17,1
2026-08-20T12:52:52Z,MLOps: Sentiment Enrichment,COMPLETED,6.888,11,1
2026-08-20T12:52:59Z,MLOps: Vector Indexing,COMPLETED,8.292,11,1
2026-08-20T13:52:52Z,MLOps: Sentiment Enrichment,COMPLETED,7.591,23,1
2026-08-20T13:53:00Z,MLOps: Vector Indexing,COMPLETED,8.643,23,1
2026-08-20T14:52:53Z,MLOps: Sentiment Enrichment,COMPLETED,7.781,27,1
2026-08-20T14:53:01Z,MLOps: Vector Indexing,COMPLETED,8.395,27,1
2026-08-20T15:52:53Z,MLOps: Sentiment Enrichment,COMPLETED,8.204,34,1
2026-08-20T15:53:01Z,MLOps: Vector Indexing,COMPLETED,8.689,34,1
2026-08-20T16:52:52Z,MLOps: Sentiment Enrichment,COMPLETED,7.237,22,1
2026-08-20T16:53:00Z,MLOps: Vector Indexing,COMPLETED,8.323,22,1
2026-08-20T17:52:52Z,MLOps: Sentiment Enrichment,COMPLETED,7.061,17,1
2026-08-20T17:52:59Z,MLOps: Vector Indexing,COMPLETED,8.438,17,1
2026-08-20T18:52:52Z,MLOps: Sentiment Enrichment,COMPLETED,7.451,15,1
2026-08-20T18:53:00Z,MLOps: Vector Indexing,COMPLETED,8.452,15,1
2026-08-20T19:52:53Z,MLOps: Sentiment Enrichment,COMPLETED,7.215,14,1
2026-08-20T19:53:00Z,MLOps: Vector Indexing,COMPLETED,8.422,14,1
2026-08-20T20:52:52Z,MLOps: Sentiment Enrichment,COMPLETED,7.079,17,1
2026-08-20T20:53:00Z,MLOps: Vector Indexing,COMPLETED,8.490,17,1
2026-08-20T21:52:52Z,MLOps: Sentiment Enrichment,COMPLETED,6.831,8,1
2026-08-20T21:52:59Z,MLOps: Vector Indexing,COMPLETED,8.578,8,1
2026-08-20T22:52:52Z,MLOps: Sentiment Enrichment,COMPLETED,7.092,17,1
2026-08-20T22:52:59Z,MLOps: Vector Indexing,COMPLETED,8.414,17,1
2026-08-20T23:52:53Z,MLOps: Sentiment Enrichment,COMPLETED,6.817,13,1
2026-08-20T23:53:00Z,MLOps: Vector Indexing,COMPLETED,8.139,13,1
2026-08-21T00:52:53Z,MLOps: Sentiment Enrichment,COMPLETED,6.748,9,1
2026-08-21T00:52:59Z,MLOps: Vector Indexing,COMPLETED,8.443,9,1
2026-08-21T01:52:53Z,MLOps: Sentiment Enrichment,COMPLETED,6.658,8,1
2026-08-21T01:52:59Z,MLOps: Vector Indexing,COMPLETED,8.228,8,1
2026-08-21T02:52:54Z,MLOps: Sentiment Enrichment,COMPLETED,6.840,10,1
2026-08-21T02:53:01Z,MLOps: Vector Indexing,COMPLETED,8.417,10,1
2026-08-21T03:52:54Z,MLOps: Sentiment Enrichment,COMPLETED,6.744,11,1
2026-08-21T03:53:00Z,MLOps: Vector Indexing,COMPLETED,8.370,11,1
2026-08-21T04:52:52Z,MLOps: Sentiment Enrichment,COMPLETED,7.012,12,1
2026-08-21T04:52:59Z,MLOps: Vector Indexing,COMPLETED,8.468,12,1
2026-08-21T05:52:52Z,MLOps: Sentiment Enrichment,COMPLETED,7.611,24,1
2026-08-21T05:53:00Z,MLOps: Vector Indexing,COMPLETED,8.353,24,1
2026-08-21T06:52:52Z,MLOps: Sentiment Enrichment,COMPLETED,7.270,23,1
2026-08-21T06:52:59Z,MLOps: Vector Indexing,COMPLETED,8.265,23,1
2026-08-21T07:52:53Z,MLOps: Sentiment Enrichment,COMPLETED,7.678,28,1
2026-08-21T07:53:00Z,MLOps: Vector Indexing,COMPLETED,8.328,28,1
2026-08-21T08:52:52Z,MLOps: Sentiment Enrichment,COMPLETED,7.617,27,1
2026-08-21T08:53:00Z,MLOps: Vector Indexing,COMPLETED,8.403,27,1
2026-08-21T09:52:53Z,MLOps: Sentiment Enrichment,COMPLETED,7.382,19,1
2026-08-21T09:53:01Z,MLOps: Vector Indexing,COMPLETED,8.475,19,1
2026-08-21T10:52:52Z,MLOps: Sentiment Enrichment,COMPLETED,7.953,29,1
2026-08-21T10:53:00Z,MLOps: Vector Indexing,COMPLETED,8.514,29,1
2026-08-21T11:52:53Z,MLOps: Sentiment Enrichment,COMPLETED,7.057,20,1
2026-08-21T11:53:00Z,MLOps: Vector Indexing,COMPLETED,8.332,20,1
2026-08-21T12:52:53Z,MLOps: Sentiment Enrichment,COMPLETED,7.027,14,1
2026-08-21T12:53:00Z,MLOps: Vector Indexing,COMPLETED,8.391,14,1
2026-08-21T13:52:53Z,MLOps: Sentiment Enrichment,COMPLETED,7.203,13,1
2026-08-21T13:53:00Z,MLOps: Vector Indexing,COMPLETED,8.568,13,1
2026-08-21T14:52:53Z,MLOps: Sentiment Enrichment,COMPLETED,7.133,15,1
2026-08-21T14:53:00Z,MLOps: Vector Indexing,COMPLETED,8.526,15,1
2026-08-21T15:52:52Z,MLOps: Sentiment Enrichment,COMPLETED,7.795,25,1
2026-08-21T15:53:00Z,MLOps: Vector Indexing,COMPLETED,8.651,25,1
2026-08-21T16:52:53Z,MLOps: Sentiment Enrichment,COMPLETED,7.351,21,1
2026-08-21T16:53:00Z,MLOps: Vector Indexing,COMPLETED,8.415,21,1
2026-08-21T17:52:53Z,MLOps: Sentiment Enrichment,COMPLETED,7.431,19,1
2026-08-21T17:53:00Z,MLOps: Vector Indexing,COMPLETED,8.490,19,1
2026-08-21T18:52:53Z,MLOps: Sentiment Enrichment,COMPLETED,7.311,17,1
2026-08-21T18:53:00Z,MLOps: Vector Indexing,COMPLETED,8.516,17,1
2026-08-21T19:52:53Z,MLOps: Sentiment Enrichment,COMPLETED,7.156,14,1
2026-08-21T19:53:00Z,MLOps: Vector Indexing,COMPLETED,8.388,14,1
2026-08-21T20:52:53Z,MLOps: Sentiment Enrichment,COMPLETED,7.991,28,1
2026-08-21T20:53:01Z,MLOps: Vector Indexing,COMPLETED,8.550,28,1
2026-08-21T21:52:53Z,MLOps: Sentiment Enrichment,COMPLETED,6.974,12,1
2026-08-21T21:53:00Z,MLOps: Vector Indexing,COMPLETED,8.421,12,1
2026-08-21T22:52:53Z,MLOps: Sentiment Enrichment,COMPLETED,6.627,7,1
2026-08-21T22:52:59Z,MLOps: Vector Indexing,COMPLETED,8.320,7,1
2026-08-21T23:52:53Z,MLOps: Sentiment Enrichment,COMPLETED,6.861,17,1
2026-08-21T23:53:00Z,MLOps: Vector Indexing,COMPLETED,8.297,17,1
2026-08-22T00:52:53Z,MLOps: Sentiment Enrichment,COMPLETED,7.192,21,1
2026-08-22T00:53:00Z,MLOps: Vector Indexing,COMPLETED,8.333,21,1
2026-08-22T01:52:55Z,MLOps: Sentiment Enrichment,COMPLETED,7.561,25,1
2026-08-22T01:53:02Z,MLOps: Vector Indexing,COMPLETED,8.292,25,1
2026-08-22T02:52:54Z,MLOps: Sentiment Enrichment,COMPLETED,7.295,22,1
2026-08-22T02:53:02Z,MLOps: Vector Indexing,COMPLETED,8.484,22,1
2026-08-22T03:52:53Z,MLOps: Sentiment Enrichment,COMPLETED,7.556,23,1
2026-08-22T03:53:01Z,MLOps: Vector Indexing,COMPLETED,8.416,23,1
2026-08-22T04:52:52Z,MLOps: Sentiment Enrichment,COMPLETED,6.446,3,1
2026-08-22T04:52:59Z,MLOps: Vector Indexing,COMPLETED,8.201,3,1
2026-08-22T05:52:52Z,MLOps: Sentiment Enrichment,COMPLETED,6.995,15,1
2026-08-22T05:52:59Z,MLOps: Vector Indexing,COMPLETED,8.270,15,1
2026-08-22T06:52:53Z,MLOps: Sentiment Enrichment,COMPLETED,7.296,19,1
2026-08-22T06:53:00Z,MLOps: Vector Indexing,COMPLETED,8.395,19,1
2026-08-22T07:52:52Z,MLOps: Sentiment Enrichment,COMPLETED,7.221,20,1
2026-08-22T07:53:00Z,MLOps: Vector Indexing,COMPLETED,8.361,20,1
2026-08-22T08:52:53Z,MLOps: Sentiment Enrichment,COMPLETED,7.391,19,1
2026-08-22T08:53:00Z,MLOps: Vector Indexing,COMPLETED,8.372,19,1
2026-08-22T09:52:52Z,MLOps: Sentiment Enrichment,COMPLETED,7.040,16,1
2026-08-22T09:52:59Z,MLOps: Vector Indexing,COMPLETED,8.454,16,1
2026-08-22T10:52:54Z,MLOps: Sentiment Enrichment,COMPLETED,7.413,22,1
2026-08-22T10:53:01Z,MLOps: Vector Indexing,COMPLETED,8.438,22,1
2026-08-22T11:52:53Z,MLOps: Sentiment Enrichment,COMPLETED,7.384,21,1
2026-08-22T11:53:00Z,MLOps: Vector Indexing,COMPLETED,8.484,21,1
2026-08-22T12:52:56Z,MLOps: Sentiment Enrichment,COMPLETED,7.489,24,1
2026-08-22T12:53:04Z,MLOps: Vector Indexing,COMPLETED,8.505,24,1
2026-08-22T13:52:53Z,MLOps: Sentiment Enrichment,COMPLETED,7.906,32,1
2026-08-22T13:53:01Z,MLOps: Vector Indexing,COMPLETED,8.331,32,1
2026-08-22T14:52:53Z,MLOps: Sentiment Enrichment,COMPLETED,7.531,22,1
2026-08-22T14:53:00Z,MLOps: Vector Indexing,COMPLETED,8.412,22,1
2026-08-22T15:52:53Z,MLOps: Sentiment Enrichment,COMPLETED,6.986,14,1
2026-08-22T15:52:59Z,MLOps: Vector Indexing,COMPLETED,8.440,14,1
2026-08-22T16:52:53Z,MLOps: Sentiment Enrichment,COMPLETED,7.342,18,1
2026-08-22T16:53:00Z,MLOps: Vector Indexing,COMPLETED,8.240,18,1
2026-08-22T17:52:53Z,MLOps: Sentiment Enrichment,COMPLETED,6.955,11,1
2026-08-22T17:52:59Z,MLOps: Vector Indexing,COMPLETED,8.494,11,1
2026-08-22T18:52:53Z,MLOps: Sentiment Enrichment,COMPLETED,7.342,17,1
2026-08-22T18:53:00Z,MLOps: Vector Indexing,COMPLETED,8.530,17,1
2026-08-22T19:52:52Z,MLOps: Sentiment Enrichment,COMPLETED,7.795,14,1
2026-08-22T19:53:00Z,MLOps: Vector Indexing,COMPLETED,8.670,14,1
2026-08-22T20:52:53Z,MLOps: Sentiment Enrichment,COMPLETED,7.105,12,1
2026-08-22T20:53:00Z,MLOps: Vector Indexing,COMPLETED,8.368,12,1
2026-08-22T21:52:53Z,MLOps: Sentiment Enrichment,COMPLETED,7.005,12,1
2026-08-22T21:53:00Z,MLOps: Vector Indexing,COMPLETED,8.511,12,1
2026-08-22T22:52:52Z,MLOps: Sentiment Enrichment,COMPLETED,6.606,7,1
2026-08-22T22:52:59Z,MLOps: Vector Indexing,COMPLETED,8.198,7,1
2026-08-22T23:52:53Z,MLOps: Sentiment Enrichment,COMPLETED,6.669,7,1
2026-08-22T23:52:59Z,MLOps: Vector Indexing,COMPLETED,8.416,7,1
2026-08-23T00:52:53Z,MLOps: Sentiment Enrichment,COMPLETED,7.194,20,1
2026-08-23T00:53:00Z,MLOps: Vector Indexing,COMPLETED,8.141,20,1
2026-08-23T01:52:53Z,MLOps: Sentiment Enrichment,COMPLETED,7.947,29,1
2026-08-23T01:53:01Z,MLOps: Vector Indexing,COMPLETED,8.353,29,1
2026-08-23T02:52:53Z,MLOps: Sentiment Enrichment,COMPLETED,7.642,26,1
2026-08-23T02:53:01Z,MLOps: Vector Indexing,COMPLETED,8.528,26,1
2026-08-23T03:52:53Z,MLOps: Sentiment Enrichment,COMPLETED,6.789,12,1
2026-08-23T03:53:00Z,MLOps: Vector Indexing,COMPLETED,8.218,12,1
2026-08-23T04:52:53Z,MLOps: Sentiment Enrichment,COMPLETED,7.207,19,1
2026-08-23T04:53:00Z,MLOps: Vector Indexing,COMPLETED,8.477,19,1
2026-08-23T05:52:52Z,MLOps: Sentiment Enrichment,COMPLETED,7.162,19,1
2026-08-23T05:52:59Z,MLOps: Vector Indexing,COMPLETED,8.300,19,1
2026-08-23T06:52:53Z,MLOps: Sentiment Enrichment,COMPLETED,7.143,13,1
2026-08-23T06:53:00Z,MLOps: Vector Indexing,COMPLETED,8.321,13,1
2026-08-23T07:52:57Z,MLOps: Sentiment Enrichment,COMPLETED,7.413,16,1
2026-08-23T07:53:04Z,MLOps: Vector Indexing,COMPLETED,8.262,16,1
2026-08-23T08:52:52Z,MLOps: Sentiment Enrichment,COMPLETED,7.354,17,1
2026-08-23T08:53:00Z,MLOps: Vector Indexing,COMPLETED,8.348,17,1
2026-08-23T09:52:53Z,MLOps: Sentiment Enrichment,COMPLETED,7.122,16,1
2026-08-23T09:53:00Z,MLOps: Vector Indexing,COMPLETED,8.354,16,1
2026-08-23T10:52:53Z,MLOps: Sentiment Enrichment,COMPLETED,7.234,18,1
2026-08-23T10:53:00Z,MLOps: Vector Indexing,COMPLETED,8.579,18,1
2026-08-23T11:52:55Z,MLOps: Sentiment Enrichment,COMPLETED,7.059,16,1
2026-08-23T11:53:02Z,MLOps: Vector Indexing,COMPLETED,8.459,16,1
2026-08-23T12:52:53Z,MLOps: Sentiment Enrichment,COMPLETED,6.599,9,1
2026-08-23T12:52:59Z,MLOps: Vector Indexing,COMPLETED,8.262,9,1
2026-08-23T13:52:53Z,MLOps: Sentiment Enrichment,COMPLETED,7.155,14,1
2026-08-23T13:53:00Z,MLOps: Vector Indexing,COMPLETED,8.389,14,1
2026-08-23T14:52:53Z,MLOps: Sentiment Enrichment,COMPLETED,7.004,12,1
2026-08-23T14:53:00Z,MLOps: Vector Indexing,COMPLETED,8.393,12,1
2026-08-23T15:52:54Z,MLOps: Sentiment Enrichment,COMPLETED,7.697,23,1
2026-08-23T15:53:02Z,MLOps: Vector Indexing,COMPLETED,8.391,23,1
2026-08-23T16:52:55Z,MLOps: Sentiment Enrichment,COMPLETED,6.967,12,1
2026-08-23T16:53:02Z,MLOps: Vector Indexing,COMPLETED,8.517,12,1
2026-08-23T17:52:53Z,MLOps: Sentiment Enrichment,COMPLETED,6.847,10,1
2026-08-23T17:53:00Z,MLOps: Vector Indexing,COMPLETED,8.265,10,1
2026-08-23T18:52:52Z,MLOps: Sentiment Enrichment,COMPLETED,7.433,19,1
2026-08-23T18:53:00Z,MLOps: Vector Indexing,COMPLETED,8.465,19,1
2026-08-23T19:52:52Z,MLOps: Sentiment Enrichment,COMPLETED,7.041,18,1
2026-08-23T19:52:59Z,MLOps: Vector Indexing,COMPLETED,8.522,18,1
2026-08-23T20:52:53Z,MLOps: Sentiment Enrichment,COMPLETED,7.156,17,1
2026-08-23T20:53:00Z,MLOps: Vector Indexing,COMPLETED,8.380,17,1
2026-08-23T21:52:53Z,MLOps: Sentiment Enrichment,COMPLETED,7.111,12,1
2026-08-23T21:53:00Z,MLOps: Vector Indexing,COMPLETED,8.454,12,1
2026-08-23T22:52:56Z,MLOps: Sentiment Enrichment,COMPLETED,7.100,13,1
2026-08-23T22:53:03Z,MLOps: Vector Indexing,COMPLETED,8.547,13,1
2026-08-23T23:52:53Z,MLOps: Sentiment Enrichment,COMPLETED,7.317,17,1
2026-08-23T23:53:00Z,MLOps: Vector Indexing,COMPLETED,8.336,17,1
2026-08-24T00:52:53Z,MLOps: Sentiment Enrichment,COMPLETED,6.838,10,1
2026-08-24T00:53:00Z,MLOps: Vector Indexing,COMPLETED,8.273,10,1
2026-08-24T01:52:53Z,MLOps: Sentiment Enrichment,COMPLETED,6.609,8,1
2026-08-24T01:52:59Z,MLOps: Vector Indexing,COMPLETED,8.200,8,1
2026-08-24T02:52:52Z,MLOps: Sentiment Enrichment,COMPLETED,6.491,2,1
2026-08-24T02:52:59Z,MLOps: Vector Indexing,COMPLETED,8.452,2,1
2026-08-24T03:52:55Z,MLOps: Sentiment Enrichment,COMPLETED,4.685,0,0
2026-08-24T03:53:00Z,MLOps: Vector Indexing,COMPLETED,1.508,0,0
2026-08-24T04:52:53Z,MLOps: Sentiment Enrichment,COMPLETED,6.796,10,1
2026-08-24T04:53:00Z,MLOps: Vector Indexing,COMPLETED,8.443,10,1
2026-08-24T05:52:52Z,MLOps: Sentiment Enrichment,COMPLETED,6.747,9,1
2026-08-24T05:52:59Z,MLOps: Vector Indexing,COMPLETED,8.232,9,1
2026-08-24T06:52:53Z,MLOps: Sentiment Enrichment,COMPLETED,6.602,4,1
2026-08-24T06:53:00Z,MLOps: Vector Indexing,COMPLETED,8.354,4,1
2026-08-24T07:52:53Z,MLOps: Sentiment Enrichment,COMPLETED,6.531,3,1
2026-08-24T07:53:00Z,MLOps: Vector Indexing,COMPLETED,8.412,3,1
2026-08-24T08:52:53Z,MLOps: Sentiment Enrichment,COMPLETED,6.429,2,1
2026-08-24T08:52:59Z,MLOps: Vector Indexing,COMPLETED,8.355,2,1
2026-08-24T09:52:53Z,MLOps: Sentiment Enrichment,COMPLETED,7.957,30,1
2026-08-24T09:53:01Z,MLOps: Vector Indexing,COMPLETED,8.419,30,1
2026-08-24T10:52:53Z,MLOps: Sentiment Enrichment,COMPLETED,7.695,26,1
2026-08-24T10:53:00Z,MLOps: Vector Indexing,COMPLETED,8.569,26,1
2026-08-24T11:52:53Z,MLOps: Sentiment Enrichment,COMPLETED,7.607,27,1
2026-08-24T11:53:00Z,MLOps: Vector Indexing,COMPLETED,8.378,27,1
2026-08-24T12:52:53Z,MLOps: Sentiment Enrichment,COMPLETED,7.845,29,1
2026-08-24T12:53:01Z,MLOps: Vector Indexing,COMPLETED,8.543,29,1
2026-08-24T13:52:52Z,MLOps: Sentiment Enrichment,COMPLETED,8.496,37,1
2026-08-24T13:53:01Z,MLOps: Vector Indexing,COMPLETED,8.636,37,1
2026-08-24T14:52:53Z,MLOps: Sentiment Enrichment,COMPLETED,8.344,34,1
2026-08-24T14:53:01Z,MLOps: Vector Indexing,COMPLETED,8.733,34,1
2026-08-24T15:52:53Z,MLOps: Sentiment Enrichment,COMPLETED,7.659,27,1
2026-08-24T15:53:00Z,MLOps: Vector Indexing,COMPLETED,8.375,27,1
2026-08-24T16:52:53Z,MLOps: Sentiment Enrichment,COMPLETED,7.991,30,1
2026-08-24T16:53:01Z,MLOps: Vector Indexing,COMPLETED,8.498,30,1
2026-08-24T17:52:53Z,MLOps: Sentiment Enrichment,COMPLETED,7.996,32,1
2026-08-24T17:53:01Z,MLOps: Vector Indexing,COMPLETED,8.624,32,1
2026-08-24T19:43:40Z,MLOps: Sentiment Enrichment,COMPLETED,17.169,112,1
2026-08-24T19:43:57Z,MLOps: Vector Indexing,COMPLETED,14.033,112,2
2026-08-24T20:43:39Z,MLOps: Sentiment Enrichment,COMPLETED,7.644,19,1
2026-08-24T20:43:47Z,MLOps: Vector Indexing,COMPLETED,9.951,19,1
2026-08-24T21:43:37Z,MLOps: Sentiment Enrichment,COMPLETED,7.187,14,1
2026-08-24T21:43:45Z,MLOps: Vector Indexing,COMPLETED,8.910,14,1
2026-08-24T22:43:38Z,MLOps: Sentiment Enrichment,COMPLETED,7.207,15,1
2026-08-24T22:43:45Z,MLOps: Vector Indexing,COMPLETED,8.367,15,1
2026-08-24T23:43:40Z,MLOps: Sentiment Enrichment,COMPLETED,6.385,4,1
2026-08-24T23:43:46Z,MLOps: Vector Indexing,COMPLETED,8.212,4,1
2026-08-25T00:43:38Z,MLOps: Sentiment Enrichment,COMPLETED,4.672,0,0
2026-08-25T00:43:43Z,MLOps: Vector Indexing,COMPLETED,1.535,0,0
2026-08-25T01:43:37Z,MLOps: Sentiment Enrichment,COMPLETED,6.335,4,1
2026-08-25T01:43:43Z,MLOps: Vector Indexing,COMPLETED,8.142,4,1
2026-08-25T02:43:37Z,MLOps: Sentiment Enrichment,COMPLETED,6.347,1,1
2026-08-25T02:43:43Z,MLOps: Vector Indexing,COMPLETED,8.246,1,1
2026-08-25T03:43:37Z,MLOps: Sentiment Enrichment,COMPLETED,6.314,1,1
2026-08-25T03:43:43Z,MLOps: Vector Indexing,COMPLETED,8.457,1,1
2026-08-25T04:43:37Z,MLOps: Sentiment Enrichment,COMPLETED,6.342,1,1
2026-08-25T04:43:44Z,MLOps: Vector Indexing,COMPLETED,8.235,1,1
2026-08-25T05:43:37Z,MLOps: Sentiment Enrichment,COMPLETED,6.495,6,1
2026-08-25T05:43:44Z,MLOps: Vector Indexing,COMPLETED,8.297,6,1
2026-08-25T06:43:37Z,MLOps: Sentiment Enrichment,COMPLETED,6.572,7,1
2026-08-25T06:43:44Z,MLOps: Vector Indexing,COMPLETED,8.355,7,1
2026-08-25T07:43:38Z,MLOps: Sentiment Enrichment,COMPLETED,6.277,2,1
2026-08-25T07:43:44Z,MLOps: Vector Indexing,COMPLETED,8.272,2,1
2026-08-25T08:43:37Z,MLOps: Sentiment Enrichment,COMPLETED,6.477,3,1
2026-08-25T08:43:44Z,MLOps: Vector Indexing,COMPLETED,8.353,3,1
2026-08-25T09:43:37Z,MLOps: Sentiment Enrichment,COMPLETED,7.550,23,1
2026-08-25T09:43:45Z,MLOps: Vector Indexing,COMPLETED,8.457,23,1
2026-08-25T10:43:38Z,MLOps: Sentiment Enrichment,COMPLETED,8.146,35,1
2026-08-25T10:43:46Z,MLOps: Vector Indexing,COMPLETED,8.560,35,1
2026-08-25T11:43:38Z,MLOps: Sentiment Enrichment,COMPLETED,8.019,32,1
2026-08-25T11:43:46Z,MLOps: Vector Indexing,COMPLETED,8.427,32,1
2026-08-25T12:43:38Z,MLOps: Sentiment Enrichment,COMPLETED,8.104,33,1
2026-08-25T12:43:46Z,MLOps: Vector Indexing,COMPLETED,8.588,33,1
2026-08-25T13:43:38Z,MLOps: Sentiment Enrichment,COMPLETED,7.516,20,1
2026-08-25T13:43:45Z,MLOps: Vector Indexing,COMPLETED,8.372,20,1
2026-08-25T14:43:37Z,MLOps: Sentiment Enrichment,COMPLETED,7.711,28,1
2026-08-25T14:43:45Z,MLOps: Vector Indexing,COMPLETED,8.562,28,1
2026-08-25T15:43:38Z,MLOps: Sentiment Enrichment,COMPLETED,7.643,24,1
2026-08-25T15:43:45Z,MLOps: Vector Indexing,COMPLETED,8.486,24,1
2026-08-25T16:43:38Z,MLOps: Sentiment Enrichment,COMPLETED,8.274,34,1
2026-08-25T16:43:46Z,MLOps: Vector Indexing,COMPLETED,8.839,34,1
2026-08-25T17:43:38Z,MLOps: Sentiment Enrichment,COMPLETED,7.724,29,1
2026-08-25T17:43:45Z,MLOps: Vector Indexing,COMPLETED,8.375,29,1
2026-08-25T18:43:38Z,MLOps: Sentiment Enrichment,COMPLETED,7.661,22,1
2026-08-25T18:43:46Z,MLOps: Vector Indexing,COMPLETED,8.466,22,1
2026-08-25T19:43:38Z,MLOps: Sentiment Enrichment,COMPLETED,7.569,25,1
2026-08-25T19:43:46Z,MLOps: Vector Indexing,COMPLETED,8.588,25,1
2026-08-25T20:43:38Z,MLOps: Sentiment Enrichment,COMPLETED,7.272,19,1
2026-08-25T20:43:45Z,MLOps: Vector Indexing,COMPLETED,8.735,19,1
2026-08-25T21:43:38Z,MLOps: Sentiment Enrichment,COMPLETED,7.177,20,1
2026-08-25T21:43:45Z,MLOps: Vector Indexing,COMPLETED,8.662,20,1
2026-08-25T22:43:37Z,MLOps: Sentiment Enrichment,COMPLETED,7.164,18,1
2026-08-25T22:43:45Z,MLOps: Vector Indexing,COMPLETED,8.532,18,1
2026-08-25T23:43:38Z,MLOps: Sentiment Enrichment,COMPLETED,7.997,23,1
2026-08-25T23:43:46Z,MLOps: Vector Indexing,COMPLETED,8.528,23,1
2026-08-26T00:43:38Z,MLOps: Sentiment Enrichment,COMPLETED,7.110,14,1
2026-08-26T00:43:45Z,MLOps: Vector Indexing,COMPLETED,8.413,14,1
2026-08-26T01:43:41Z,MLOps: Sentiment Enrichment,COMPLETED,6.870,12,1
2026-08-26T01:43:48Z,MLOps: Vector Indexing,COMPLETED,8.671,12,1
2026-08-26T02:43:37Z,MLOps: Sentiment Enrichment,COMPLETED,7.109,15,1
2026-08-26T02:43:45Z,MLOps: Vector Indexing,COMPLETED,8.293,15,1
2026-08-26T03:43:37Z,MLOps: Sentiment Enrichment,COMPLETED,7.194,16,1
2026-08-26T03:43:44Z,MLOps: Vector Indexing,COMPLETED,8.477,16,1
2026-08-26T04:43:38Z,MLOps: Sentiment Enrichment,COMPLETED,7.077,19,1
2026-08-26T04:43:45Z,MLOps: Vector Indexing,COMPLETED,8.294,19,1
2026-08-26T05:43:37Z,MLOps: Sentiment Enrichment,COMPLETED,8.474,35,1
2026-08-26T05:43:46Z,MLOps: Vector Indexing,COMPLETED,8.371,35,1
2026-08-26T06:43:39Z,MLOps: Sentiment Enrichment,COMPLETED,7.261,19,1
2026-08-26T06:43:46Z,MLOps: Vector Indexing,COMPLETED,8.330,19,1
2026-08-26T07:43:37Z,MLOps: Sentiment Enrichment,COMPLETED,7.546,22,1
2026-08-26T07:43:45Z,MLOps: Vector Indexing,COMPLETED,8.434,22,1
2026-08-26T08:43:39Z,MLOps: Sentiment Enrichment,COMPLETED,7.319,22,1
2026-08-26T08:43:46Z,MLOps: Vector Indexing,COMPLETED,8.497,22,1
2026-08-26T09:43:37Z,MLOps: Sentiment Enrichment,COMPLETED,7.973,28,1
2026-08-26T09:43:45Z,MLOps: Vector Indexing,COMPLETED,8.291,28,1
2026-08-26T10:43:38Z,MLOps: Sentiment Enrichment,COMPLETED,8.150,34,1
2026-08-26T10:43:46Z,MLOps: Vector Indexing,COMPLETED,8.524,34,1
2026-08-26T11:43:38Z,MLOps: Sentiment Enrichment,COMPLETED,7.755,25,1
2026-08-26T11:43:45Z,MLOps: Vector Indexing,COMPLETED,8.414,25,1
2026-08-26T12:43:38Z,MLOps: Sentiment Enrichment,COMPLETED,7.577,25,1
2026-08-26T12:43:45Z,MLOps: Vector Indexing,COMPLETED,8.520,25,1
2026-08-26T13:43:38Z,MLOps: Sentiment Enrichment,COMPLETED,7.731,26,1
2026-08-26T13:43:45Z,MLOps: Vector Indexing,COMPLETED,8.621,26,1
2026-08-26T14:43:38Z,MLOps: Sentiment Enrichment,COMPLETED,7.333,18,1
2026-08-26T14:43:45Z,MLOps: Vector Indexing,COMPLETED,8.876,18,1
2026-08-26T15:43:37Z,MLOps: Sentiment Enrichment,COMPLETED,7.699,19,1
2026-08-26T15:43:45Z,MLOps: Vector Indexing,COMPLETED,8.815,19,1
2026-08-26T16:43:38Z,MLOps: Sentiment Enrichment,COMPLETED,7.206,16,1
2026-08-26T16:43:45Z,MLOps: Vector Indexing,COMPLETED,8.469,16,1
2026-08-26T17:43:38Z,MLOps: Sentiment Enrichment,COMPLETED,7.591,21,1
2026-08-26T17:43:45Z,MLOps: Vector Indexing,COMPLETED,8.793,21,1
2026-08-26T18:43:38Z,MLOps: Sentiment Enrichment,COMPLETED,6.820,8,1
2026-08-26T18:43:44Z,MLOps: Vector Indexing,COMPLETED,8.538,8,1
2026-08-26T19:43:38Z,MLOps: Sentiment Enrichment,COMPLETED,7.390,23,1
2026-08-26T19:43:45Z,MLOps: Vector Indexing,COMPLETED,8.372,23,1
2026-08-26T20:43:37Z,MLOps: Sentiment Enrichment,COMPLETED,6.933,10,1
2026-08-26T20:43:44Z,MLOps: Vector Indexing,COMPLETED,8.539,10,1
2026-08-26T21:43:37Z,MLOps: Sentiment Enrichment,COMPLETED,7.046,12,1
2026-08-26T21:43:44Z,MLOps: Vector Indexing,COMPLETED,8.485,12,1
2026-08-26T22:43:37Z,MLOps: Sentiment Enrichment,COMPLETED,7.520,23,1
2026-08-26T22:43:45Z,MLOps: Vector Indexing,COMPLETED,8.453,23,1
2026-08-26T23:43:37Z,MLOps: Sentiment Enrichment,COMPLETED,7.590,22,1
2026-08-26T23:43:45Z,MLOps: Vector Indexing,COMPLETED,8.584,22,1
2026-08-27T00:43:38Z,MLOps: Sentiment Enrichment,COMPLETED,7.130,12,1
2026-08-27T00:43:45Z,MLOps: Vector Indexing,COMPLETED,8.489,12,1
2026-08-27T01:43:38Z,MLOps: Sentiment Enrichment,COMPLETED,6.646,2,1
2026-08-27T01:43:44Z,MLOps: Vector Indexing,COMPLETED,8.582,2,1
2026-08-27T02:43:37Z,MLOps: Sentiment Enrichment,COMPLETED,6.827,8,1
2026-08-27T02:43:44Z,MLOps: Vector Indexing,COMPLETED,8.604,8,1
2026-08-27T03:43:41Z,MLOps: Sentiment Enrichment,COMPLETED,6.619,4,1
2026-08-27T03:43:47Z,MLOps: Vector Indexing,COMPLETED,8.339,4,1
2026-08-27T04:43:37Z,MLOps: Sentiment Enrichment,COMPLETED,7.472,24,1
2026-08-27T04:43:45Z,MLOps: Vector Indexing,COMPLETED,8.682,24,1
2026-08-27T05:43:37Z,MLOps: Sentiment Enrichment,COMPLETED,8.401,36,1
2026-08-27T05:43:46Z,MLOps: Vector Indexing,COMPLETED,8.482,36,1
2026-08-27T06:43:37Z,MLOps: Sentiment Enrichment,COMPLETED,7.636,26,1
2026-08-27T06:43:45Z,MLOps: Vector Indexing,COMPLETED,8.494,26,1
2026-08-27T07:43:37Z,MLOps: Sentiment Enrichment,COMPLETED,7.653,26,1
2026-08-27T07:43:45Z,MLOps: Vector Indexing,COMPLETED,8.455,26,1
2026-08-27T08:43:39Z,MLOps: Sentiment Enrichment,COMPLETED,6.814,12,1
2026-08-27T08:43:46Z,MLOps: Vector Indexing,COMPLETED,8.270,12,1
2026-08-27T09:43:37Z,MLOps: Sentiment Enrichment,COMPLETED,7.197,20,1
2026-08-27T09:43:44Z,MLOps: Vector Indexing,COMPLETED,8.415,20,1
2026-08-27T10:43:38Z,MLOps: Sentiment Enrichment,COMPLETED,7.391,17,1
2026-08-27T10:43:45Z,MLOps: Vector Indexing,COMPLETED,8.344,17,1
2026-08-27T11:43:37Z,MLOps: Sentiment Enrichment,COMPLETED,7.209,15,1
2026-08-27T11:43:44Z,MLOps: Vector Indexing,COMPLETED,8.474,15,1
2026-08-27T12:43:38Z,MLOps: Sentiment Enrichment,COMPLETED,7.087,15,1
2026-08-27T12:43:45Z,MLOps: Vector Indexing,COMPLETED,8.294,15,1
2026-08-27T13:43:39Z,MLOps: Sentiment Enrichment,COMPLETED,7.575,22,1
2026-08-27T13:43:46Z,MLOps: Vector Indexing,COMPLETED,8.645,22,1
2026-08-27T14:43:37Z,MLOps: Sentiment Enrichment,COMPLETED,8.203,34,1
2026-08-27T14:43:46Z,MLOps: Vector Indexing,COMPLETED,8.804,34,1
2026-08-27T15:43:38Z,MLOps: Sentiment Enrichment,COMPLETED,7.624,20,1
2026-08-27T15:43:45Z,MLOps: Vector Indexing,COMPLETED,8.768,20,1
2026-08-27T16:43:38Z,MLOps: Sentiment Enrichment,COMPLETED,7.317,16,1
2026-08-27T16:43:45Z,MLOps: Vector Indexing,COMPLETED,8.712,16,1
2026-08-27T17:43:38Z,MLOps: Sentiment Enrichment,COMPLETED,7.320,18,1
2026-08-27T17:43:45Z,MLOps: Vector Indexing,COMPLETED,8.333,18,1
2026-08-27T18:43:39Z,MLOps: Sentiment Enrichment,COMPLETED,7.477,22,1
2026-08-27T18:43:47Z,MLOps: Vector Indexing,COMPLETED,8.384,22,1
2026-08-27T19:43:38Z,MLOps: Sentiment Enrichment,COMPLETED,7.403,21,1
2026-08-27T19:43:45Z,MLOps: Vector Indexing,COMPLETED,8.452,21,1
2026-08-27T20:43:37Z,MLOps: Sentiment Enrichment,COMPLETED,7.942,29,1
2026-08-27T20:43:45Z,MLOps: Vector Indexing,COMPLETED,8.623,29,1
2026-08-27T21:43:37Z,MLOps: Sentiment Enrichment,COMPLETED,7.393,18,1
2026-08-27T21:43:45Z,MLOps: Vector Indexing,COMPLETED,8.484,18,1
2026-08-27T22:43:37Z,MLOps: Sentiment Enrichment,COMPLETED,7.463,22,1
2026-08-27T22:43:45Z,MLOps: Vector Indexing,COMPLETED,8.754,22,1
2026-08-27T23:43:37Z,MLOps: Sentiment Enrichment,COMPLETED,7.416,17,1
2026-08-27T23:43:45Z,MLOps: Vector Indexing,COMPLETED,8.419,17,1
2026-08-28T00:43:39Z,MLOps: Sentiment Enrichment,COMPLETED,7.295,19,1
2026-08-28T00:43:46Z,MLOps: Vector Indexing,COMPLETED,8.467,19,1
2026-08-28T01:43:38Z,MLOps: Sentiment Enrichment,COMPLETED,6.362,6,1
2026-08-28T01:43:45Z,MLOps: Vector Indexing,COMPLETED,8.309,6,1
2026-08-28T02:43:37Z,MLOps: Sentiment Enrichment,COMPLETED,6.919,15,1
2026-08-28T02:43:44Z,MLOps: Vector Indexing,COMPLETED,8.440,15,1
2026-08-28T03:43:37Z,MLOps: Sentiment Enrichment,COMPLETED,6.744,9,1
2026-08-28T03:43:44Z,MLOps: Vector Indexing,COMPLETED,8.277,9,1
2026-08-28T04:43:38Z,MLOps: Sentiment Enrichment,COMPLETED,7.129,14,1
2026-08-28T04:43:45Z,MLOps: Vector Indexing,COMPLETED,8.535,14,1
2026-08-28T05:43:37Z,MLOps: Sentiment Enrichment,COMPLETED,8.039,30,1
2026-08-28T05:43:45Z,MLOps: Vector Indexing,COMPLETED,8.417,30,1
2026-08-28T06:43:40Z,MLOps: Sentiment Enrichment,COMPLETED,7.919,28,1
2026-08-28T06:43:47Z,MLOps: Vector Indexing,COMPLETED,8.413,28,1
2026-08-28T07:43:37Z,MLOps: Sentiment Enrichment,COMPLETED,7.639,23,1
2026-08-28T07:43:45Z,MLOps: Vector Indexing,COMPLETED,8.340,23,1
2026-08-28T08:43:38Z,MLOps: Sentiment Enrichment,COMPLETED,7.514,24,1
2026-08-28T08:43:45Z,MLOps: Vector Indexing,COMPLETED,8.406,24,1
2026-08-28T09:43:37Z,MLOps: Sentiment Enrichment,COMPLETED,7.419,25,1
2026-08-28T09:43:45Z,MLOps: Vector Indexing,COMPLETED,8.382,25,1
2026-08-28T10:43:37Z,MLOps: Sentiment Enrichment,COMPLETED,7.819,25,1
2026-08-28T10:43:45Z,MLOps: Vector Indexing,COMPLETED,8.560,25,1
2026-08-28T11:43:37Z,MLOps: Sentiment Enrichment,COMPLETED,7.322,16,1
2026-08-28T11:43:45Z,MLOps: Vector Indexing,COMPLETED,8.628,16,1
2026-08-28T12:43:37Z,MLOps: Sentiment Enrichment,COMPLETED,7.251,17,1
2026-08-28T12:43:44Z,MLOps: Vector Indexing,COMPLETED,8.366,17,1
2026-08-28T13:43:40Z,MLOps: Sentiment Enrichment,COMPLETED,6.867,12,1
2026-08-28T13:43:46Z,MLOps: Vector Indexing,COMPLETED,8.403,12,1
2026-08-28T14:43:38Z,MLOps: Sentiment Enrichment,COMPLETED,7.681,27,1
2026-08-28T14:43:46Z,MLOps: Vector Indexing,COMPLETED,8.457,27,1
2026-08-28T15:43:37Z,MLOps: Sentiment Enrichment,COMPLETED,8.691,40,1
2026-08-28T15:43:46Z,MLOps: Vector Indexing,COMPLETED,8.758,40,1
2026-08-28T16:43:38Z,MLOps: Sentiment Enrichment,COMPLETED,7.527,25,1
2026-08-28T16:43:45Z,MLOps: Vector Indexing,COMPLETED,8.479,25,1
2026-08-28T17:43:38Z,MLOps: Sentiment Enrichment,COMPLETED,8.187,33,1
2026-08-28T17:43:46Z,MLOps: Vector Indexing,COMPLETED,8.711,33,1
2026-08-28T18:43:38Z,MLOps: Sentiment Enrichment,COMPLETED,7.524,27,1
2026-08-28T18:43:46Z,MLOps: Vector Indexing,COMPLETED,8.587,27,1
2026-08-28T19:43:37Z,MLOps: Sentiment Enrichment,COMPLETED,7.302,14,1
2026-08-28T19:43:45Z,MLOps: Vector Indexing,COMPLETED,8.509,14,1
2026-08-28T20:43:38Z,MLOps: Sentiment Enrichment,COMPLETED,8.058,32,1
2026-08-28T20:43:46Z,MLOps: Vector Indexing,COMPLETED,8.582,32,1
2026-08-28T21:43:38Z,MLOps: Sentiment Enrichment,COMPLETED,7.184,14,1
2026-08-28T21:43:45Z,MLOps: Vector Indexing,COMPLETED,8.699,14,1
2026-08-28T22:43:38Z,MLOps: Sentiment Enrichment,COMPLETED,7.383,19,1
2026-08-28T22:43:45Z,MLOps: Vector Indexing,COMPLETED,8.411,19,1
2026-08-28T23:43:37Z,MLOps: Sentiment Enrichment,COMPLETED,6.610,7,1
2026-08-28T23:43:44Z,MLOps: Vector Indexing,COMPLETED,8.793,7,1
2026-08-29T00:43:38Z,MLOps: Sentiment Enrichment,COMPLETED,7.365,20,1
2026-08-29T00:43:45Z,MLOps: Vector Indexing,COMPLETED,8.341,20,1
2026-08-29T01:43:38Z,MLOps: Sentiment Enrichment,COMPLETED,7.448,25,1
2026-08-29T01:43:46Z,MLOps: Vector Indexing,COMPLETED,8.485,25,1
2026-08-29T02:43:41Z,MLOps: Sentiment Enrichment,COMPLETED,8.279,37,1
2026-08-29T02:43:49Z,MLOps: Vector Indexing,COMPLETED,8.408,37,1
2026-08-29T03:43:38Z,MLOps: Sentiment Enrichment,COMPLETED,7.634,24,1
2026-08-29T03:43:45Z,MLOps: Vector Indexing,COMPLETED,8.398,24,1
2026-08-29T04:43:37Z,MLOps: Sentiment Enrichment,COMPLETED,6.313,2,1
2026-08-29T04:43:44Z,MLOps: Vector Indexing,COMPLETED,8.326,2,1
2026-08-29T05:43:38Z,MLOps: Sentiment Enrichment,COMPLETED,6.900,10,1
2026-08-29T05:43:44Z,MLOps: Vector Indexing,COMPLETED,8.353,10,1
2026-08-29T06:43:37Z,MLOps: Sentiment Enrichment,COMPLETED,7.317,20,1
2026-08-29T06:43:44Z,MLOps: Vector Indexing,COMPLETED,8.379,20,1
2026-08-29T07:43:37Z,MLOps: Sentiment Enrichment,COMPLETED,7.618,23,1
2026-08-29T07:43:45Z,MLOps: Vector Indexing,COMPLETED,8.428,23,1
2026-08-29T08:43:37Z,MLOps: Sentiment Enrichment,COMPLETED,7.053,17,1
2026-08-29T08:43:44Z,MLOps: Vector Indexing,COMPLETED,8.376,17,1
2026-08-29T09:43:37Z,MLOps: Sentiment Enrichment,COMPLETED,7.229,15,1
2026-08-29T09:43:44Z,MLOps: Vector Indexing,COMPLETED,8.272,15,1
2026-08-29T10:43:38Z,MLOps: Sentiment Enrichment,COMPLETED,7.606,23,1
2026-08-29T10:43:45Z,MLOps: Vector Indexing,COMPLETED,8.676,23,1
2026-08-29T11:43:37Z,MLOps: Sentiment Enrichment,COMPLETED,7.082,15,1
2026-08-29T11:43:44Z,MLOps: Vector Indexing,COMPLETED,8.253,15,1
2026-08-29T12:43:38Z,MLOps: Sentiment Enrichment,COMPLETED,7.662,22,1
2026-08-29T12:43:46Z,MLOps: Vector Indexing,COMPLETED,8.492,22,1
2026-08-29T13:43:38Z,MLOps: Sentiment Enrichment,COMPLETED,7.967,31,1
2026-08-29T13:43:45Z,MLOps: Vector Indexing,COMPLETED,8.729,31,1
2026-08-29T14:43:38Z,MLOps: Sentiment Enrichment,COMPLETED,7.438,16,1
2026-08-29T14:43:45Z,MLOps: Vector Indexing,COMPLETED,8.320,16,1
2026-08-29T15:43:38Z,MLOps: Sentiment Enrichment,COMPLETED,6.947,11,1
2026-08-29T15:43:45Z,MLOps: Vector Indexing,COMPLETED,8.495,11,1
2026-08-29T16:43:37Z,MLOps: Sentiment Enrichment,COMPLETED,6.973,9,1
2026-08-29T16:43:44Z,MLOps: Vector Indexing,COMPLETED,8.526,9,1
2026-08-29T17:43:37Z,MLOps: Sentiment Enrichment,COMPLETED,7.323,19,1
2026-08-29T17:43:45Z,MLOps: Vector Indexing,COMPLETED,8.392,19,1
2026-08-29T18:43:37Z,MLOps: Sentiment Enrichment,COMPLETED,6.810,13,1
2026-08-29T18:43:44Z,MLOps: Vector Indexing,COMPLETED,8.319,13,1
2026-08-29T19:43:38Z,MLOps: Sentiment Enrichment,COMPLETED,6.766,10,1
2026-08-29T19:43:45Z,MLOps: Vector Indexing,COMPLETED,8.281,10,1
2026-08-29T20:43:37Z,MLOps: Sentiment Enrichment,COMPLETED,7.008,16,1
2026-08-29T20:43:44Z,MLOps: Vector Indexing,COMPLETED,8.139,16,1
2026-08-29T21:43:37Z,MLOps: Sentiment Enrichment,COMPLETED,6.719,8,1
2026-08-29T21:43:44Z,MLOps: Vector Indexing,COMPLETED,8.394,8,1
2026-08-29T22:43:38Z,MLOps: Sentiment Enrichment,COMPLETED,6.646,8,1
2026-08-29T22:43:44Z,MLOps: Vector Indexing,COMPLETED,8.171,8,1
2026-08-29T23:43:37Z,MLOps: Sentiment Enrichment,COMPLETED,7.033,13,1
2026-08-29T23:43:44Z,MLOps: Vector Indexing,COMPLETED,8.128,13,1
2026-08-30T00:43:38Z,MLOps: Sentiment Enrichment,COMPLETED,7.733,32,1
2026-08-30T00:43:46Z,MLOps: Vector Indexing,COMPLETED,8.346,32,1
2026-08-30T01:43:37Z,MLOps: Sentiment Enrichment,COMPLETED,8.002,36,1
2026-08-30T01:43:45Z,MLOps: Vector Indexing,COMPLETED,8.394,36,1
2026-08-30T02:43:37Z,MLOps: Sentiment Enrichment,COMPLETED,7.695,30,1
2026-08-30T02:43:45Z,MLOps: Vector Indexing,COMPLETED,8.282,30,1
2026-08-30T03:43:38Z,MLOps: Sentiment Enrichment,COMPLETED,7.638,23,1
2026-08-30T03:43:46Z,MLOps: Vector Indexing,COMPLETED,8.502,23,1
2026-08-30T04:43:38Z,MLOps: Sentiment Enrichment,COMPLETED,8.729,36,1
2026-08-30T04:43:47Z,MLOps: Vector Indexing,COMPLETED,8.494,36,1
2026-08-30T05:43:41Z,MLOps: Sentiment Enrichment,COMPLETED,7.307,21,1
2026-08-30T05:43:48Z,MLOps: Vector Indexing,COMPLETED,8.359,21,1
2026-08-30T06:43:41Z,MLOps: Sentiment Enrichment,COMPLETED,7.370,18,1
2026-08-30T06:43:48Z,MLOps: Vector Indexing,COMPLETED,8.510,18,1
2026-08-30T07:43:40Z,MLOps: Sentiment Enrichment,COMPLETED,8.679,39,1
2026-08-30T07:43:49Z,MLOps: Vector Indexing,COMPLETED,8.476,39,1
2026-08-30T08:43:38Z,MLOps: Sentiment Enrichment,COMPLETED,8.109,34,1
2026-08-30T08:43:46Z,MLOps: Vector Indexing,COMPLETED,8.544,34,1
2026-08-30T09:43:38Z,MLOps: Sentiment Enrichment,COMPLETED,6.932,11,1
2026-08-30T09:43:45Z,MLOps: Vector Indexing,COMPLETED,8.182,11,1
2026-08-30T10:43:37Z,MLOps: Sentiment Enrichment,COMPLETED,6.734,11,1
2026-08-30T10:43:44Z,MLOps: Vector Indexing,COMPLETED,8.236,11,1
2026-08-30T11:43:38Z,MLOps: Sentiment Enrichment,COMPLETED,7.209,20,1
2026-08-30T11:43:45Z,MLOps: Vector Indexing,COMPLETED,8.453,20,1
2026-08-30T12:43:37Z,MLOps: Sentiment Enrichment,COMPLETED,7.005,13,1
2026-08-30T12:43:44Z,MLOps: Vector Indexing,COMPLETED,8.252,13,1
2026-08-30T13:43:38Z,MLOps: Sentiment Enrichment,COMPLETED,6.948,11,1
2026-08-30T13:43:45Z,MLOps: Vector Indexing,COMPLETED,8.514,11,1
2026-08-30T14:43:38Z,MLOps: Sentiment Enrichment,COMPLETED,6.920,8,1
2026-08-30T14:43:45Z,MLOps: Vector Indexing,COMPLETED,8.474,8,1
2026-08-30T15:43:37Z,MLOps: Sentiment Enrichment,COMPLETED,7.601,20,1
2026-08-30T15:43:45Z,MLOps: Vector Indexing,COMPLETED,8.413,20,1
2026-08-30T16:43:37Z,MLOps: Sentiment Enrichment,COMPLETED,7.195,16,1
2026-08-30T16:43:44Z,MLOps: Vector Indexing,COMPLETED,8.367,16,1
2026-08-30T17:43:38Z,MLOps: Sentiment Enrichment,COMPLETED,7.547,22,1
2026-08-30T17:43:46Z,MLOps: Vector Indexing,COMPLETED,8.471,22,1
2026-08-30T18:43:38Z,MLOps: Sentiment Enrichment,COMPLETED,7.247,19,1
2026-08-30T18:43:45Z,MLOps: Vector Indexing,COMPLETED,8.435,19,1
2026-08-30T19:43:37Z,MLOps: Sentiment Enrichment,COMPLETED,7.164,16,1
2026-08-30T19:43:44Z,MLOps: Vector Indexing,COMPLETED,8.423,16,1
2026-08-30T20:43:37Z,MLOps: Sentiment Enrichment,COMPLETED,6.517,7,1
2026-08-30T20:43:44Z,MLOps: Vector Indexing,COMPLETED,8.376,7,1
2026-08-30T21:43:37Z,MLOps: Sentiment Enrichment,COMPLETED,6.925,11,1
2026-08-30T21:43:44Z,MLOps: Vector Indexing,COMPLETED,8.355,11,1
2026-08-30T22:43:37Z,MLOps: Sentiment Enrichment,COMPLETED,6.685,9,1
2026-08-30T22:43:44Z,MLOps: Vector Indexing,COMPLETED,8.355,9,1
2026-08-30T23:43:38Z,MLOps: Sentiment Enrichment,COMPLETED,7.139,15,1
2026-08-30T23:43:45Z,MLOps: Vector Indexing,COMPLETED,8.398,15,1
2026-08-31T00:43:38Z,MLOps: Sentiment Enrichment,COMPLETED,6.862,10,1
2026-08-31T00:43:45Z,MLOps: Vector Indexing,COMPLETED,8.250,10,1
2026-08-31T01:43:37Z,MLOps: Sentiment Enrichment,COMPLETED,7.066,13,1
2026-08-31T01:43:45Z,MLOps: Vector Indexing,COMPLETED,8.427,13,1
2026-08-31T02:43:38Z,MLOps: Sentiment Enrichment,COMPLETED,6.969,13,1
2026-08-31T02:43:45Z,MLOps: Vector Indexing,COMPLETED,8.303,13,1
2026-08-31T03:43:38Z,MLOps: Sentiment Enrichment,COMPLETED,6.622,7,1
2026-08-31T03:43:44Z,MLOps: Vector Indexing,COMPLETED,8.246,7,1
2026-08-31T04:43:37Z,MLOps: Sentiment Enrichment,COMPLETED,6.389,2,1
2026-08-31T04:43:44Z,MLOps: Vector Indexing,COMPLETED,8.317,2,1
2026-08-31T05:43:38Z,MLOps: Sentiment Enrichment,COMPLETED,6.544,5,1
2026-08-31T05:43:45Z,MLOps: Vector Indexing,COMPLETED,8.212,5,1
2026-08-31T06:43:37Z,MLOps: Sentiment Enrichment,COMPLETED,6.260,2,1
2026-08-31T06:43:44Z,MLOps: Vector Indexing,COMPLETED,8.303,2,1
2026-08-31T07:43:37Z,MLOps: Sentiment Enrichment,COMPLETED,6.483,3,1
2026-08-31T07:43:43Z,MLOps: Vector Indexing,COMPLETED,8.326,3,1
2026-08-31T08:43:38Z,MLOps: Sentiment Enrichment,COMPLETED,6.933,13,1
2026-08-31T08:43:45Z,MLOps: Vector Indexing,COMPLETED,8.329,13,1
2026-08-31T09:43:37Z,MLOps: Sentiment Enrichment,COMPLETED,7.597,25,1
2026-08-31T09:43:45Z,MLOps: Vector Indexing,COMPLETED,8.608,25,1
2026-08-31T10:43:37Z,MLOps: Sentiment Enrichment,COMPLETED,7.835,23,1
2026-08-31T10:43:45Z,MLOps: Vector Indexing,COMPLETED,8.425,23,1
2026-08-31T11:43:37Z,MLOps: Sentiment Enrichment,COMPLETED,7.561,23,1
2026-08-31T11:43:45Z,MLOps: Vector Indexing,COMPLETED,8.506,23,1
2026-08-31T12:43:38Z,MLOps: Sentiment Enrichment,COMPLETED,8.282,33,1
2026-08-31T12:43:46Z,MLOps: Vector Indexing,COMPLETED,8.565,33,1
2026-08-31T13:43:37Z,MLOps: Sentiment Enrichment,COMPLETED,8.131,37,1
2026-08-31T13:43:45Z,MLOps: Vector Indexing,COMPLETED,8.825,37,1
2026-08-31T14:43:37Z,MLOps: Sentiment Enrichment,COMPLETED,8.049,28,1
2026-08-31T14:43:45Z,MLOps: Vector Indexing,COMPLETED,8.772,28,1
2026-08-31T15:43:37Z,MLOps: Sentiment Enrichment,COMPLETED,8.381,34,1
2026-08-31T15:43:46Z,MLOps: Vector Indexing,COMPLETED,8.602,34,1
2026-08-31T16:43:38Z,MLOps: Sentiment Enrichment,COMPLETED,7.976,28,1
2026-08-31T16:43:46Z,MLOps: Vector Indexing,COMPLETED,8.582,28,1
2026-08-31T17:43:37Z,MLOps: Sentiment Enrichment,COMPLETED,7.830,29,1
2026-08-31T17:43:45Z,MLOps: Vector Indexing,COMPLETED,8.431,29,1
2026-08-31T18:43:38Z,MLOps: Sentiment Enrichment,COMPLETED,8.265,35,1
2026-08-31T18:43:46Z,MLOps: Vector Indexing,COMPLETED,8.477,35,1
2026-08-31T19:43:37Z,MLOps: Sentiment Enrichment,COMPLETED,7.422,18,1
2026-08-31T19:43:45Z,MLOps: Vector Indexing,COMPLETED,8.458,18,1
2026-08-31T20:43:37Z,MLOps: Sentiment Enrichment,COMPLETED,7.075,14,1
2026-08-31T20:43:45Z,MLOps: Vector Indexing,COMPLETED,8.368,14,1
2026-08-31T21:43:38Z,MLOps: Sentiment Enrichment,COMPLETED,7.028,9,1
2026-08-31T21:43:45Z,MLOps: Vector Indexing,COMPLETED,8.486,9,1
2026-08-31T22:43:39Z,MLOps: Sentiment Enrichment,COMPLETED,6.534,5,1
2026-08-31T22:43:46Z,MLOps: Vector Indexing,COMPLETED,8.465,5,1
2026-08-31T23:43:39Z,MLOps: Sentiment Enrichment,COMPLETED,6.563,6,1
2026-08-31T23:43:45Z,MLOps: Vector Indexing,COMPLETED,8.430,6,1
2026-09-01T00:43:37Z,MLOps: Sentiment Enrichment,COMPLETED,6.542,8,1
2026-09-01T00:43:44Z,MLOps: Vector Indexing,COMPLETED,8.123,8,1
2026-09-01T01:43:38Z,MLOps: Sentiment Enrichment,COMPLETED,6.600,2,1
2026-09-01T01:43:45Z,MLOps: Vector Indexing,COMPLETED,8.376,2,1
2026-09-01T02:43:37Z,MLOps: Sentiment Enrichment,COMPLETED,6.613,7,1
2026-09-01T02:43:44Z,MLOps: Vector Indexing,COMPLETED,8.234,7,1
2026-09-01T03:43:37Z,MLOps: Sentiment Enrichment,COMPLETED,6.506,6,1
2026-09-01T03:43:44Z,MLOps: Vector Indexing,COMPLETED,8.366,6,1
2026-09-01T04:43:37Z,MLOps: Sentiment Enrichment,COMPLETED,6.429,1,1
2026-09-01T04:43:43Z,MLOps: Vector Indexing,COMPLETED,8.410,1,1
2026-09-01T05:43:37Z,MLOps: Sentiment Enrichment,COMPLETED,6.643,7,1
2026-09-01T05:43:44Z,MLOps: Vector Indexing,COMPLETED,8.349,7,1
2026-09-01T06:43:38Z,MLOps: Sentiment Enrichment,COMPLETED,6.436,2,1
2026-09-01T06:43:44Z,MLOps: Vector Indexing,COMPLETED,8.424,2,1
2026-09-01T07:43:39Z,MLOps: Sentiment Enrichment,COMPLETED,6.498,4,1
2026-09-01T07:43:46Z,MLOps: Vector Indexing,COMPLETED,8.504,4,1
2026-09-01T08:43:38Z,MLOps: Sentiment Enrichment,COMPLETED,4.896,0,0
2026-09-01T08:43:43Z,MLOps: Vector Indexing,COMPLETED,1.511,0,0
2026-09-01T09:43:39Z,MLOps: Sentiment Enrichment,COMPLETED,7.310,17,1
2026-09-01T09:43:46Z,MLOps: Vector Indexing,COMPLETED,8.376,17,1
2026-09-01T10:43:38Z,MLOps: Sentiment Enrichment,COMPLETED,7.659,24,1
2026-09-01T10:43:45Z,MLOps: Vector Indexing,COMPLETED,8.451,24,1
2026-09-01T11:43:38Z,MLOps: Sentiment Enrichment,COMPLETED,7.461,19,1
2026-09-01T11:43:45Z,MLOps: Vector Indexing,COMPLETED,8.326,19,1
2026-09-01T12:43:38Z,MLOps: Sentiment Enrichment,COMPLETED,7.613,21,1
2026-09-01T12:43:46Z,MLOps: Vector Indexing,COMPLETED,8.399,21,1
2026-09-01T13:43:38Z,MLOps: Sentiment Enrichment,COMPLETED,8.412,34,1
2026-09-01T13:43:46Z,MLOps: Vector Indexing,COMPLETED,8.725,34,1
2026-09-01T14:43:38Z,MLOps: Sentiment Enrichment,COMPLETED,7.304,22,1
2026-09-01T14:43:45Z,MLOps: Vector Indexing,COMPLETED,8.456,22,1
2026-09-01T15:43:38Z,MLOps: Sentiment Enrichment,COMPLETED,10.381,17,1
2026-09-01T15:43:48Z,MLOps: Vector Indexing,COMPLETED,11.480,17,1
2026-09-01T16:43:41Z,MLOps: Sentiment Enrichment,COMPLETED,7.502,13,1
2026-09-01T16:43:48Z,MLOps: Vector Indexing,COMPLETED,8.716,13,1
2026-09-01T17:43:37Z,MLOps: Sentiment Enrichment,COMPLETED,7.948,29,1
2026-09-01T17:43:45Z,MLOps: Vector Indexing,COMPLETED,9.209,29,1
2026-09-01T18:43:37Z,MLOps: Sentiment Enrichment,COMPLETED,6.883,8,1
2026-09-01T18:43:44Z,MLOps: Vector Indexing,COMPLETED,8.250,8,1
2026-09-01T19:43:38Z,MLOps: Sentiment Enrichment,COMPLETED,7.011,12,1
2026-09-01T19:43:45Z,MLOps: Vector Indexing,COMPLETED,8.353,12,1
2026-09-01T20:43:37Z,MLOps: Sentiment Enrichment,COMPLETED,6.840,11,1
2026-09-01T20:43:44Z,MLOps: Vector Indexing,COMPLETED,8.231,11,1
2026-09-01T21:43:37Z,MLOps: Sentiment Enrichment,COMPLETED,7.508,18,1
2026-09-01T21:43:45Z,MLOps: Vector Indexing,COMPLETED,8.627,18,1
2026-09-01T22:43:38Z,MLOps: Sentiment Enrichment,COMPLETED,7.293,23,1
2026-09-01T22:43:45Z,MLOps: Vector Indexing,COMPLETED,8.442,23,1
2026-09-01T23:43:38Z,MLOps: Sentiment Enrichment,COMPLETED,7.103,18,1
2026-09-01T23:43:45Z,MLOps: Vector Indexing,COMPLETED,8.241,18,1
2026-09-02T00:43:37Z,MLOps: Sentiment Enrichment,COMPLETED,7.020,16,1
2026-09-02T00:43:44Z,MLOps: Vector Indexing,COMPLETED,8.440,16,1
2026-09-02T01:43:38Z,MLOps: Sentiment Enrichment,COMPLETED,6.989,10,1
2026-09-02T01:43:45Z,MLOps: Vector Indexing,COMPLETED,8.326,10,1
2026-09-02T02:43:37Z,MLOps: Sentiment Enrichment,COMPLETED,6.892,9,1
2026-09-02T02:43:44Z,MLOps: Vector Indexing,COMPLETED,8.231,9,1
2026-09-02T03:43:37Z,MLOps: Sentiment Enrichment,COMPLETED,6.932,12,1
2026-09-02T03:43:44Z,MLOps: Vector Indexing,COMPLETED,8.385,12,1
2026-09-02T04:43:37Z,MLOps: Sentiment Enrichment,COMPLETED,7.253,19,1
2026-09-02T04:43:45Z,MLOps: Vector Indexing,COMPLETED,8.421,19,1
2026-09-02T05:43:37Z,MLOps: Sentiment Enrichment,COMPLETED,7.905,28,1
2026-09-02T05:43:45Z,MLOps: Vector Indexing,COMPLETED,8.384,28,1
2026-09-02T06:43:37Z,MLOps: Sentiment Enrichment,COMPLETED,7.526,22,1
2026-09-02T06:43:45Z,MLOps: Vector Indexing,COMPLETED,8.339,22,1
2026-09-02T07:43:40Z,MLOps: Sentiment Enrichment,COMPLETED,6.939,16,1
2026-09-02T07:43:46Z,MLOps: Vector Indexing,COMPLETED,8.637,16,1
2026-09-02T08:43:37Z,MLOps: Sentiment Enrichment,COMPLETED,7.127,15,1
2026-09-02T08:43:45Z,MLOps: Vector Indexing,COMPLETED,8.508,15,1
2026-09-02T09:43:38Z,MLOps: Sentiment Enrichment,COMPLETED,10.811,30,1
2026-09-02T09:43:48Z,MLOps: Vector Indexing,COMPLETED,11.522,30,1
2026-09-02T10:43:39Z,MLOps: Sentiment Enrichment,COMPLETED,8.150,24,1
2026-09-02T10:43:47Z,MLOps: Vector Indexing,COMPLETED,10.005,24,1
2026-09-02T11:43:38Z,MLOps: Sentiment Enrichment,COMPLETED,7.688,24,1
2026-09-02T11:43:45Z,MLOps: Vector Indexing,COMPLETED,8.447,24,1
2026-09-02T12:43:37Z,MLOps: Sentiment Enrichment,COMPLETED,7.318,20,1
2026-09-02T12:43:45Z,MLOps: Vector Indexing,COMPLETED,8.409,20,1
2026-09-02T13:43:38Z,MLOps: Sentiment Enrichment,COMPLETED,7.571,20,1
2026-09-02T13:43:46Z,MLOps: Vector Indexing,COMPLETED,8.682,20,1
2026-09-02T14:43:40Z,MLOps: Sentiment Enrichment,COMPLETED,7.642,28,1
2026-09-02T14:43:48Z,MLOps: Vector Indexing,COMPLETED,8.460,28,1
2026-09-02T15:43:40Z,MLOps: Sentiment Enrichment,COMPLETED,7.701,23,1
2026-09-02T15:43:48Z,MLOps: Vector Indexing,COMPLETED,8.533,23,1
2026-09-02T16:43:38Z,MLOps: Sentiment Enrichment,COMPLETED,7.113,14,1
2026-09-02T16:43:45Z,MLOps: Vector Indexing,COMPLETED,8.342,14,1
2026-09-02T17:43:38Z,MLOps: Sentiment Enrichment,COMPLETED,7.303,21,1
2026-09-02T17:43:46Z,MLOps: Vector Indexing,COMPLETED,8.527,21,1
2026-09-02T18:43:38Z,MLOps: Sentiment Enrichment,COMPLETED,6.834,9,1
2026-09-02T18:43:45Z,MLOps: Vector Indexing,COMPLETED,8.427,9,1
2026-09-02T19:43:37Z,MLOps: Sentiment Enrichment,COMPLETED,6.937,11,1
2026-09-02T19:43:44Z,MLOps: Vector Indexing,COMPLETED,8.325,11,1
2026-09-02T20:43:37Z,MLOps: Sentiment Enrichment,COMPLETED,6.968,14,1
2026-09-02T20:43:44Z,MLOps: Vector Indexing,COMPLETED,8.362,14,1
2026-09-02T21:43:38Z,MLOps: Sentiment Enrichment,COMPLETED,6.975,8,1
2026-09-02T21:43:45Z,MLOps: Vector Indexing,COMPLETED,10.613,8,1
2026-09-02T22:43:38Z,MLOps: Sentiment Enrichment,COMPLETED,7.307,16,1
2026-09-02T22:43:45Z,MLOps: Vector Indexing,COMPLETED,8.480,16,1
2026-09-02T23:43:38Z,MLOps: Sentiment Enrichment,COMPLETED,7.710,24,1
2026-09-02T23:43:46Z,MLOps: Vector Indexing,COMPLETED,8.468,24,1
2026-09-03T00:43:38Z,MLOps: Sentiment Enrichment,COMPLETED,6.637,7,1
2026-09-03T00:43:45Z,MLOps: Vector Indexing,COMPLETED,8.553,7,1
2026-09-03T01:43:37Z,MLOps: Sentiment Enrichment,COMPLETED,6.498,6,1
2026-09-03T01:43:43Z,MLOps: Vector Indexing,COMPLETED,8.372,6,1
2026-09-03T02:43:38Z,MLOps: Sentiment Enrichment,COMPLETED,6.713,8,1
2026-09-03T02:43:44Z,MLOps: Vector Indexing,COMPLETED,8.399,8,1
2026-09-03T03:43:37Z,MLOps: Sentiment Enrichment,COMPLETED,6.666,9,1
2026-09-03T03:43:44Z,MLOps: Vector Indexing,COMPLETED,8.274,9,1
2026-09-03T04:43:37Z,MLOps: Sentiment Enrichment,COMPLETED,7.205,17,1
2026-09-03T04:43:44Z,MLOps: Vector Indexing,COMPLETED,8.344,17,1
2026-09-03T05:43:38Z,MLOps: Sentiment Enrichment,COMPLETED,7.501,26,1
2026-09-03T05:43:45Z,MLOps: Vector Indexing,COMPLETED,8.470,26,1
2026-09-03T06:43:38Z,MLOps: Sentiment Enrichment,COMPLETED,7.440,18,1
2026-09-03T06:43:46Z,MLOps: Vector Indexing,COMPLETED,8.529,18,1
2026-09-03T07:43:37Z,MLOps: Sentiment Enrichment,COMPLETED,7.197,18,1
2026-09-03T07:43:44Z,MLOps: Vector Indexing,COMPLETED,8.431,18,1
2026-09-03T08:43:37Z,MLOps: Sentiment Enrichment,COMPLETED,7.387,18,1
2026-09-03T08:43:45Z,MLOps: Vector Indexing,COMPLETED,8.197,18,1
2026-09-03T09:43:37Z,MLOps: Sentiment Enrichment,COMPLETED,6.422,2,1
2026-09-03T09:43:44Z,MLOps: Vector Indexing,COMPLETED,8.289,2,1
2026-09-03T10:43:37Z,MLOps: Sentiment Enrichment,COMPLETED,6.941,12,1
2026-09-03T10:43:44Z,MLOps: Vector Indexing,COMPLETED,8.332,12,1
2026-09-03T11:43:37Z,MLOps: Sentiment Enrichment,COMPLETED,7.401,20,1
2026-09-03T11:43:45Z,MLOps: Vector Indexing,COMPLETED,8.371,20,1
2026-09-03T12:43:38Z,MLOps: Sentiment Enrichment,COMPLETED,7.271,18,1
2026-09-03T12:43:45Z,MLOps: Vector Indexing,COMPLETED,8.557,18,1
2026-09-03T13:43:37Z,MLOps: Sentiment Enrichment,COMPLETED,7.639,29,1
2026-09-03T13:43:45Z,MLOps: Vector Indexing,COMPLETED,8.678,29,1
2026-09-03T14:43:38Z,MLOps: Sentiment Enrichment,COMPLETED,8.121,32,1
2026-09-03T14:43:46Z,MLOps: Vector Indexing,COMPLETED,8.539,32,1
2026-09-03T15:43:38Z,MLOps: Sentiment Enrichment,COMPLETED,8.181,30,1
2026-09-03T15:43:46Z,MLOps: Vector Indexing,COMPLETED,8.680,30,1
2026-09-03T16:43:37Z,MLOps: Sentiment Enrichment,COMPLETED,7.727,24,1
2026-09-03T16:43:45Z,MLOps: Vector Indexing,COMPLETED,8.565,24,1
2026-09-03T17:43:37Z,MLOps: Sentiment Enrichment,COMPLETED,8.024,30,1
2026-09-03T17:43:45Z,MLOps: Vector Indexing,COMPLETED,8.825,30,1
2026-09-03T18:43:37Z,MLOps: Sentiment Enrichment,COMPLETED,7.860,25,1
2026-09-03T18:43:45Z,MLOps: Vector Indexing,COMPLETED,8.756,25,1
2026-09-03T19:43:37Z,MLOps: Sentiment Enrichment,COMPLETED,7.265,18,1
2026-09-03T19:43:45Z,MLOps: Vector Indexing,COMPLETED,8.390,18,1
2026-09-03T20:43:38Z,MLOps: Sentiment Enrichment,COMPLETED,7.475,21,1
2026-09-03T20:43:45Z,MLOps: Vector Indexing,COMPLETED,8.667,21,1
2026-09-03T21:43:38Z,MLOps: Sentiment Enrichment,COMPLETED,7.234,16,1
2026-09-03T21:43:45Z,MLOps: Vector Indexing,COMPLETED,8.416,16,1
2026-09-03T22:43:37Z,MLOps: Sentiment Enrichment,COMPLETED,7.080,15,1
2026-09-03T22:43:44Z,MLOps: Vector Indexing,COMPLETED,8.397,15,1
2026-09-03T23:43:38Z,MLOps: Sentiment Enrichment,COMPLETED,7.399,21,1
2026-09-03T23:43:45Z,MLOps: Vector Indexing,COMPLETED,8.351,21,1
2026-09-04T00:43:37Z,MLOps: Sentiment Enrichment,COMPLETED,6.958,13,1
2026-09-04T00:43:44Z,MLOps: Vector Indexing,COMPLETED,8.560,13,1
2026-09-04T01:43:38Z,MLOps: Sentiment Enrichment,COMPLETED,6.733,8,1
2026-09-04T01:43:44Z,MLOps: Vector Indexing,COMPLETED,8.375,8,1
2026-09-04T02:43:37Z,MLOps: Sentiment Enrichment,COMPLETED,6.824,11,1
2026-09-04T02:43:44Z,MLOps: Vector Indexing,COMPLETED,8.327,11,1
2026-09-04T03:43:37Z,MLOps: Sentiment Enrichment,COMPLETED,6.791,9,1
2026-09-04T03:43:44Z,MLOps: Vector Indexing,COMPLETED,8.326,9,1
2026-09-04T04:43:38Z,MLOps: Sentiment Enrichment,COMPLETED,7.293,17,1
2026-09-04T04:43:45Z,MLOps: Vector Indexing,COMPLETED,8.430,17,1
2026-09-04T05:43:38Z,MLOps: Sentiment Enrichment,COMPLETED,7.126,18,1
2026-09-04T05:43:45Z,MLOps: Vector Indexing,COMPLETED,8.360,18,1
2026-09-04T06:43:38Z,MLOps: Sentiment Enrichment,COMPLETED,7.571,23,1
2026-09-04T06:43:46Z,MLOps: Vector Indexing,COMPLETED,8.617,23,1
2026-09-04T07:43:37Z,MLOps: Sentiment Enrichment,COMPLETED,7.558,22,1
2026-09-04T07:43:45Z,MLOps: Vector Indexing,COMPLETED,8.525,22,1
2026-09-04T08:43:37Z,MLOps: Sentiment Enrichment,COMPLETED,7.343,21,1
2026-09-04T08:43:45Z,MLOps: Vector Indexing,COMPLETED,8.537,21,1
2026-09-04T09:43:37Z,MLOps: Sentiment Enrichment,COMPLETED,7.384,23,1
2026-09-04T09:43:45Z,MLOps: Vector Indexing,COMPLETED,8.341,23,1
2026-09-04T10:43:37Z,MLOps: Sentiment Enrichment,COMPLETED,7.395,24,1
2026-09-04T10:43:45Z,MLOps: Vector Indexing,COMPLETED,8.341,24,1
2026-09-04T11:43:37Z,MLOps: Sentiment Enrichment,COMPLETED,7.312,16,1
2026-09-04T11:43:44Z,MLOps: Vector Indexing,COMPLETED,8.399,16,1
2026-09-04T12:43:40Z,MLOps: Sentiment Enrichment,COMPLETED,7.127,9,1
2026-09-04T12:43:47Z,MLOps: Vector Indexing,COMPLETED,9.123,9,1
2026-09-04T13:43:38Z,MLOps: Sentiment Enrichment,COMPLETED,7.342,13,1
2026-09-04T13:43:45Z,MLOps: Vector Indexing,COMPLETED,8.496,13,1
2026-09-04T14:43:38Z,MLOps: Sentiment Enrichment,COMPLETED,7.616,24,1
2026-09-04T14:43:46Z,MLOps: Vector Indexing,COMPLETED,8.836,24,1
2026-09-04T15:50:10Z,MLOps: Sentiment Enrichment,COMPLETED,10.400,38,1
2026-09-04T15:50:21Z,MLOps: Vector Indexing,COMPLETED,14.866,38,1
2026-09-04T16:50:11Z,MLOps: Sentiment Enrichment,COMPLETED,8.696,19,1
2026-09-04T16:50:19Z,MLOps: Vector Indexing,COMPLETED,9.443,19,1
2026-09-04T17:50:10Z,MLOps: Sentiment Enrichment,COMPLETED,8.819,29,1
2026-09-04T17:50:19Z,MLOps: Vector Indexing,COMPLETED,9.226,29,1
2026-09-04T18:50:12Z,MLOps: Sentiment Enrichment,COMPLETED,8.466,28,1
2026-09-04T18:50:21Z,MLOps: Vector Indexing,COMPLETED,9.018,28,1
2026-09-04T19:50:10Z,MLOps: Sentiment Enrichment,COMPLETED,8.461,26,1
2026-09-04T19:50:19Z,MLOps: Vector Indexing,COMPLETED,9.093,26,1
2026-09-04T20:50:09Z,MLOps: Sentiment Enrichment,COMPLETED,8.955,31,1
2026-09-04T20:50:18Z,MLOps: Vector Indexing,COMPLETED,9.256,31,1
2026-09-04T21:50:10Z,MLOps: Sentiment Enrichment,COMPLETED,8.027,15,1
2026-09-04T21:50:18Z,MLOps: Vector Indexing,COMPLETED,9.021,15,1
2026-09-04T22:50:10Z,MLOps: Sentiment Enrichment,COMPLETED,8.478,17,1
2026-09-04T22:50:18Z,MLOps: Vector Indexing,COMPLETED,9.290,17,1
2026-09-04T23:50:09Z,MLOps: Sentiment Enrichment,COMPLETED,8.186,16,1
2026-09-04T23:50:18Z,MLOps: Vector Indexing,COMPLETED,9.125,16,1
2026-09-05T00:50:10Z,MLOps: Sentiment Enrichment,COMPLETED,8.585,22,1
2026-09-05T00:50:19Z,MLOps: Vector Indexing,COMPLETED,9.065,22,1
2026-09-05T01:50:11Z,MLOps: Sentiment Enrichment,COMPLETED,9.062,32,1
2026-09-05T01:50:20Z,MLOps: Vector Indexing,COMPLETED,9.154,32,1
2026-09-05T02:50:10Z,MLOps: Sentiment Enrichment,COMPLETED,8.099,23,1
2026-09-05T02:50:18Z,MLOps: Vector Indexing,COMPLETED,9.263,23,1
2026-09-05T03:50:10Z,MLOps: Sentiment Enrichment,COMPLETED,8.068,18,1
2026-09-05T03:50:19Z,MLOps: Vector Indexing,COMPLETED,9.093,18,1
2026-09-05T04:50:10Z,MLOps: Sentiment Enrichment,COMPLETED,7.345,4,1
2026-09-05T04:50:17Z,MLOps: Vector Indexing,COMPLETED,8.977,4,1
2026-09-05T05:50:10Z,MLOps: Sentiment Enrichment,COMPLETED,7.755,13,1
2026-09-05T05:50:17Z,MLOps: Vector Indexing,COMPLETED,8.923,13,1
2026-09-05T06:50:10Z,MLOps: Sentiment Enrichment,COMPLETED,8.389,25,1
2026-09-05T06:50:18Z,MLOps: Vector Indexing,COMPLETED,9.258,25,1
2026-09-05T07:50:09Z,MLOps: Sentiment Enrichment,COMPLETED,8.553,23,1
2026-09-05T07:50:18Z,MLOps: Vector Indexing,COMPLETED,9.079,23,1
2026-09-05T08:50:10Z,MLOps: Sentiment Enrichment,COMPLETED,7.587,10,1
2026-09-05T08:50:17Z,MLOps: Vector Indexing,COMPLETED,8.910,10,1
2026-09-05T09:50:10Z,MLOps: Sentiment Enrichment,COMPLETED,8.301,19,1
2026-09-05T09:50:18Z,MLOps: Vector Indexing,COMPLETED,8.999,19,1
2026-09-05T10:50:11Z,MLOps: Sentiment Enrichment,COMPLETED,8.054,20,1
2026-09-05T10:50:19Z,MLOps: Vector Indexing,COMPLETED,8.925,20,1
2026-09-05T11:50:09Z,MLOps: Sentiment Enrichment,COMPLETED,8.304,22,1
2026-09-05T11:50:18Z,MLOps: Vector Indexing,COMPLETED,8.980,22,1
2026-09-05T12:50:10Z,MLOps: Sentiment Enrichment,COMPLETED,8.234,22,1
2026-09-05T12:50:18Z,MLOps: Vector Indexing,COMPLETED,8.979,22,1
2026-09-05T13:50:09Z,MLOps: Sentiment Enrichment,COMPLETED,8.780,32,1
2026-09-05T13:50:18Z,MLOps: Vector Indexing,COMPLETED,9.020,32,1
2026-09-05T14:50:11Z,MLOps: Sentiment Enrichment,COMPLETED,8.911,29,1
2026-09-05T14:50:20Z,MLOps: Vector Indexing,COMPLETED,9.231,29,1
2026-09-05T15:50:10Z,MLOps: Sentiment Enrichment,COMPLETED,7.988,15,1
2026-09-05T15:50:18Z,MLOps: Vector Indexing,COMPLETED,8.911,15,1
2026-09-05T16:50:12Z,MLOps: Sentiment Enrichment,COMPLETED,7.956,14,1
2026-09-05T16:50:20Z,MLOps: Vector Indexing,COMPLETED,8.910,14,1
2026-09-05T17:50:12Z,MLOps: Sentiment Enrichment,COMPLETED,7.788,12,1
2026-09-05T17:50:20Z,MLOps: Vector Indexing,COMPLETED,9.313,12,1
2026-09-05T18:50:10Z,MLOps: Sentiment Enrichment,COMPLETED,8.009,18,1
2026-09-05T18:50:18Z,MLOps: Vector Indexing,COMPLETED,9.050,18,1
2026-09-05T19:50:10Z,MLOps: Sentiment Enrichment,COMPLETED,8.171,19,1
2026-09-05T19:50:18Z,MLOps: Vector Indexing,COMPLETED,9.110,19,1
2026-09-05T20:50:10Z,MLOps: Sentiment Enrichment,COMPLETED,7.846,9,1
2026-09-05T20:50:18Z,MLOps: Vector Indexing,COMPLETED,9.114,9,1
2026-09-05T21:50:10Z,MLOps: Sentiment Enrichment,COMPLETED,7.550,9,1
2026-09-05T21:50:18Z,MLOps: Vector Indexing,COMPLETED,9.020,9,1
2026-09-05T22:50:10Z,MLOps: Sentiment Enrichment,COMPLETED,7.724,12,1
2026-09-05T22:50:17Z,MLOps: Vector Indexing,COMPLETED,9.117,12,1
2026-09-05T23:50:09Z,MLOps: Sentiment Enrichment,COMPLETED,7.651,11,1
2026-09-05T23:50:17Z,MLOps: Vector Indexing,COMPLETED,8.992,11,1
2026-09-06T00:50:10Z,MLOps: Sentiment Enrichment,COMPLETED,8.412,21,1
2026-09-06T00:50:18Z,MLOps: Vector Indexing,COMPLETED,8.981,21,1
2026-09-06T01:50:10Z,MLOps: Sentiment Enrichment,COMPLETED,8.298,24,1
2026-09-06T01:50:18Z,MLOps: Vector Indexing,COMPLETED,8.865,24,1
2026-09-06T02:50:10Z,MLOps: Sentiment Enrichment,COMPLETED,7.997,16,1
2026-09-06T02:50:18Z,MLOps: Vector Indexing,COMPLETED,8.944,16,1
2026-09-06T03:50:10Z,MLOps: Sentiment Enrichment,COMPLETED,7.805,14,1
2026-09-06T03:50:17Z,MLOps: Vector Indexing,COMPLETED,9.066,14,1
2026-09-06T04:50:10Z,MLOps: Sentiment Enrichment,COMPLETED,8.522,23,1
2026-09-06T04:50:18Z,MLOps: Vector Indexing,COMPLETED,9.158,23,1
2026-09-06T05:50:10Z,MLOps: Sentiment Enrichment,COMPLETED,8.889,30,1
2026-09-06T05:50:18Z,MLOps: Vector Indexing,COMPLETED,9.305,30,1
2026-09-06T06:50:10Z,MLOps: Sentiment Enrichment,COMPLETED,8.604,17,1
2026-09-06T06:50:19Z,MLOps: Vector Indexing,COMPLETED,9.111,17,1
2026-09-06T07:50:14Z,MLOps: Sentiment Enrichment,COMPLETED,7.566,11,1
2026-09-06T07:50:21Z,MLOps: Vector Indexing,COMPLETED,8.955,11,1
2026-09-06T08:50:09Z,MLOps: Sentiment Enrichment,COMPLETED,8.577,22,1
2026-09-06T08:50:18Z,MLOps: Vector Indexing,COMPLETED,9.105,22,1
2026-09-06T09:50:09Z,MLOps: Sentiment Enrichment,COMPLETED,8.072,16,1
2026-09-06T09:50:17Z,MLOps: Vector Indexing,COMPLETED,8.900,16,1
2026-09-06T10:50:10Z,MLOps: Sentiment Enrichment,COMPLETED,7.613,11,1
2026-09-06T10:50:18Z,MLOps: Vector Indexing,COMPLETED,9.040,11,1
2026-09-06T11:50:10Z,MLOps: Sentiment Enrichment,COMPLETED,7.692,9,1
2026-09-06T11:50:18Z,MLOps: Vector Indexing,COMPLETED,9.310,9,1
2026-09-06T12:50:09Z,MLOps: Sentiment Enrichment,COMPLETED,8.149,15,1
2026-09-06T12:50:18Z,MLOps: Vector Indexing,COMPLETED,9.244,15,1
2026-09-06T13:50:11Z,MLOps: Sentiment Enrichment,COMPLETED,7.804,10,1
2026-09-06T13:50:19Z,MLOps: Vector Indexing,COMPLETED,9.688,10,1
2026-09-06T14:50:10Z,MLOps: Sentiment Enrichment,COMPLETED,7.384,6,1
2026-09-06T14:50:18Z,MLOps: Vector Indexing,COMPLETED,9.187,6,1
2026-09-06T15:50:10Z,MLOps: Sentiment Enrichment,COMPLETED,8.013,15,1
2026-09-06T15:50:18Z,MLOps: Vector Indexing,COMPLETED,8.854,15,1
2026-09-06T16:50:10Z,MLOps: Sentiment Enrichment,COMPLETED,7.892,13,1
2026-09-06T16:50:18Z,MLOps: Vector Indexing,COMPLETED,9.056,13,1
2026-09-06T17:50:10Z,MLOps: Sentiment Enrichment,COMPLETED,7.716,10,1
2026-09-06T17:50:18Z,MLOps: Vector Indexing,COMPLETED,9.425,10,1
2026-09-06T19:22:44Z,MLOps: Sentiment Enrichment,COMPLETED,8.337,26,1
2026-09-06T19:22:53Z,MLOps: Vector Indexing,COMPLETED,13.912,26,1
2026-09-06T20:22:44Z,MLOps: Sentiment Enrichment,COMPLETED,7.782,15,1
2026-09-06T20:22:51Z,MLOps: Vector Indexing,COMPLETED,10.255,15,1
2026-09-06T21:22:43Z,MLOps: Sentiment Enrichment,COMPLETED,7.236,17,1
2026-09-06T21:22:51Z,MLOps: Vector Indexing,COMPLETED,8.678,17,1
2026-09-06T22:22:48Z,MLOps: Sentiment Enrichment,COMPLETED,7.408,11,1
2026-09-06T22:22:55Z,MLOps: Vector Indexing,COMPLETED,9.213,11,1
2026-09-06T23:22:44Z,MLOps: Sentiment Enrichment,COMPLETED,7.349,15,1
2026-09-06T23:22:51Z,MLOps: Vector Indexing,COMPLETED,8.350,15,1
2026-09-07T00:22:45Z,MLOps: Sentiment Enrichment,COMPLETED,6.501,6,1
2026-09-07T00:22:51Z,MLOps: Vector Indexing,COMPLETED,8.277,6,1
2026-09-07T01:22:44Z,MLOps: Sentiment Enrichment,COMPLETED,6.598,6,1
2026-09-07T01:22:50Z,MLOps: Vector Indexing,COMPLETED,8.662,6,1
2026-09-07T02:22:44Z,MLOps: Sentiment Enrichment,COMPLETED,6.413,3,1
2026-09-07T02:22:50Z,MLOps: Vector Indexing,COMPLETED,8.460,3,1
2026-09-07T03:22:44Z,MLOps: Sentiment Enrichment,COMPLETED,6.539,4,1
2026-09-07T03:22:50Z,MLOps: Vector Indexing,COMPLETED,8.618,4,1
2026-09-07T04:22:44Z,MLOps: Sentiment Enrichment,COMPLETED,6.351,3,1
2026-09-07T04:22:51Z,MLOps: Vector Indexing,COMPLETED,8.303,3,1
2026-09-07T05:22:44Z,MLOps: Sentiment Enrichment,COMPLETED,6.527,4,1
2026-09-07T05:22:50Z,MLOps: Vector Indexing,COMPLETED,8.348,4,1
2026-09-07T06:22:43Z,MLOps: Sentiment Enrichment,COMPLETED,6.583,5,1
2026-09-07T06:22:50Z,MLOps: Vector Indexing,COMPLETED,8.270,5,1
2026-09-07T07:22:43Z,MLOps: Sentiment Enrichment,COMPLETED,6.517,3,1
2026-09-07T07:22:50Z,MLOps: Vector Indexing,COMPLETED,8.334,3,1
2026-09-07T08:22:44Z,MLOps: Sentiment Enrichment,COMPLETED,6.883,5,1
2026-09-07T08:22:51Z,MLOps: Vector Indexing,COMPLETED,8.364,5,1
2026-09-07T09:22:44Z,MLOps: Sentiment Enrichment,COMPLETED,8.754,41,1
2026-09-07T09:22:53Z,MLOps: Vector Indexing,COMPLETED,8.679,41,1
2026-09-07T10:22:44Z,MLOps: Sentiment Enrichment,COMPLETED,7.424,15,1
2026-09-07T10:22:52Z,MLOps: Vector Indexing,COMPLETED,8.385,15,1
2026-09-07T11:22:44Z,MLOps: Sentiment Enrichment,COMPLETED,7.461,13,1
2026-09-07T11:22:51Z,MLOps: Vector Indexing,COMPLETED,9.376,13,1
2026-09-07T12:22:46Z,MLOps: Sentiment Enrichment,COMPLETED,8.322,28,1
2026-09-07T12:22:54Z,MLOps: Vector Indexing,COMPLETED,9.113,28,1
2026-09-07T13:22:44Z,MLOps: Sentiment Enrichment,COMPLETED,7.595,27,1
2026-09-07T13:22:52Z,MLOps: Vector Indexing,COMPLETED,8.873,27,1
2026-09-07T14:22:44Z,MLOps: Sentiment Enrichment,COMPLETED,8.072,33,1
2026-09-07T14:22:52Z,MLOps: Vector Indexing,COMPLETED,8.785,33,1
2026-09-07T15:22:44Z,MLOps: Sentiment Enrichment,COMPLETED,7.871,28,1
2026-09-07T15:22:52Z,MLOps: Vector Indexing,COMPLETED,8.491,28,1
2026-09-07T16:22:46Z,MLOps: Sentiment Enrichment,COMPLETED,7.674,24,1
2026-09-07T16:22:54Z,MLOps: Vector Indexing,COMPLETED,8.556,24,1
2026-09-07T18:00:16Z,MLOps: Sentiment Enrichment,COMPLETED,8.967,28,1
2026-09-07T18:00:25Z,MLOps: Vector Indexing,COMPLETED,13.135,28,1
2026-09-07T19:00:17Z,MLOps: Sentiment Enrichment,COMPLETED,9.644,35,1
2026-09-07T19:00:26Z,MLOps: Vector Indexing,COMPLETED,9.449,35,1
2026-09-07T20:00:16Z,MLOps: Sentiment Enrichment,COMPLETED,7.568,6,1
2026-09-07T20:00:23Z,MLOps: Vector Indexing,COMPLETED,9.080,6,1
2026-09-07T21:00:16Z,MLOps: Sentiment Enrichment,COMPLETED,7.615,8,1
2026-09-07T21:00:23Z,MLOps: Vector Indexing,COMPLETED,9.089,8,1
2026-09-07T22:00:16Z,MLOps: Sentiment Enrichment,COMPLETED,7.628,7,1
2026-09-07T22:00:23Z,MLOps: Vector Indexing,COMPLETED,9.061,7,1
2026-09-07T23:00:15Z,MLOps: Sentiment Enrichment,COMPLETED,7.803,12,1
2026-09-07T23:00:23Z,MLOps: Vector Indexing,COMPLETED,9.140,12,1
2026-09-08T00:00:16Z,MLOps: Sentiment Enrichment,COMPLETED,7.492,9,1
2026-09-08T00:00:23Z,MLOps: Vector Indexing,COMPLETED,8.992,9,1
2026-09-08T01:00:16Z,MLOps: Sentiment Enrichment,COMPLETED,7.916,10,1
2026-09-08T01:00:24Z,MLOps: Vector Indexing,COMPLETED,9.047,10,1
2026-09-08T02:00:15Z,MLOps: Sentiment Enrichment,COMPLETED,7.576,6,1
2026-09-08T02:00:23Z,MLOps: Vector Indexing,COMPLETED,9.134,6,1
2026-09-08T03:00:16Z,MLOps: Sentiment Enrichment,COMPLETED,5.438,0,0
2026-09-08T03:00:21Z,MLOps: Vector Indexing,COMPLETED,1.543,0,0
2026-09-08T04:00:15Z,MLOps: Sentiment Enrichment,COMPLETED,7.030,2,1
2026-09-08T04:00:22Z,MLOps: Vector Indexing,COMPLETED,8.900,2,1
2026-09-08T05:00:16Z,MLOps: Sentiment Enrichment,COMPLETED,7.210,4,1
2026-09-08T05:00:23Z,MLOps: Vector Indexing,COMPLETED,9.132,4,1
2026-09-08T06:00:16Z,MLOps: Sentiment Enrichment,COMPLETED,7.601,10,1
2026-09-08T06:00:24Z,MLOps: Vector Indexing,COMPLETED,8.980,10,1
2026-09-08T07:00:16Z,MLOps: Sentiment Enrichment,COMPLETED,7.274,3,1
2026-09-08T07:00:23Z,MLOps: Vector Indexing,COMPLETED,8.948,3,1
2026-09-08T08:00:16Z,MLOps: Sentiment Enrichment,COMPLETED,7.234,1,1
2026-09-08T08:00:23Z,MLOps: Vector Indexing,COMPLETED,9.147,1,1
2026-09-08T09:00:16Z,MLOps: Sentiment Enrichment,COMPLETED,7.298,4,1
2026-09-08T09:00:23Z,MLOps: Vector Indexing,COMPLETED,9.049,4,1
2026-09-08T10:00:15Z,MLOps: Sentiment Enrichment,COMPLETED,8.400,21,1
2026-09-08T10:00:24Z,MLOps: Vector Indexing,COMPLETED,9.022,21,1
2026-09-08T11:00:16Z,MLOps: Sentiment Enrichment,COMPLETED,9.774,36,1
2026-09-08T11:00:26Z,MLOps: Vector Indexing,COMPLETED,10.728,36,1
2026-09-08T12:00:16Z,MLOps: Sentiment Enrichment,COMPLETED,9.052,35,1
2026-09-08T12:00:25Z,MLOps: Vector Indexing,COMPLETED,10.960,35,1
2026-09-08T13:00:16Z,MLOps: Sentiment Enrichment,COMPLETED,8.672,25,1
2026-09-08T13:00:24Z,MLOps: Vector Indexing,COMPLETED,9.710,25,1
2026-09-08T14:00:16Z,MLOps: Sentiment Enrichment,COMPLETED,8.936,29,1
2026-09-08T14:00:25Z,MLOps: Vector Indexing,COMPLETED,9.315,29,1
2026-09-08T15:00:16Z,MLOps: Sentiment Enrichment,COMPLETED,8.857,32,1
2026-09-08T15:00:25Z,MLOps: Vector Indexing,COMPLETED,9.141,32,1
2026-09-08T16:00:16Z,MLOps: Sentiment Enrichment,COMPLETED,8.499,25,1
2026-09-08T16:00:25Z,MLOps: Vector Indexing,COMPLETED,8.940,25,1
2026-09-08T17:00:16Z,MLOps: Sentiment Enrichment,COMPLETED,8.186,18,1
2026-09-08T17:00:24Z,MLOps: Vector Indexing,COMPLETED,9.219,18,1
2026-09-08T18:00:16Z,MLOps: Sentiment Enrichment,COMPLETED,8.373,21,1
2026-09-08T18:00:25Z,MLOps: Vector Indexing,COMPLETED,9.170,21,1
2026-09-08T19:00:15Z,MLOps: Sentiment Enrichment,COMPLETED,8.151,15,1
2026-09-08T19:00:23Z,MLOps: Vector Indexing,COMPLETED,9.110,15,1
2026-09-08T20:00:16Z,MLOps: Sentiment Enrichment,COMPLETED,7.859,11,1
2026-09-08T20:00:24Z,MLOps: Vector Indexing,COMPLETED,8.970,11,1
2026-09-08T21:00:16Z,MLOps: Sentiment Enrichment,COMPLETED,7.301,7,1
2026-09-08T21:00:24Z,MLOps: Vector Indexing,COMPLETED,9.058,7,1
2026-09-08T22:00:17Z,MLOps: Sentiment Enrichment,COMPLETED,7.509,8,1
2026-09-08T22:00:25Z,MLOps: Vector Indexing,COMPLETED,9.072,8,1
2026-09-08T23:00:15Z,MLOps: Sentiment Enrichment,COMPLETED,7.684,7,1
2026-09-08T23:00:23Z,MLOps: Vector Indexing,COMPLETED,9.331,7,1
2026-09-09T00:00:16Z,MLOps: Sentiment Enrichment,COMPLETED,7.587,8,1
2026-09-09T00:00:24Z,MLOps: Vector Indexing,COMPLETED,9.064,8,1
2026-09-09T01:00:15Z,MLOps: Sentiment Enrichment,COMPLETED,7.296,3,1
2026-09-09T01:00:23Z,MLOps: Vector Indexing,COMPLETED,8.923,3,1
2026-09-09T02:00:15Z,MLOps: Sentiment Enrichment,COMPLETED,7.132,3,1
2026-09-09T02:00:23Z,MLOps: Vector Indexing,COMPLETED,8.837,3,1
2026-09-09T03:00:16Z,MLOps: Sentiment Enrichment,COMPLETED,7.787,10,1
2026-09-09T03:00:24Z,MLOps: Vector Indexing,COMPLETED,8.844,10,1
2026-09-09T04:00:19Z,MLOps: Sentiment Enrichment,COMPLETED,8.630,29,1
2026-09-09T04:00:27Z,MLOps: Vector Indexing,COMPLETED,8.972,29,1
2026-09-09T05:00:15Z,MLOps: Sentiment Enrichment,COMPLETED,8.098,20,1
2026-09-09T05:00:24Z,MLOps: Vector Indexing,COMPLETED,9.026,20,1
2026-09-09T06:00:16Z,MLOps: Sentiment Enrichment,COMPLETED,7.738,13,1
2026-09-09T06:00:24Z,MLOps: Vector Indexing,COMPLETED,9.082,13,1
2026-09-09T07:00:18Z,MLOps: Sentiment Enrichment,COMPLETED,7.732,14,1
2026-09-09T07:00:26Z,MLOps: Vector Indexing,COMPLETED,9.165,14,1
2026-09-09T08:00:19Z,MLOps: Sentiment Enrichment,COMPLETED,8.084,20,1
2026-09-09T08:00:27Z,MLOps: Vector Indexing,COMPLETED,9.002,20,1
2026-09-09T09:00:16Z,MLOps: Sentiment Enrichment,COMPLETED,8.727,22,1
2026-09-09T09:00:25Z,MLOps: Vector Indexing,COMPLETED,9.241,22,1
2026-09-09T10:00:16Z,MLOps: Sentiment Enrichment,COMPLETED,8.028,18,1
2026-09-09T10:00:24Z,MLOps: Vector Indexing,COMPLETED,8.967,18,1
2026-09-09T11:00:16Z,MLOps: Sentiment Enrichment,COMPLETED,8.372,20,1
2026-09-09T11:00:24Z,MLOps: Vector Indexing,COMPLETED,8.946,20,1
2026-09-09T12:00:15Z,MLOps: Sentiment Enrichment,COMPLETED,7.920,17,1
2026-09-09T12:00:23Z,MLOps: Vector Indexing,COMPLETED,9.038,17,1
2026-09-09T13:00:16Z,MLOps: Sentiment Enrichment,COMPLETED,8.028,16,1
2026-09-09T13:00:24Z,MLOps: Vector Indexing,COMPLETED,9.244,16,1
2026-09-09T14:00:16Z,MLOps: Sentiment Enrichment,COMPLETED,8.539,27,1
2026-09-09T14:00:25Z,MLOps: Vector Indexing,COMPLETED,9.010,27,1
2026-09-09T15:00:17Z,MLOps: Sentiment Enrichment,COMPLETED,8.495,29,1
2026-09-09T15:00:25Z,MLOps: Vector Indexing,COMPLETED,9.183,29,1
2026-09-09T16:00:15Z,MLOps: Sentiment Enrichment,COMPLETED,8.367,21,1
2026-09-09T16:00:24Z,MLOps: Vector Indexing,COMPLETED,9.092,21,1
2026-09-09T17:00:18Z,MLOps: Sentiment Enrichment,COMPLETED,8.945,24,1
2026-09-09T17:00:27Z,MLOps: Vector Indexing,COMPLETED,9.081,24,1
2026-09-09T18:00:16Z,MLOps: Sentiment Enrichment,COMPLETED,8.184,20,1
2026-09-09T18:00:24Z,MLOps: Vector Indexing,COMPLETED,9.075,20,1
2026-09-09T19:00:16Z,MLOps: Sentiment Enrichment,COMPLETED,7.796,10,1
2026-09-09T19:00:24Z,MLOps: Vector Indexing,COMPLETED,9.056,10,1
2026-09-09T20:00:17Z,MLOps: Sentiment Enrichment,COMPLETED,8.244,17,1
2026-09-09T20:00:26Z,MLOps: Vector Indexing,COMPLETED,9.217,17,1
2026-09-09T21:00:16Z,MLOps: Sentiment Enrichment,COMPLETED,8.047,12,1
2026-09-09T21:00:24Z,MLOps: Vector Indexing,COMPLETED,9.009,12,1
2026-09-09T22:00:15Z,MLOps: Sentiment Enrichment,COMPLETED,8.359,19,1
2026-09-09T22:00:24Z,MLOps: Vector Indexing,COMPLETED,9.033,19,1
2026-09-09T23:00:16Z,MLOps: Sentiment Enrichment,COMPLETED,8.139,20,1
2026-09-09T23:00:24Z,MLOps: Vector Indexing,COMPLETED,8.948,20,1
2026-09-10T00:00:16Z,MLOps: Sentiment Enrichment,COMPLETED,8.164,21,1
2026-09-10T00:00:24Z,MLOps: Vector Indexing,COMPLETED,9.044,21,1
2026-09-10T01:00:16Z,MLOps: Sentiment Enrichment,COMPLETED,7.827,13,1
2026-09-10T01:00:24Z,MLOps: Vector Indexing,COMPLETED,9.064,13,1
2026-09-10T02:00:16Z,MLOps: Sentiment Enrichment,COMPLETED,7.407,11,1
2026-09-10T02:00:23Z,MLOps: Vector Indexing,COMPLETED,8.957,11,1
2026-09-10T03:00:15Z,MLOps: Sentiment Enrichment,COMPLETED,7.393,6,1
2026-09-10T03:00:23Z,MLOps: Vector Indexing,COMPLETED,8.968,6,1
2026-09-10T04:00:17Z,MLOps: Sentiment Enrichment,COMPLETED,7.373,9,1
2026-09-10T04:00:24Z,MLOps: Vector Indexing,COMPLETED,8.899,9,1
2026-09-10T05:00:15Z,MLOps: Sentiment Enrichment,COMPLETED,8.006,17,1
2026-09-10T05:00:23Z,MLOps: Vector Indexing,COMPLETED,9.123,17,1
2026-09-10T06:00:15Z,MLOps: Sentiment Enrichment,COMPLETED,8.300,28,1
2026-09-10T06:00:24Z,MLOps: Vector Indexing,COMPLETED,9.145,28,1
2026-09-10T07:00:17Z,MLOps: Sentiment Enrichment,COMPLETED,7.833,13,1
2026-09-10T07:00:25Z,MLOps: Vector Indexing,COMPLETED,8.891,13,1
2026-09-10T08:00:16Z,MLOps: Sentiment Enrichment,COMPLETED,8.189,15,1
2026-09-10T08:00:24Z,MLOps: Vector Indexing,COMPLETED,9.142,15,1
2026-09-10T09:00:16Z,MLOps: Sentiment Enrichment,COMPLETED,8.341,21,1
2026-09-10T09:00:24Z,MLOps: Vector Indexing,COMPLETED,9.047,21,1
2026-09-10T10:00:15Z,MLOps: Sentiment Enrichment,COMPLETED,7.825,17,1
2026-09-10T10:00:23Z,MLOps: Vector Indexing,COMPLETED,9.055,17,1
2026-09-10T11:00:16Z,MLOps: Sentiment Enrichment,COMPLETED,8.848,26,1
2026-09-10T11:00:25Z,MLOps: Vector Indexing,COMPLETED,8.965,26,1
2026-09-10T12:00:16Z,MLOps: Sentiment Enrichment,COMPLETED,8.816,26,1
2026-09-10T12:00:25Z,MLOps: Vector Indexing,COMPLETED,9.100,26,1
2026-09-10T13:19:36Z,MLOps: Sentiment Enrichment,COMPLETED,11.175,45,1
2026-09-10T13:19:47Z,MLOps: Vector Indexing,COMPLETED,14.691,45,1
2026-09-10T14:19:35Z,MLOps: Sentiment Enrichment,COMPLETED,9.487,35,1
2026-09-10T14:19:44Z,MLOps: Vector Indexing,COMPLETED,9.412,35,1
2026-09-10T15:19:35Z,MLOps: Sentiment Enrichment,COMPLETED,8.443,26,1
2026-09-10T15:19:43Z,MLOps: Vector Indexing,COMPLETED,9.133,26,1
2026-09-10T16:19:35Z,MLOps: Sentiment Enrichment,COMPLETED,8.801,26,1
2026-09-10T16:19:43Z,MLOps: Vector Indexing,COMPLETED,9.088,26,1
2026-09-10T17:19:35Z,MLOps: Sentiment Enrichment,COMPLETED,8.612,28,1
2026-09-10T17:19:43Z,MLOps: Vector Indexing,COMPLETED,9.060,28,1
2026-09-10T18:19:35Z,MLOps: Sentiment Enrichment,COMPLETED,8.236,16,1
2026-09-10T18:19:43Z,MLOps: Vector Indexing,COMPLETED,9.214,16,1
2026-09-10T19:19:34Z,MLOps: Sentiment Enrichment,COMPLETED,7.972,13,1
2026-09-10T19:19:42Z,MLOps: Vector Indexing,COMPLETED,8.984,13,1
2026-09-10T20:19:35Z,MLOps: Sentiment Enrichment,COMPLETED,8.931,32,1
2026-09-10T20:19:44Z,MLOps: Vector Indexing,COMPLETED,9.097,32,1
2026-09-10T21:19:34Z,MLOps: Sentiment Enrichment,COMPLETED,7.916,18,1
2026-09-10T21:19:42Z,MLOps: Vector Indexing,COMPLETED,9.218,18,1
2026-09-10T22:19:34Z,MLOps: Sentiment Enrichment,COMPLETED,8.144,19,1
2026-09-10T22:19:42Z,MLOps: Vector Indexing,COMPLETED,8.913,19,1
2026-09-10T23:19:34Z,MLOps: Sentiment Enrichment,COMPLETED,8.230,20,1
2026-09-10T23:19:42Z,MLOps: Vector Indexing,COMPLETED,9.076,20,1
2026-09-11T00:19:35Z,MLOps: Sentiment Enrichment,COMPLETED,7.973,8,1
2026-09-11T00:19:43Z,MLOps: Vector Indexing,COMPLETED,9.004,8,1
2026-09-11T01:19:34Z,MLOps: Sentiment Enrichment,COMPLETED,7.800,9,1
2026-09-11T01:19:42Z,MLOps: Vector Indexing,COMPLETED,8.931,9,1
2026-09-11T02:19:34Z,MLOps: Sentiment Enrichment,COMPLETED,7.720,10,1
2026-09-11T02:19:42Z,MLOps: Vector Indexing,COMPLETED,8.972,10,1
2026-09-11T03:19:37Z,MLOps: Sentiment Enrichment,COMPLETED,8.017,12,1
2026-09-11T03:19:45Z,MLOps: Vector Indexing,COMPLETED,8.904,12,1
2026-09-11T04:19:34Z,MLOps: Sentiment Enrichment,COMPLETED,8.187,18,1
2026-09-11T04:19:42Z,MLOps: Vector Indexing,COMPLETED,9.134,18,1
2026-09-11T05:19:34Z,MLOps: Sentiment Enrichment,COMPLETED,8.233,23,1
2026-09-11T05:19:43Z,MLOps: Vector Indexing,COMPLETED,8.936,23,1
2026-09-11T06:19:35Z,MLOps: Sentiment Enrichment,COMPLETED,9.231,30,1
2026-09-11T06:19:44Z,MLOps: Vector Indexing,COMPLETED,9.038,30,1
2026-09-11T07:19:34Z,MLOps: Sentiment Enrichment,COMPLETED,8.372,23,1
2026-09-11T07:19:43Z,MLOps: Vector Indexing,COMPLETED,9.070,23,1
2026-09-11T08:19:34Z,MLOps: Sentiment Enrichment,COMPLETED,8.191,18,1
2026-09-11T08:19:42Z,MLOps: Vector Indexing,COMPLETED,8.954,18,1
2026-09-11T09:19:34Z,MLOps: Sentiment Enrichment,COMPLETED,8.851,20,1
2026-09-11T09:19:43Z,MLOps: Vector Indexing,COMPLETED,9.402,20,1
2026-09-11T10:19:34Z,MLOps: Sentiment Enrichment,COMPLETED,8.490,26,1
2026-09-11T10:19:43Z,MLOps: Vector Indexing,COMPLETED,8.971,26,1
2026-09-11T11:19:34Z,MLOps: Sentiment Enrichment,COMPLETED,7.980,20,1
2026-09-11T11:19:42Z,MLOps: Vector Indexing,COMPLETED,8.744,20,1
2026-09-11T12:19:35Z,MLOps: Sentiment Enrichment,COMPLETED,8.279,20,1
2026-09-11T12:19:43Z,MLOps: Vector Indexing,COMPLETED,9.335,20,1
2026-09-11T13:19:34Z,MLOps: Sentiment Enrichment,COMPLETED,7.764,9,1
2026-09-11T13:19:42Z,MLOps: Vector Indexing,COMPLETED,9.037,9,1
2026-09-11T14:19:35Z,MLOps: Sentiment Enrichment,COMPLETED,8.261,19,1
2026-09-11T14:19:43Z,MLOps: Vector Indexing,COMPLETED,9.203,19,1
2026-09-11T15:19:35Z,MLOps: Sentiment Enrichment,COMPLETED,8.240,21,1
2026-09-11T15:19:43Z,MLOps: Vector Indexing,COMPLETED,9.227,21,1
2026-09-11T16:19:34Z,MLOps: Sentiment Enrichment,COMPLETED,8.934,32,1
2026-09-11T16:19:43Z,MLOps: Vector Indexing,COMPLETED,9.223,32,1
2026-09-11T17:19:36Z,MLOps: Sentiment Enrichment,COMPLETED,8.760,15,1
2026-09-11T17:19:45Z,MLOps: Vector Indexing,COMPLETED,8.972,15,1
2026-09-11T18:19:34Z,MLOps: Sentiment Enrichment,COMPLETED,8.235,17,1
2026-09-11T18:19:42Z,MLOps: Vector Indexing,COMPLETED,9.182,17,1
2026-09-11T19:19:37Z,MLOps: Sentiment Enrichment,COMPLETED,7.576,10,1
2026-09-11T19:19:44Z,MLOps: Vector Indexing,COMPLETED,9.061,10,1
2026-09-11T20:19:35Z,MLOps: Sentiment Enrichment,COMPLETED,8.366,19,1
2026-09-11T20:19:43Z,MLOps: Vector Indexing,COMPLETED,8.844,19,1
2026-09-11T21:19:34Z,MLOps: Sentiment Enrichment,COMPLETED,7.953,17,1
2026-09-11T21:19:42Z,MLOps: Vector Indexing,COMPLETED,9.009,17,1
2026-09-11T22:19:37Z,MLOps: Sentiment Enrichment,COMPLETED,7.723,10,1
2026-09-11T22:19:45Z,MLOps: Vector Indexing,COMPLETED,8.919,10,1
2026-09-11T23:19:35Z,MLOps: Sentiment Enrichment,COMPLETED,8.391,18,1
2026-09-11T23:19:43Z,MLOps: Vector Indexing,COMPLETED,9.273,18,1
2026-09-12T00:19:34Z,MLOps: Sentiment Enrichment,COMPLETED,8.514,19,1
2026-09-12T00:19:43Z,MLOps: Vector Indexing,COMPLETED,8.974,19,1
2026-09-12T01:19:34Z,MLOps: Sentiment Enrichment,COMPLETED,8.215,23,1
2026-09-12T01:19:42Z,MLOps: Vector Indexing,COMPLETED,9.690,23,1
2026-09-12T02:19:36Z,MLOps: Sentiment Enrichment,COMPLETED,8.869,31,1
2026-09-12T02:19:45Z,MLOps: Vector Indexing,COMPLETED,9.030,31,1
2026-09-12T03:19:34Z,MLOps: Sentiment Enrichment,COMPLETED,8.011,17,1
2026-09-12T03:19:42Z,MLOps: Vector Indexing,COMPLETED,8.971,17,1
2026-09-12T04:19:34Z,MLOps: Sentiment Enrichment,COMPLETED,7.101,1,1
2026-09-12T04:19:41Z,MLOps: Vector Indexing,COMPLETED,8.702,1,1
2026-09-12T05:19:34Z,MLOps: Sentiment Enrichment,COMPLETED,7.776,15,1
2026-09-12T05:19:42Z,MLOps: Vector Indexing,COMPLETED,8.913,15,1
2026-09-12T06:19:34Z,MLOps: Sentiment Enrichment,COMPLETED,7.957,15,1
2026-09-12T06:19:42Z,MLOps: Vector Indexing,COMPLETED,9.010,15,1
2026-09-12T07:19:35Z,MLOps: Sentiment Enrichment,COMPLETED,8.518,21,1
2026-09-12T07:19:43Z,MLOps: Vector Indexing,COMPLETED,9.188,21,1
2026-09-12T08:19:34Z,MLOps: Sentiment Enrichment,COMPLETED,9.616,24,1
2026-09-12T08:19:44Z,MLOps: Vector Indexing,COMPLETED,9.110,24,1
2026-09-12T09:19:34Z,MLOps: Sentiment Enrichment,COMPLETED,8.267,10,1
2026-09-12T09:19:43Z,MLOps: Vector Indexing,COMPLETED,8.771,10,1
2026-09-12T10:19:34Z,MLOps: Sentiment Enrichment,COMPLETED,7.963,12,1
2026-09-12T10:19:42Z,MLOps: Vector Indexing,COMPLETED,9.045,12,1
2026-09-12T11:19:35Z,MLOps: Sentiment Enrichment,COMPLETED,7.807,13,1
2026-09-12T11:19:43Z,MLOps: Vector Indexing,COMPLETED,8.964,13,1
2026-09-12T12:19:35Z,MLOps: Sentiment Enrichment,COMPLETED,8.106,19,1
2026-09-12T12:19:43Z,MLOps: Vector Indexing,COMPLETED,9.032,19,1
2026-09-12T13:19:34Z,MLOps: Sentiment Enrichment,COMPLETED,8.835,29,1
2026-09-12T13:19:43Z,MLOps: Vector Indexing,COMPLETED,9.058,29,1
2026-09-12T14:19:35Z,MLOps: Sentiment Enrichment,COMPLETED,10.371,29,1
2026-09-12T14:19:45Z,MLOps: Vector Indexing,COMPLETED,9.052,29,1
2026-09-12T15:19:38Z,MLOps: Sentiment Enrichment,COMPLETED,7.909,13,1
2026-09-12T15:19:46Z,MLOps: Vector Indexing,COMPLETED,8.974,13,1
2026-09-12T16:19:35Z,MLOps: Sentiment Enrichment,COMPLETED,7.499,11,1
2026-09-12T16:19:42Z,MLOps: Vector Indexing,COMPLETED,8.906,11,1
2026-09-12T17:19:38Z,MLOps: Sentiment Enrichment,COMPLETED,7.867,17,1
2026-09-12T17:19:45Z,MLOps: Vector Indexing,COMPLETED,9.014,17,1
2026-09-12T18:19:35Z,MLOps: Sentiment Enrichment,COMPLETED,7.957,12,1
2026-09-12T18:19:42Z,MLOps: Vector Indexing,COMPLETED,8.996,12,1
2026-09-12T19:19:34Z,MLOps: Sentiment Enrichment,COMPLETED,7.612,10,1
2026-09-12T19:19:42Z,MLOps: Vector Indexing,COMPLETED,9.077,10,1
2026-09-12T20:19:34Z,MLOps: Sentiment Enrichment,COMPLETED,7.541,8,1
2026-09-12T20:19:42Z,MLOps: Vector Indexing,COMPLETED,8.828,8,1
2026-09-12T21:19:34Z,MLOps: Sentiment Enrichment,COMPLETED,7.821,9,1
2026-09-12T21:19:42Z,MLOps: Vector Indexing,COMPLETED,8.665,9,1
2026-09-12T22:19:34Z,MLOps: Sentiment Enrichment,COMPLETED,8.028,19,1
2026-09-12T22:19:42Z,MLOps: Vector Indexing,COMPLETED,9.000,19,1
2026-09-12T23:19:36Z,MLOps: Sentiment Enrichment,COMPLETED,7.731,15,1
2026-09-12T23:19:43Z,MLOps: Vector Indexing,COMPLETED,8.977,15,1
2026-09-13T00:19:35Z,MLOps: Sentiment Enrichment,COMPLETED,9.309,20,1
2026-09-13T00:19:44Z,MLOps: Vector Indexing,COMPLETED,9.014,20,1
2026-09-13T01:19:34Z,MLOps: Sentiment Enrichment,COMPLETED,8.559,23,1
2026-09-13T01:19:43Z,MLOps: Vector Indexing,COMPLETED,9.224,23,1
2026-09-13T02:19:35Z,MLOps: Sentiment Enrichment,COMPLETED,8.449,18,1
2026-09-13T02:19:43Z,MLOps: Vector Indexing,COMPLETED,8.828,18,1
2026-09-13T03:19:34Z,MLOps: Sentiment Enrichment,COMPLETED,8.401,17,1
2026-09-13T03:19:42Z,MLOps: Vector Indexing,COMPLETED,9.034,17,1
2026-09-13T04:19:35Z,MLOps: Sentiment Enrichment,COMPLETED,8.261,13,1
2026-09-13T04:19:43Z,MLOps: Vector Indexing,COMPLETED,9.146,13,1
2026-09-13T05:19:34Z,MLOps: Sentiment Enrichment,COMPLETED,8.245,23,1
2026-09-13T05:19:43Z,MLOps: Vector Indexing,COMPLETED,9.164,23,1
2026-09-13T06:19:36Z,MLOps: Sentiment Enrichment,COMPLETED,9.276,36,1
2026-09-13T06:19:45Z,MLOps: Vector Indexing,COMPLETED,9.127,36,1
2026-09-13T07:19:35Z,MLOps: Sentiment Enrichment,COMPLETED,7.844,15,1
2026-09-13T07:19:42Z,MLOps: Vector Indexing,COMPLETED,8.975,15,1
2026-09-13T08:19:35Z,MLOps: Sentiment Enrichment,COMPLETED,8.240,18,1
2026-09-13T08:19:44Z,MLOps: Vector Indexing,COMPLETED,9.041,18,1
2026-09-13T09:19:34Z,MLOps: Sentiment Enrichment,COMPLETED,9.575,28,1
2026-09-13T09:19:44Z,MLOps: Vector Indexing,COMPLETED,9.231,28,1
2026-09-13T10:19:34Z,MLOps: Sentiment Enrichment,COMPLETED,8.339,23,1
2026-09-13T10:19:43Z,MLOps: Vector Indexing,COMPLETED,8.969,23,1
2026-09-13T11:19:34Z,MLOps: Sentiment Enrichment,COMPLETED,8.078,15,1
2026-09-13T11:19:42Z,MLOps: Vector Indexing,COMPLETED,8.930,15,1
2026-09-13T12:19:34Z,MLOps: Sentiment Enrichment,COMPLETED,7.801,12,1
2026-09-13T12:19:42Z,MLOps: Vector Indexing,COMPLETED,8.978,12,1
2026-09-13T13:19:37Z,MLOps: Sentiment Enrichment,COMPLETED,8.479,11,1
2026-09-13T13:19:45Z,MLOps: Vector Indexing,COMPLETED,9.091,11,1
2026-09-13T14:19:35Z,MLOps: Sentiment Enrichment,COMPLETED,8.358,10,1
2026-09-13T14:19:44Z,MLOps: Vector Indexing,COMPLETED,9.032,10,1
2026-09-13T15:19:34Z,MLOps: Sentiment Enrichment,COMPLETED,8.420,21,1
2026-09-13T15:19:43Z,MLOps: Vector Indexing,COMPLETED,9.526,21,1
2026-09-13T16:19:35Z,MLOps: Sentiment Enrichment,COMPLETED,8.613,15,1
2026-09-13T16:19:43Z,MLOps: Vector Indexing,COMPLETED,9.277,15,1
2026-09-13T17:19:34Z,MLOps: Sentiment Enrichment,COMPLETED,8.012,15,1
2026-09-13T17:19:42Z,MLOps: Vector Indexing,COMPLETED,9.059,15,1
2026-09-13T18:19:34Z,MLOps: Sentiment Enrichment,COMPLETED,8.288,18,1
2026-09-13T18:19:43Z,MLOps: Vector Indexing,COMPLETED,9.443,18,1
2026-09-13T19:19:34Z,MLOps: Sentiment Enrichment,COMPLETED,8.538,11,1
2026-09-13T19:19:43Z,MLOps: Vector Indexing,COMPLETED,9.104,11,1
2026-09-13T20:19:34Z,MLOps: Sentiment Enrichment,COMPLETED,8.372,21,1
2026-09-13T20:19:42Z,MLOps: Vector Indexing,COMPLETED,9.082,21,1
2026-09-13T21:21:27Z,MLOps: Sentiment Enrichment,COMPLETED,7.118,1,1
2026-09-13T21:21:35Z,MLOps: Vector Indexing,COMPLETED,9.006,1,1
2026-09-13T22:19:34Z,MLOps: Sentiment Enrichment,COMPLETED,8.513,21,1
2026-09-13T22:19:43Z,MLOps: Vector Indexing,COMPLETED,9.102,21,1
2026-09-13T23:19:34Z,MLOps: Sentiment Enrichment,COMPLETED,7.596,9,1
2026-09-13T23:19:42Z,MLOps: Vector Indexing,COMPLETED,8.945,9,1
2026-09-14T00:19:34Z,MLOps: Sentiment Enrichment,COMPLETED,7.570,9,1
2026-09-14T00:19:42Z,MLOps: Vector Indexing,COMPLETED,8.978,9,1
2026-09-14T01:19:34Z,MLOps: Sentiment Enrichment,COMPLETED,7.601,7,1
2026-09-14T01:19:42Z,MLOps: Vector Indexing,COMPLETED,8.872,7,1
2026-09-14T02:19:34Z,MLOps: Sentiment Enrichment,COMPLETED,7.799,12,1
2026-09-14T02:19:42Z,MLOps: Vector Indexing,COMPLETED,8.973,12,1
2026-09-14T03:19:34Z,MLOps: Sentiment Enrichment,COMPLETED,7.283,3,1
2026-09-14T03:19:42Z,MLOps: Vector Indexing,COMPLETED,9.000,3,1
2026-09-14T04:19:34Z,MLOps: Sentiment Enrichment,COMPLETED,8.063,10,1
2026-09-14T04:19:42Z,MLOps: Vector Indexing,COMPLETED,9.067,10,1
2026-09-14T05:19:35Z,MLOps: Sentiment Enrichment,COMPLETED,7.805,7,1
2026-09-14T05:19:43Z,MLOps: Vector Indexing,COMPLETED,8.852,7,1
2026-09-14T06:19:35Z,MLOps: Sentiment Enrichment,COMPLETED,7.386,6,1
2026-09-14T06:19:42Z,MLOps: Vector Indexing,COMPLETED,9.357,6,1
2026-09-14T07:19:34Z,MLOps: Sentiment Enrichment,COMPLETED,7.125,1,1
2026-09-14T07:19:41Z,MLOps: Vector Indexing,COMPLETED,9.008,1,1
2026-09-14T08:19:35Z,MLOps: Sentiment Enrichment,COMPLETED,7.109,1,1
2026-09-14T08:19:42Z,MLOps: Vector Indexing,COMPLETED,9.076,1,1
2026-09-14T09:19:34Z,MLOps: Sentiment Enrichment,COMPLETED,9.093,30,1
2026-09-14T09:19:43Z,MLOps: Vector Indexing,COMPLETED,9.269,30,1
2026-09-14T10:19:39Z,MLOps: Sentiment Enrichment,COMPLETED,10.314,24,1
2026-09-14T10:19:49Z,MLOps: Vector Indexing,COMPLETED,9.158,24,1
2026-09-14T11:19:35Z,MLOps: Sentiment Enrichment,COMPLETED,8.179,17,1
2026-09-14T11:19:43Z,MLOps: Vector Indexing,COMPLETED,8.897,17,1
2026-09-14T12:19:34Z,MLOps: Sentiment Enrichment,COMPLETED,8.692,22,1
2026-09-14T12:19:43Z,MLOps: Vector Indexing,COMPLETED,9.271,22,1
2026-09-14T13:19:34Z,MLOps: Sentiment Enrichment,COMPLETED,8.643,30,1
2026-09-14T13:19:43Z,MLOps: Vector Indexing,COMPLETED,9.238,30,1
2026-09-14T14:19:35Z,MLOps: Sentiment Enrichment,COMPLETED,9.270,31,1
2026-09-14T14:19:44Z,MLOps: Vector Indexing,COMPLETED,9.685,31,1
2026-09-14T15:19:35Z,MLOps: Sentiment Enrichment,COMPLETED,8.888,30,1
2026-09-14T15:19:44Z,MLOps: Vector Indexing,COMPLETED,9.222,30,1
2026-09-14T16:19:34Z,MLOps: Sentiment Enrichment,COMPLETED,8.069,15,1
2026-09-14T16:19:43Z,MLOps: Vector Indexing,COMPLETED,9.118,15,1
2026-09-14T17:19:35Z,MLOps: Sentiment Enrichment,COMPLETED,9.095,26,1
2026-09-14T17:19:44Z,MLOps: Vector Indexing,COMPLETED,9.715,26,1
2026-09-14T18:19:35Z,MLOps: Sentiment Enrichment,COMPLETED,11.673,42,1
2026-09-14T18:19:47Z,MLOps: Vector Indexing,COMPLETED,9.368,42,1
2026-09-14T19:19:35Z,MLOps: Sentiment Enrichment,COMPLETED,8.218,12,1
2026-09-14T19:19:43Z,MLOps: Vector Indexing,COMPLETED,9.262,12,1
2026-09-14T20:19:34Z,MLOps: Sentiment Enrichment,COMPLETED,7.877,11,1
2026-09-14T20:19:42Z,MLOps: Vector Indexing,COMPLETED,9.152,11,1
2026-09-14T21:19:34Z,MLOps: Sentiment Enrichment,COMPLETED,7.691,11,1
2026-09-14T21:19:42Z,MLOps: Vector Indexing,COMPLETED,8.864,11,1
2026-09-14T22:19:34Z,MLOps: Sentiment Enrichment,COMPLETED,7.774,9,1
2026-09-14T22:19:42Z,MLOps: Vector Indexing,COMPLETED,9.115,9,1
2026-09-14T23:19:35Z,MLOps: Sentiment Enrichment,COMPLETED,7.405,5,1
2026-09-14T23:19:42Z,MLOps: Vector Indexing,COMPLETED,9.000,5,1
2026-09-15T00:19:34Z,MLOps: Sentiment Enrichment,COMPLETED,7.267,5,1
2026-09-15T00:19:41Z,MLOps: Vector Indexing,COMPLETED,8.956,5,1
2026-09-15T01:19:35Z,MLOps: Sentiment Enrichment,COMPLETED,7.356,4,1
2026-09-15T01:19:43Z,MLOps: Vector Indexing,COMPLETED,8.793,4,1
2026-09-15T02:19:34Z,MLOps: Sentiment Enrichment,COMPLETED,7.532,7,1
2026-09-15T02:19:42Z,MLOps: Vector Indexing,COMPLETED,8.923,7,1
2026-09-15T03:19:35Z,MLOps: Sentiment Enrichment,COMPLETED,7.355,5,1
2026-09-15T03:19:42Z,MLOps: Vector Indexing,COMPLETED,9.011,5,1
2026-09-15T04:19:34Z,MLOps: Sentiment Enrichment,COMPLETED,7.392,3,1
2026-09-15T04:19:42Z,MLOps: Vector Indexing,COMPLETED,9.303,3,1
2026-09-15T05:19:35Z,MLOps: Sentiment Enrichment,COMPLETED,7.281,3,1
2026-09-15T05:19:42Z,MLOps: Vector Indexing,COMPLETED,9.253,3,1
2026-09-15T06:19:34Z,MLOps: Sentiment Enrichment,COMPLETED,7.232,2,1
2026-09-15T06:19:41Z,MLOps: Vector Indexing,COMPLETED,9.086,2,1
2026-09-15T07:19:34Z,MLOps: Sentiment Enrichment,COMPLETED,7.363,5,1
2026-09-15T07:19:42Z,MLOps: Vector Indexing,COMPLETED,9.246,5,1
2026-09-15T08:19:35Z,MLOps: Sentiment Enrichment,COMPLETED,7.716,6,1
2026-09-15T08:19:42Z,MLOps: Vector Indexing,COMPLETED,8.884,6,1
2026-09-15T09:19:35Z,MLOps: Sentiment Enrichment,COMPLETED,8.305,22,1
2026-09-15T09:19:43Z,MLOps: Vector Indexing,COMPLETED,8.982,22,1
2026-09-15T10:19:37Z,MLOps: Sentiment Enrichment,COMPLETED,8.547,28,1
2026-09-15T10:19:45Z,MLOps: Vector Indexing,COMPLETED,9.219,28,1
2026-09-15T11:19:34Z,MLOps: Sentiment Enrichment,COMPLETED,9.036,19,1
2026-09-15T11:19:43Z,MLOps: Vector Indexing,COMPLETED,9.092,19,1
2026-09-15T12:46:42Z,MLOps: Sentiment Enrichment,COMPLETED,10.500,21,1
2026-09-15T12:46:53Z,MLOps: Vector Indexing,COMPLETED,12.270,21,1
2026-09-15T13:46:43Z,MLOps: Sentiment Enrichment,COMPLETED,8.414,16,1
2026-09-15T13:46:51Z,MLOps: Vector Indexing,COMPLETED,10.025,16,1
2026-09-15T14:46:42Z,MLOps: Sentiment Enrichment,COMPLETED,9.009,25,1
2026-09-15T14:46:51Z,MLOps: Vector Indexing,COMPLETED,9.954,25,1
2026-09-15T15:46:42Z,MLOps: Sentiment Enrichment,COMPLETED,8.835,27,1
2026-09-15T15:46:51Z,MLOps: Vector Indexing,COMPLETED,9.163,27,1
2026-09-15T16:46:42Z,MLOps: Sentiment Enrichment,COMPLETED,8.421,23,1
2026-09-15T16:46:51Z,MLOps: Vector Indexing,COMPLETED,9.123,23,1
2026-09-15T17:46:42Z,MLOps: Sentiment Enrichment,COMPLETED,8.374,18,1
2026-09-15T17:46:51Z,MLOps: Vector Indexing,COMPLETED,9.084,18,1
2026-09-15T18:46:43Z,MLOps: Sentiment Enrichment,COMPLETED,7.805,10,1
2026-09-15T18:46:50Z,MLOps: Vector Indexing,COMPLETED,8.888,10,1
2026-09-15T19:46:42Z,MLOps: Sentiment Enrichment,COMPLETED,8.026,10,1
2026-09-15T19:46:50Z,MLOps: Vector Indexing,COMPLETED,9.547,10,1
2026-09-15T20:46:42Z,MLOps: Sentiment Enrichment,COMPLETED,8.227,15,1
2026-09-15T20:46:50Z,MLOps: Vector Indexing,COMPLETED,9.041,15,1
2026-09-15T21:46:42Z,MLOps: Sentiment Enrichment,COMPLETED,8.564,19,1
2026-09-15T21:46:51Z,MLOps: Vector Indexing,COMPLETED,9.134,19,1
2026-09-15T22:46:42Z,MLOps: Sentiment Enrichment,COMPLETED,8.646,18,1
2026-09-15T22:46:51Z,MLOps: Vector Indexing,COMPLETED,9.032,18,1
2026-09-15T23:46:42Z,MLOps: Sentiment Enrichment,COMPLETED,8.719,19,1
2026-09-15T23:46:51Z,MLOps: Vector Indexing,COMPLETED,8.925,19,1
2026-09-16T00:46:41Z,MLOps: Sentiment Enrichment,COMPLETED,7.233,4,1
2026-09-16T00:46:49Z,MLOps: Vector Indexing,COMPLETED,8.944,4,1
2026-09-16T01:46:42Z,MLOps: Sentiment Enrichment,COMPLETED,5.311,0,0
2026-09-16T01:46:47Z,MLOps: Vector Indexing,COMPLETED,1.552,0,0
2026-09-16T02:46:42Z,MLOps: Sentiment Enrichment,COMPLETED,7.259,4,1
2026-09-16T02:46:50Z,MLOps: Vector Indexing,COMPLETED,8.848,4,1
2026-09-16T03:46:42Z,MLOps: Sentiment Enrichment,COMPLETED,7.967,14,1
2026-09-16T03:46:50Z,MLOps: Vector Indexing,COMPLETED,8.999,14,1
2026-09-16T04:46:42Z,MLOps: Sentiment Enrichment,COMPLETED,8.104,18,1
2026-09-16T04:46:50Z,MLOps: Vector Indexing,COMPLETED,9.145,18,1
2026-09-16T05:46:42Z,MLOps: Sentiment Enrichment,COMPLETED,8.772,32,1
2026-09-16T05:46:51Z,MLOps: Vector Indexing,COMPLETED,9.031,32,1
2026-09-16T06:46:42Z,MLOps: Sentiment Enrichment,COMPLETED,9.276,23,1
2026-09-16T06:46:51Z,MLOps: Vector Indexing,COMPLETED,9.101,23,1
2026-09-16T07:46:43Z,MLOps: Sentiment Enrichment,COMPLETED,8.170,20,1
2026-09-16T07:46:51Z,MLOps: Vector Indexing,COMPLETED,9.202,20,1
2026-09-16T08:46:42Z,MLOps: Sentiment Enrichment,COMPLETED,8.103,15,1
2026-09-16T08:46:50Z,MLOps: Vector Indexing,COMPLETED,8.956,15,1
2026-09-16T09:46:42Z,MLOps: Sentiment Enrichment,COMPLETED,7.946,17,1
2026-09-16T09:46:50Z,MLOps: Vector Indexing,COMPLETED,9.119,17,1
2026-09-16T10:46:42Z,MLOps: Sentiment Enrichment,COMPLETED,8.352,24,1
2026-09-16T10:46:50Z,MLOps: Vector Indexing,COMPLETED,8.964,24,1
2026-09-16T11:46:42Z,MLOps: Sentiment Enrichment,COMPLETED,7.992,14,1
2026-09-16T11:46:50Z,MLOps: Vector Indexing,COMPLETED,8.894,14,1
2026-09-16T12:46:43Z,MLOps: Sentiment Enrichment,COMPLETED,8.785,22,1
2026-09-16T12:46:51Z,MLOps: Vector Indexing,COMPLETED,9.018,22,1
2026-09-16T13:46:42Z,MLOps: Sentiment Enrichment,COMPLETED,8.380,22,1
2026-09-16T13:46:51Z,MLOps: Vector Indexing,COMPLETED,9.207,22,1
2026-09-16T14:46:42Z,MLOps: Sentiment Enrichment,COMPLETED,9.354,31,1
2026-09-16T14:46:52Z,MLOps: Vector Indexing,COMPLETED,9.379,31,1
2026-09-16T15:46:42Z,MLOps: Sentiment Enrichment,COMPLETED,8.647,24,1
2026-09-16T15:46:51Z,MLOps: Vector Indexing,COMPLETED,9.171,24,1
2026-09-16T16:46:42Z,MLOps: Sentiment Enrichment,COMPLETED,8.115,16,1
2026-09-16T16:46:50Z,MLOps: Vector Indexing,COMPLETED,8.880,16,1
2026-09-16T17:46:42Z,MLOps: Sentiment Enrichment,COMPLETED,8.196,21,1
2026-09-16T17:46:51Z,MLOps: Vector Indexing,COMPLETED,9.045,21,1
2026-09-16T18:46:42Z,MLOps: Sentiment Enrichment,COMPLETED,7.562,6,1
2026-09-16T18:46:50Z,MLOps: Vector Indexing,COMPLETED,9.011,6,1
2026-09-16T19:46:42Z,MLOps: Sentiment Enrichment,COMPLETED,8.375,19,1
2026-09-16T19:46:50Z,MLOps: Vector Indexing,COMPLETED,9.097,19,1
2026-09-16T20:46:42Z,MLOps: Sentiment Enrichment,COMPLETED,8.098,17,1
2026-09-16T20:46:50Z,MLOps: Vector Indexing,COMPLETED,9.021,17,1
2026-09-16T21:46:42Z,MLOps: Sentiment Enrichment,COMPLETED,8.350,22,1
2026-09-16T21:46:51Z,MLOps: Vector Indexing,COMPLETED,9.245,22,1
2026-09-16T22:46:42Z,MLOps: Sentiment Enrichment,COMPLETED,8.700,21,1
2026-09-16T22:46:51Z,MLOps: Vector Indexing,COMPLETED,9.310,21,1
2026-09-16T23:46:42Z,MLOps: Sentiment Enrichment,COMPLETED,9.156,19,1
2026-09-16T23:46:52Z,MLOps: Vector Indexing,COMPLETED,8.937,19,1
2026-09-17T00:46:42Z,MLOps: Sentiment Enrichment,COMPLETED,7.591,11,1
2026-09-17T00:46:50Z,MLOps: Vector Indexing,COMPLETED,9.025,11,1
2026-09-17T01:46:42Z,MLOps: Sentiment Enrichment,COMPLETED,7.639,11,1
2026-09-17T01:46:49Z,MLOps: Vector Indexing,COMPLETED,8.932,11,1
2026-09-17T02:46:42Z,MLOps: Sentiment Enrichment,COMPLETED,8.431,12,1
2026-09-17T02:46:50Z,MLOps: Vector Indexing,COMPLETED,9.146,12,1
2026-09-17T03:46:42Z,MLOps: Sentiment Enrichment,COMPLETED,7.328,3,1
2026-09-17T03:46:50Z,MLOps: Vector Indexing,COMPLETED,8.834,3,1
2026-09-17T04:46:42Z,MLOps: Sentiment Enrichment,COMPLETED,7.802,15,1
2026-09-17T04:46:50Z,MLOps: Vector Indexing,COMPLETED,8.982,15,1
2026-09-17T05:46:42Z,MLOps: Sentiment Enrichment,COMPLETED,9.404,22,1
2026-09-17T05:46:51Z,MLOps: Vector Indexing,COMPLETED,9.057,22,1
2026-09-17T06:46:42Z,MLOps: Sentiment Enrichment,COMPLETED,8.575,30,1
2026-09-17T06:46:51Z,MLOps: Vector Indexing,COMPLETED,9.092,30,1
2026-09-17T07:46:42Z,MLOps: Sentiment Enrichment,COMPLETED,9.203,25,1
2026-09-17T07:46:52Z,MLOps: Vector Indexing,COMPLETED,8.963,25,1
2026-09-17T08:46:42Z,MLOps: Sentiment Enrichment,COMPLETED,8.996,23,1
2026-09-17T08:46:51Z,MLOps: Vector Indexing,COMPLETED,8.993,23,1
2026-09-17T09:46:42Z,MLOps: Sentiment Enrichment,COMPLETED,7.885,15,1
2026-09-17T09:46:49Z,MLOps: Vector Indexing,COMPLETED,8.913,15,1
2026-09-17T10:46:42Z,MLOps: Sentiment Enrichment,COMPLETED,8.563,21,1
2026-09-17T10:46:50Z,MLOps: Vector Indexing,COMPLETED,9.275,21,1
2026-09-17T11:46:41Z,MLOps: Sentiment Enrichment,COMPLETED,8.323,23,1
2026-09-17T11:46:50Z,MLOps: Vector Indexing,COMPLETED,9.196,23,1
2026-09-17T12:46:45Z,MLOps: Sentiment Enrichment,COMPLETED,8.541,25,1
2026-09-17T12:46:54Z,MLOps: Vector Indexing,COMPLETED,9.279,25,1
2026-09-17T13:46:42Z,MLOps: Sentiment Enrichment,COMPLETED,9.327,21,1
2026-09-17T13:46:51Z,MLOps: Vector Indexing,COMPLETED,8.949,21,1
2026-09-17T14:46:42Z,MLOps: Sentiment Enrichment,COMPLETED,8.785,26,1
2026-09-17T14:46:51Z,MLOps: Vector Indexing,COMPLETED,9.561,26,1
2026-09-17T15:46:42Z,MLOps: Sentiment Enrichment,COMPLETED,11.147,21,1
2026-09-17T15:46:53Z,MLOps: Vector Indexing,COMPLETED,12.427,21,1
2026-09-17T16:46:42Z,MLOps: Sentiment Enrichment,COMPLETED,9.175,21,1
2026-09-17T16:46:51Z,MLOps: Vector Indexing,COMPLETED,9.756,21,1
2026-09-17T17:46:42Z,MLOps: Sentiment Enrichment,COMPLETED,8.538,24,1
2026-09-17T17:46:51Z,MLOps: Vector Indexing,COMPLETED,8.987,24,1
2026-09-17T18:46:42Z,MLOps: Sentiment Enrichment,COMPLETED,8.011,19,1
2026-09-17T18:46:50Z,MLOps: Vector Indexing,COMPLETED,8.934,19,1
2026-09-17T19:46:44Z,MLOps: Sentiment Enrichment,COMPLETED,9.310,18,1
2026-09-17T19:46:53Z,MLOps: Vector Indexing,COMPLETED,9.023,18,1
2026-09-17T20:46:42Z,MLOps: Sentiment Enrichment,COMPLETED,8.865,14,1
2026-09-17T20:46:51Z,MLOps: Vector Indexing,COMPLETED,9.274,14,1
2026-09-17T21:46:43Z,MLOps: Sentiment Enrichment,COMPLETED,8.127,16,1
2026-09-17T21:46:51Z,MLOps: Vector Indexing,COMPLETED,9.149,16,1
2026-09-17T22:46:42Z,MLOps: Sentiment Enrichment,COMPLETED,7.850,19,1
2026-09-17T22:46:50Z,MLOps: Vector Indexing,COMPLETED,9.059,19,1
2026-09-17T23:46:42Z,MLOps: Sentiment Enrichment,COMPLETED,8.264,21,1
2026-09-17T23:46:51Z,MLOps: Vector Indexing,COMPLETED,8.813,21,1
2026-09-18T00:46:42Z,MLOps: Sentiment Enrichment,COMPLETED,7.630,8,1
2026-09-18T00:46:50Z,MLOps: Vector Indexing,COMPLETED,9.025,8,1
2026-09-18T01:46:41Z,MLOps: Sentiment Enrichment,COMPLETED,7.596,9,1
2026-09-18T01:46:49Z,MLOps: Vector Indexing,COMPLETED,8.966,9,1
2026-09-18T02:46:42Z,MLOps: Sentiment Enrichment,COMPLETED,7.774,10,1
2026-09-18T02:46:50Z,MLOps: Vector Indexing,COMPLETED,8.867,10,1
2026-09-18T03:46:42Z,MLOps: Sentiment Enrichment,COMPLETED,7.792,12,1
2026-09-18T03:46:49Z,MLOps: Vector Indexing,COMPLETED,8.937,12,1
2026-09-18T04:46:42Z,MLOps: Sentiment Enrichment,COMPLETED,9.007,19,1
2026-09-18T04:46:51Z,MLOps: Vector Indexing,COMPLETED,9.057,19,1
2026-09-18T05:46:42Z,MLOps: Sentiment Enrichment,COMPLETED,8.037,21,1
2026-09-18T05:46:50Z,MLOps: Vector Indexing,COMPLETED,8.936,21,1
2026-09-18T06:46:42Z,MLOps: Sentiment Enrichment,COMPLETED,8.657,29,1
2026-09-18T06:46:51Z,MLOps: Vector Indexing,COMPLETED,8.928,29,1
2026-09-18T07:46:43Z,MLOps: Sentiment Enrichment,COMPLETED,8.814,32,1
2026-09-18T07:46:51Z,MLOps: Vector Indexing,COMPLETED,9.142,32,1
2026-09-18T08:46:42Z,MLOps: Sentiment Enrichment,COMPLETED,9.259,23,1
2026-09-18T08:46:52Z,MLOps: Vector Indexing,COMPLETED,8.801,23,1
2026-09-18T09:46:42Z,MLOps: Sentiment Enrichment,COMPLETED,8.328,22,1
2026-09-18T09:46:51Z,MLOps: Vector Indexing,COMPLETED,8.993,22,1
2026-09-18T10:46:42Z,MLOps: Sentiment Enrichment,COMPLETED,8.093,22,1
2026-09-18T10:46:50Z,MLOps: Vector Indexing,COMPLETED,8.759,22,1
2026-09-18T11:46:44Z,MLOps: Sentiment Enrichment,COMPLETED,8.828,24,1
2026-09-18T11:46:53Z,MLOps: Vector Indexing,COMPLETED,9.178,24,1
2026-09-18T12:46:41Z,MLOps: Sentiment Enrichment,COMPLETED,8.391,22,1
2026-09-18T12:46:50Z,MLOps: Vector Indexing,COMPLETED,9.065,22,1
2026-09-18T13:46:42Z,MLOps: Sentiment Enrichment,COMPLETED,8.100,17,1
2026-09-18T13:46:50Z,MLOps: Vector Indexing,COMPLETED,8.960,17,1
2026-09-18T14:46:42Z,MLOps: Sentiment Enrichment,COMPLETED,8.921,26,1
2026-09-18T14:46:51Z,MLOps: Vector Indexing,COMPLETED,9.373,26,1
2026-09-18T15:46:42Z,MLOps: Sentiment Enrichment,COMPLETED,8.033,15,1
2026-09-18T15:46:50Z,MLOps: Vector Indexing,COMPLETED,8.998,15,1
2026-09-18T16:46:45Z,MLOps: Sentiment Enrichment,COMPLETED,8.132,20,1
2026-09-18T16:46:53Z,MLOps: Vector Indexing,COMPLETED,9.110,20,1
2026-09-18T17:46:43Z,MLOps: Sentiment Enrichment,COMPLETED,9.205,33,1
2026-09-18T17:46:52Z,MLOps: Vector Indexing,COMPLETED,9.216,33,1
2026-09-18T18:46:42Z,MLOps: Sentiment Enrichment,COMPLETED,10.316,30,1
2026-09-18T18:46:52Z,MLOps: Vector Indexing,COMPLETED,9.247,30,1
2026-09-18T19:46:43Z,MLOps: Sentiment Enrichment,COMPLETED,8.385,24,1
2026-09-18T19:46:51Z,MLOps: Vector Indexing,COMPLETED,9.206,24,1
2026-09-18T20:46:44Z,MLOps: Sentiment Enrichment,COMPLETED,10.495,34,1
2026-09-18T20:46:55Z,MLOps: Vector Indexing,COMPLETED,9.116,34,1
2026-09-18T21:46:42Z,MLOps: Sentiment Enrichment,COMPLETED,9.470,20,1
2026-09-18T21:46:52Z,MLOps: Vector Indexing,COMPLETED,8.907,20,1
2026-09-18T22:46:42Z,MLOps: Sentiment Enrichment,COMPLETED,8.133,12,1
2026-09-18T22:46:50Z,MLOps: Vector Indexing,COMPLETED,8.888,12,1
2026-09-18T23:46:42Z,MLOps: Sentiment Enrichment,COMPLETED,8.315,10,1
2026-09-18T23:46:50Z,MLOps: Vector Indexing,COMPLETED,8.722,10,1
2026-09-19T00:46:42Z,MLOps: Sentiment Enrichment,COMPLETED,8.165,26,1
2026-09-19T00:46:51Z,MLOps: Vector Indexing,COMPLETED,8.842,26,1
2026-09-19T01:46:42Z,MLOps: Sentiment Enrichment,COMPLETED,8.619,26,1
2026-09-19T01:46:51Z,MLOps: Vector Indexing,COMPLETED,8.915,26,1
2026-09-19T02:46:42Z,MLOps: Sentiment Enrichment,COMPLETED,9.123,37,1
2026-09-19T02:46:51Z,MLOps: Vector Indexing,COMPLETED,9.186,37,1
2026-09-19T03:46:43Z,MLOps: Sentiment Enrichment,COMPLETED,8.166,22,1
2026-09-19T03:46:51Z,MLOps: Vector Indexing,COMPLETED,9.036,22,1
2026-09-19T04:46:43Z,MLOps: Sentiment Enrichment,COMPLETED,7.290,5,1
2026-09-19T04:46:50Z,MLOps: Vector Indexing,COMPLETED,8.938,5,1
2026-09-19T05:46:42Z,MLOps: Sentiment Enrichment,COMPLETED,8.232,16,1
2026-09-19T05:46:50Z,MLOps: Vector Indexing,COMPLETED,8.913,16,1
2026-09-19T06:46:44Z,MLOps: Sentiment Enrichment,COMPLETED,8.376,21,1
2026-09-19T06:46:53Z,MLOps: Vector Indexing,COMPLETED,9.080,21,1
2026-09-19T07:46:45Z,MLOps: Sentiment Enrichment,COMPLETED,8.449,27,1
2026-09-19T07:46:54Z,MLOps: Vector Indexing,COMPLETED,9.050,27,1
2026-09-19T08:46:42Z,MLOps: Sentiment Enrichment,COMPLETED,8.378,23,1
2026-09-19T08:46:51Z,MLOps: Vector Indexing,COMPLETED,8.919,23,1
2026-09-19T09:46:42Z,MLOps: Sentiment Enrichment,COMPLETED,7.606,10,1
2026-09-19T09:46:49Z,MLOps: Vector Indexing,COMPLETED,8.957,10,1
2026-09-19T10:46:42Z,MLOps: Sentiment Enrichment,COMPLETED,8.497,24,1
2026-09-19T10:46:51Z,MLOps: Vector Indexing,COMPLETED,8.977,24,1
2026-09-19T11:46:44Z,MLOps: Sentiment Enrichment,COMPLETED,8.277,22,1
2026-09-19T11:46:52Z,MLOps: Vector Indexing,COMPLETED,8.907,22,1
2026-09-19T12:46:42Z,MLOps: Sentiment Enrichment,COMPLETED,8.904,24,1
2026-09-19T12:46:51Z,MLOps: Vector Indexing,COMPLETED,9.010,24,1
2026-09-19T13:46:42Z,MLOps: Sentiment Enrichment,COMPLETED,9.456,38,1
2026-09-19T13:46:51Z,MLOps: Vector Indexing,COMPLETED,9.378,38,1
2026-09-19T14:46:42Z,MLOps: Sentiment Enrichment,COMPLETED,8.437,21,1
2026-09-19T14:46:51Z,MLOps: Vector Indexing,COMPLETED,9.197,21,1
2026-09-19T15:46:42Z,MLOps: Sentiment Enrichment,COMPLETED,7.628,10,1
2026-09-19T15:46:49Z,MLOps: Vector Indexing,COMPLETED,9.001,10,1
2026-09-19T16:46:43Z,MLOps: Sentiment Enrichment,COMPLETED,7.877,14,1
2026-09-19T16:46:50Z,MLOps: Vector Indexing,COMPLETED,8.933,14,1
2026-09-19T17:46:42Z,MLOps: Sentiment Enrichment,COMPLETED,8.187,20,1
2026-09-19T17:46:50Z,MLOps: Vector Indexing,COMPLETED,9.007,20,1
2026-09-19T18:46:42Z,MLOps: Sentiment Enrichment,COMPLETED,9.448,18,1
2026-09-19T18:46:52Z,MLOps: Vector Indexing,COMPLETED,9.170,18,1
2026-09-19T19:46:42Z,MLOps: Sentiment Enrichment,COMPLETED,7.815,16,1
2026-09-19T19:46:50Z,MLOps: Vector Indexing,COMPLETED,8.989,16,1
2026-09-19T20:46:43Z,MLOps: Sentiment Enrichment,COMPLETED,8.191,20,1
2026-09-19T20:46:51Z,MLOps: Vector Indexing,COMPLETED,9.078,20,1
2026-09-19T21:46:42Z,MLOps: Sentiment Enrichment,COMPLETED,7.658,7,1
2026-09-19T21:46:50Z,MLOps: Vector Indexing,COMPLETED,8.839,7,1
2026-09-19T22:46:42Z,MLOps: Sentiment Enrichment,COMPLETED,7.840,7,1
2026-09-19T22:46:50Z,MLOps: Vector Indexing,COMPLETED,9.373,7,1
2026-09-19T23:46:42Z,MLOps: Sentiment Enrichment,COMPLETED,7.435,8,1
2026-09-19T23:46:50Z,MLOps: Vector Indexing,COMPLETED,9.184,8,1
2026-09-20T00:46:42Z,MLOps: Sentiment Enrichment,COMPLETED,8.589,25,1
2026-09-20T00:46:50Z,MLOps: Vector Indexing,COMPLETED,9.359,25,1
2026-09-20T01:46:42Z,MLOps: Sentiment Enrichment,COMPLETED,8.382,23,1
2026-09-20T01:46:50Z,MLOps: Vector Indexing,COMPLETED,8.980,23,1
2026-09-20T02:46:42Z,MLOps: Sentiment Enrichment,COMPLETED,8.115,18,1
2026-09-20T02:46:50Z,MLOps: Vector Indexing,COMPLETED,8.874,18,1
2026-09-20T03:46:45Z,MLOps: Sentiment Enrichment,COMPLETED,8.360,19,1
2026-09-20T03:46:53Z,MLOps: Vector Indexing,COMPLETED,8.958,19,1
2026-09-20T04:46:42Z,MLOps: Sentiment Enrichment,COMPLETED,8.196,19,1
2026-09-20T04:46:51Z,MLOps: Vector Indexing,COMPLETED,9.026,19,1
2026-09-20T05:46:41Z,MLOps: Sentiment Enrichment,COMPLETED,8.532,26,1
2026-09-20T05:46:50Z,MLOps: Vector Indexing,COMPLETED,9.029,26,1
2026-09-20T06:46:43Z,MLOps: Sentiment Enrichment,COMPLETED,7.663,10,1
2026-09-20T06:46:51Z,MLOps: Vector Indexing,COMPLETED,8.807,10,1
2026-09-20T07:46:41Z,MLOps: Sentiment Enrichment,COMPLETED,7.638,9,1
2026-09-20T07:46:49Z,MLOps: Vector Indexing,COMPLETED,8.790,9,1
2026-09-20T08:46:43Z,MLOps: Sentiment Enrichment,COMPLETED,7.929,17,1
2026-09-20T08:46:51Z,MLOps: Vector Indexing,COMPLETED,8.982,17,1
2026-09-20T09:46:42Z,MLOps: Sentiment Enrichment,COMPLETED,8.533,25,1
2026-09-20T09:46:50Z,MLOps: Vector Indexing,COMPLETED,9.052,25,1
2026-09-20T10:46:42Z,MLOps: Sentiment Enrichment,COMPLETED,7.774,12,1
2026-09-20T10:46:50Z,MLOps: Vector Indexing,COMPLETED,9.051,12,1
2026-09-20T11:46:42Z,MLOps: Sentiment Enrichment,COMPLETED,7.982,12,1
2026-09-20T11:46:50Z,MLOps: Vector Indexing,COMPLETED,8.931,12,1
2026-09-20T12:46:42Z,MLOps: Sentiment Enrichment,COMPLETED,7.556,8,1
2026-09-20T12:46:50Z,MLOps: Vector Indexing,COMPLETED,9.015,8,1
2026-09-20T13:46:43Z,MLOps: Sentiment Enrichment,COMPLETED,7.818,12,1
2026-09-20T13:46:50Z,MLOps: Vector Indexing,COMPLETED,8.956,12,1
2026-09-20T14:46:42Z,MLOps: Sentiment Enrichment,COMPLETED,7.749,8,1
2026-09-20T14:46:50Z,MLOps: Vector Indexing,COMPLETED,9.405,8,1
2026-09-20T15:46:42Z,MLOps: Sentiment Enrichment,COMPLETED,8.274,20,1
2026-09-20T15:46:51Z,MLOps: Vector Indexing,COMPLETED,8.956,20,1
2026-09-20T16:46:42Z,MLOps: Sentiment Enrichment,COMPLETED,9.587,24,1
2026-09-20T16:46:52Z,MLOps: Vector Indexing,COMPLETED,9.127,24,1
2026-09-20T17:46:42Z,MLOps: Sentiment Enrichment,COMPLETED,8.080,18,1
2026-09-20T17:46:50Z,MLOps: Vector Indexing,COMPLETED,8.899,18,1
2026-09-20T18:46:42Z,MLOps: Sentiment Enrichment,COMPLETED,8.357,17,1
2026-09-20T18:46:50Z,MLOps: Vector Indexing,COMPLETED,8.984,17,1
2026-09-20T19:46:42Z,MLOps: Sentiment Enrichment,COMPLETED,8.511,15,1
2026-09-20T19:46:50Z,MLOps: Vector Indexing,COMPLETED,9.035,15,1
2026-09-20T20:46:42Z,MLOps: Sentiment Enrichment,COMPLETED,7.961,16,1
2026-09-20T20:46:50Z,MLOps: Vector Indexing,COMPLETED,8.964,16,1
2026-09-20T21:46:42Z,MLOps: Sentiment Enrichment,COMPLETED,8.652,25,1
2026-09-20T21:46:50Z,MLOps: Vector Indexing,COMPLETED,9.012,25,1
2026-09-20T22:46:42Z,MLOps: Sentiment Enrichment,COMPLETED,7.851,12,1
2026-09-20T22:46:50Z,MLOps: Vector Indexing,COMPLETED,9.071,12,1
2026-09-20T23:46:42Z,MLOps: Sentiment Enrichment,COMPLETED,8.042,17,1
2026-09-20T23:46:50Z,MLOps: Vector Indexing,COMPLETED,8.999,17,1
2026-09-21T00:46:41Z,MLOps: Sentiment Enrichment,COMPLETED,8.134,10,1
2026-09-21T00:46:50Z,MLOps: Vector Indexing,COMPLETED,8.845,10,1
2026-09-21T01:46:42Z,MLOps: Sentiment Enrichment,COMPLETED,7.593,6,1
2026-09-21T01:46:49Z,MLOps: Vector Indexing,COMPLETED,8.894,6,1
2026-09-21T02:46:42Z,MLOps: Sentiment Enrichment,COMPLETED,7.541,6,1
2026-09-21T02:46:50Z,MLOps: Vector Indexing,COMPLETED,8.724,6,1
2026-09-21T03:46:43Z,MLOps: Sentiment Enrichment,COMPLETED,7.357,3,1
2026-09-21T03:46:50Z,MLOps: Vector Indexing,COMPLETED,8.866,3,1
2026-09-21T04:46:42Z,MLOps: Sentiment Enrichment,COMPLETED,6.975,1,1
2026-09-21T04:46:49Z,MLOps: Vector Indexing,COMPLETED,8.793,1,1
2026-09-21T05:46:42Z,MLOps: Sentiment Enrichment,COMPLETED,7.467,5,1
2026-09-21T05:46:49Z,MLOps: Vector Indexing,COMPLETED,9.044,5,1
2026-09-21T06:46:42Z,MLOps: Sentiment Enrichment,COMPLETED,7.363,7,1
2026-09-21T06:46:50Z,MLOps: Vector Indexing,COMPLETED,8.934,7,1
2026-09-21T07:46:43Z,MLOps: Sentiment Enrichment,COMPLETED,7.338,5,1
2026-09-21T07:46:50Z,MLOps: Vector Indexing,COMPLETED,9.028,5,1
2026-09-21T08:46:42Z,MLOps: Sentiment Enrichment,COMPLETED,7.817,8,1
2026-09-21T08:46:50Z,MLOps: Vector Indexing,COMPLETED,9.061,8,1
2026-09-21T09:46:42Z,MLOps: Sentiment Enrichment,COMPLETED,8.928,29,1
2026-09-21T09:46:51Z,MLOps: Vector Indexing,COMPLETED,9.342,29,1
2026-09-21T10:46:42Z,MLOps: Sentiment Enrichment,COMPLETED,8.797,29,1
2026-09-21T10:46:51Z,MLOps: Vector Indexing,COMPLETED,9.316,29,1
2026-09-21T11:46:42Z,MLOps: Sentiment Enrichment,COMPLETED,8.587,27,1
2026-09-21T11:46:51Z,MLOps: Vector Indexing,COMPLETED,9.103,27,1
2026-09-21T12:46:42Z,MLOps: Sentiment Enrichment,COMPLETED,8.928,34,1
2026-09-21T12:46:51Z,MLOps: Vector Indexing,COMPLETED,9.059,34,1
2026-09-21T13:46:42Z,MLOps: Sentiment Enrichment,COMPLETED,9.141,30,1
2026-09-21T13:46:51Z,MLOps: Vector Indexing,COMPLETED,9.360,30,1
2026-09-21T14:46:43Z,MLOps: Sentiment Enrichment,COMPLETED,9.626,40,1
2026-09-21T14:46:52Z,MLOps: Vector Indexing,COMPLETED,9.511,40,1
2026-09-21T15:46:42Z,MLOps: Sentiment Enrichment,COMPLETED,9.410,29,1
2026-09-21T15:46:52Z,MLOps: Vector Indexing,COMPLETED,9.862,29,1
2026-09-21T16:46:42Z,MLOps: Sentiment Enrichment,COMPLETED,9.787,25,1
2026-09-21T16:46:52Z,MLOps: Vector Indexing,COMPLETED,9.147,25,1
2026-09-21T17:46:42Z,MLOps: Sentiment Enrichment,COMPLETED,8.755,28,1
2026-09-21T17:46:51Z,MLOps: Vector Indexing,COMPLETED,9.207,28,1
2026-09-21T18:46:42Z,MLOps: Sentiment Enrichment,COMPLETED,8.919,32,1
2026-09-21T18:46:51Z,MLOps: Vector Indexing,COMPLETED,9.203,32,1
2026-09-21T19:46:42Z,MLOps: Sentiment Enrichment,COMPLETED,9.445,17,1
2026-09-21T19:46:52Z,MLOps: Vector Indexing,COMPLETED,9.240,17,1
2026-09-21T20:46:42Z,MLOps: Sentiment Enrichment,COMPLETED,8.004,17,1
2026-09-21T20:46:50Z,MLOps: Vector Indexing,COMPLETED,9.057,17,1
2026-09-21T21:46:42Z,MLOps: Sentiment Enrichment,COMPLETED,8.807,13,1
2026-09-21T21:46:51Z,MLOps: Vector Indexing,COMPLETED,9.082,13,1
2026-09-21T22:46:42Z,MLOps: Sentiment Enrichment,COMPLETED,7.511,7,1
2026-09-21T22:46:50Z,MLOps: Vector Indexing,COMPLETED,8.942,7,1
2026-09-21T23:46:41Z,MLOps: Sentiment Enrichment,COMPLETED,7.340,6,1
2026-09-21T23:46:49Z,MLOps: Vector Indexing,COMPLETED,8.838,6,1
2026-09-22T00:46:41Z,MLOps: Sentiment Enrichment,COMPLETED,7.359,5,1
2026-09-22T00:46:49Z,MLOps: Vector Indexing,COMPLETED,8.822,5,1
2026-09-22T01:46:42Z,MLOps: Sentiment Enrichment,COMPLETED,7.251,3,1
2026-09-22T01:46:49Z,MLOps: Vector Indexing,COMPLETED,8.954,3,1
2026-09-22T02:46:42Z,MLOps: Sentiment Enrichment,COMPLETED,7.230,3,1
2026-09-22T02:46:50Z,MLOps: Vector Indexing,COMPLETED,8.831,3,1
2026-09-22T03:46:42Z,MLOps: Sentiment Enrichment,COMPLETED,7.391,3,1
2026-09-22T03:46:49Z,MLOps: Vector Indexing,COMPLETED,8.902,3,1
2026-09-22T04:46:42Z,MLOps: Sentiment Enrichment,COMPLETED,7.090,2,1
2026-09-22T04:46:50Z,MLOps: Vector Indexing,COMPLETED,8.953,2,1
2026-09-22T05:46:43Z,MLOps: Sentiment Enrichment,COMPLETED,7.591,6,1
2026-09-22T05:46:50Z,MLOps: Vector Indexing,COMPLETED,8.887,6,1
2026-09-22T06:46:42Z,MLOps: Sentiment Enrichment,COMPLETED,7.192,2,1
2026-09-22T06:46:49Z,MLOps: Vector Indexing,COMPLETED,8.858,2,1
2026-09-22T07:46:43Z,MLOps: Sentiment Enrichment,COMPLETED,7.661,4,1
2026-09-22T07:46:51Z,MLOps: Vector Indexing,COMPLETED,9.042,4,1
2026-09-22T08:46:44Z,MLOps: Sentiment Enrichment,COMPLETED,7.678,7,1
2026-09-22T08:46:51Z,MLOps: Vector Indexing,COMPLETED,9.170,7,1
2026-09-22T09:46:42Z,MLOps: Sentiment Enrichment,COMPLETED,8.516,22,1
2026-09-22T09:46:51Z,MLOps: Vector Indexing,COMPLETED,9.009,22,1
2026-09-22T10:46:42Z,MLOps: Sentiment Enrichment,COMPLETED,9.556,33,1
2026-09-22T10:46:51Z,MLOps: Vector Indexing,COMPLETED,8.952,33,1
2026-09-22T11:46:42Z,MLOps: Sentiment Enrichment,COMPLETED,8.418,23,1
2026-09-22T11:46:50Z,MLOps: Vector Indexing,COMPLETED,9.228,23,1
2026-09-22T12:46:42Z,MLOps: Sentiment Enrichment,COMPLETED,8.920,27,1
2026-09-22T12:46:51Z,MLOps: Vector Indexing,COMPLETED,9.183,27,1
2026-09-22T13:46:42Z,MLOps: Sentiment Enrichment,COMPLETED,8.564,20,1
2026-09-22T13:46:50Z,MLOps: Vector Indexing,COMPLETED,9.060,20,1
2026-09-22T14:46:42Z,MLOps: Sentiment Enrichment,COMPLETED,8.445,22,1
2026-09-22T14:46:50Z,MLOps: Vector Indexing,COMPLETED,9.644,22,1
2026-09-22T15:46:45Z,MLOps: Sentiment Enrichment,COMPLETED,8.588,22,1
2026-09-22T15:46:53Z,MLOps: Vector Indexing,COMPLETED,9.227,22,1
2026-09-22T16:46:43Z,MLOps: Sentiment Enrichment,COMPLETED,8.459,17,1
2026-09-22T16:46:52Z,MLOps: Vector Indexing,COMPLETED,9.168,17,1
2026-09-22T17:46:43Z,MLOps: Sentiment Enrichment,COMPLETED,8.900,26,1
2026-09-22T17:46:52Z,MLOps: Vector Indexing,COMPLETED,9.455,26,1
2026-09-22T18:46:42Z,MLOps: Sentiment Enrichment,COMPLETED,8.485,20,1
2026-09-22T18:46:51Z,MLOps: Vector Indexing,COMPLETED,9.018,20,1
2026-09-22T19:46:42Z,MLOps: Sentiment Enrichment,COMPLETED,8.579,20,1
2026-09-22T19:46:50Z,MLOps: Vector Indexing,COMPLETED,9.252,20,1
2026-09-22T20:46:43Z,MLOps: Sentiment Enrichment,COMPLETED,7.958,13,1
2026-09-22T20:46:51Z,MLOps: Vector Indexing,COMPLETED,9.047,13,1
2026-09-22T21:46:42Z,MLOps: Sentiment Enrichment,COMPLETED,7.998,15,1
2026-09-22T21:46:50Z,MLOps: Vector Indexing,COMPLETED,9.339,15,1
2026-09-22T22:46:42Z,MLOps: Sentiment Enrichment,COMPLETED,8.166,12,1
2026-09-22T22:46:50Z,MLOps: Vector Indexing,COMPLETED,9.134,12,1
2026-09-22T23:46:42Z,MLOps: Sentiment Enrichment,COMPLETED,8.373,21,1
2026-09-22T23:46:50Z,MLOps: Vector Indexing,COMPLETED,9.139,21,1
2026-09-23T00:46:42Z,MLOps: Sentiment Enrichment,COMPLETED,7.808,12,1
2026-09-23T00:46:50Z,MLOps: Vector Indexing,COMPLETED,8.881,12,1
2026-09-23T01:46:42Z,MLOps: Sentiment Enrichment,COMPLETED,7.862,8,1
2026-09-23T01:46:50Z,MLOps: Vector Indexing,COMPLETED,8.967,8,1
2026-09-23T02:46:42Z,MLOps: Sentiment Enrichment,COMPLETED,7.953,14,1
2026-09-23T02:46:50Z,MLOps: Vector Indexing,COMPLETED,8.903,14,1
2026-09-23T03:46:42Z,MLOps: Sentiment Enrichment,COMPLETED,7.871,13,1
2026-09-23T03:46:50Z,MLOps: Vector Indexing,COMPLETED,8.949,13,1
2026-09-23T04:46:42Z,MLOps: Sentiment Enrichment,COMPLETED,8.267,20,1
2026-09-23T04:46:51Z,MLOps: Vector Indexing,COMPLETED,8.860,20,1
2026-09-23T05:46:42Z,MLOps: Sentiment Enrichment,COMPLETED,8.665,26,1
2026-09-23T05:46:51Z,MLOps: Vector Indexing,COMPLETED,9.291,26,1
2026-09-23T06:46:43Z,MLOps: Sentiment Enrichment,COMPLETED,9.920,24,1
2026-09-23T06:46:52Z,MLOps: Vector Indexing,COMPLETED,9.491,24,1
2026-09-23T07:46:42Z,MLOps: Sentiment Enrichment,COMPLETED,9.018,20,1
2026-09-23T07:46:51Z,MLOps: Vector Indexing,COMPLETED,9.013,20,1
2026-09-23T08:46:42Z,MLOps: Sentiment Enrichment,COMPLETED,8.702,22,1
2026-09-23T08:46:51Z,MLOps: Vector Indexing,COMPLETED,9.082,22,1
2026-09-23T09:46:43Z,MLOps: Sentiment Enrichment,COMPLETED,8.776,22,1
2026-09-23T09:46:51Z,MLOps: Vector Indexing,COMPLETED,9.394,22,1
2026-09-23T10:46:42Z,MLOps: Sentiment Enrichment,COMPLETED,9.045,33,1
2026-09-23T10:46:51Z,MLOps: Vector Indexing,COMPLETED,8.993,33,1
2026-09-23T11:46:42Z,MLOps: Sentiment Enrichment,COMPLETED,8.388,28,1
2026-09-23T11:46:50Z,MLOps: Vector Indexing,COMPLETED,8.983,28,1
2026-09-23T12:46:42Z,MLOps: Sentiment Enrichment,COMPLETED,8.144,20,1
2026-09-23T12:46:50Z,MLOps: Vector Indexing,COMPLETED,9.267,20,1
2026-09-23T13:46:43Z,MLOps: Sentiment Enrichment,COMPLETED,9.750,35,1
2026-09-23T13:46:53Z,MLOps: Vector Indexing,COMPLETED,9.139,35,1
2026-09-23T14:46:42Z,MLOps: Sentiment Enrichment,COMPLETED,9.299,38,1
2026-09-23T14:46:52Z,MLOps: Vector Indexing,COMPLETED,9.195,38,1
2026-09-23T15:46:42Z,MLOps: Sentiment Enrichment,COMPLETED,10.092,28,1
2026-09-23T15:46:52Z,MLOps: Vector Indexing,COMPLETED,9.289,28,1
2026-09-23T16:46:42Z,MLOps: Sentiment Enrichment,COMPLETED,8.268,21,1
2026-09-23T16:46:50Z,MLOps: Vector Indexing,COMPLETED,9.068,21,1
2026-09-23T17:46:42Z,MLOps: Sentiment Enrichment,COMPLETED,8.344,20,1
2026-09-23T17:46:51Z,MLOps: Vector Indexing,COMPLETED,9.100,20,1
2026-09-23T18:46:43Z,MLOps: Sentiment Enrichment,COMPLETED,8.333,19,1
2026-09-23T18:46:51Z,MLOps: Vector Indexing,COMPLETED,9.102,19,1
2026-09-23T19:46:42Z,MLOps: Sentiment Enrichment,COMPLETED,8.724,23,1
2026-09-23T19:46:50Z,MLOps: Vector Indexing,COMPLETED,9.153,23,1
2026-09-23T20:46:42Z,MLOps: Sentiment Enrichment,COMPLETED,8.052,15,1
2026-09-23T20:46:50Z,MLOps: Vector Indexing,COMPLETED,9.098,15,1
2026-09-23T21:46:43Z,MLOps: Sentiment Enrichment,COMPLETED,8.149,16,1
2026-09-23T21:46:51Z,MLOps: Vector Indexing,COMPLETED,9.377,16,1
2026-09-23T22:46:42Z,MLOps: Sentiment Enrichment,COMPLETED,8.832,23,1
2026-09-23T22:46:51Z,MLOps: Vector Indexing,COMPLETED,9.318,23,1
2026-09-23T23:46:43Z,MLOps: Sentiment Enrichment,COMPLETED,8.378,21,1
2026-09-23T23:46:51Z,MLOps: Vector Indexing,COMPLETED,9.092,21,1
2026-09-24T00:46:42Z,MLOps: Sentiment Enrichment,COMPLETED,7.790,9,1
2026-09-24T00:46:49Z,MLOps: Vector Indexing,COMPLETED,8.799,9,1
2026-09-24T01:46:43Z,MLOps: Sentiment Enrichment,COMPLETED,7.920,13,1
2026-09-24T01:46:50Z,MLOps: Vector Indexing,COMPLETED,9.074,13,1
2026-09-24T02:46:42Z,MLOps: Sentiment Enrichment,COMPLETED,7.691,9,1
2026-09-24T02:46:50Z,MLOps: Vector Indexing,COMPLETED,9.083,9,1
2026-09-24T03:46:42Z,MLOps: Sentiment Enrichment,COMPLETED,7.686,4,1
2026-09-24T03:46:50Z,MLOps: Vector Indexing,COMPLETED,8.818,4,1
2026-09-24T04:46:42Z,MLOps: Sentiment Enrichment,COMPLETED,9.083,18,1
2026-09-24T04:46:51Z,MLOps: Vector Indexing,COMPLETED,8.920,18,1
2026-09-24T05:46:42Z,MLOps: Sentiment Enrichment,COMPLETED,9.697,30,1
2026-09-24T05:46:52Z,MLOps: Vector Indexing,COMPLETED,9.179,30,1
2026-09-24T06:46:42Z,MLOps: Sentiment Enrichment,COMPLETED,8.196,18,1
2026-09-24T06:46:50Z,MLOps: Vector Indexing,COMPLETED,8.994,18,1
2026-09-24T07:46:42Z,MLOps: Sentiment Enrichment,COMPLETED,8.589,27,1
2026-09-24T07:46:51Z,MLOps: Vector Indexing,COMPLETED,8.987,27,1
2026-09-24T08:46:42Z,MLOps: Sentiment Enrichment,COMPLETED,8.310,19,1
2026-09-24T08:46:51Z,MLOps: Vector Indexing,COMPLETED,9.123,19,1
2026-09-24T09:46:43Z,MLOps: Sentiment Enrichment,COMPLETED,10.817,34,1
2026-09-24T09:46:54Z,MLOps: Vector Indexing,COMPLETED,9.117,34,1
2026-09-24T10:46:42Z,MLOps: Sentiment Enrichment,COMPLETED,8.826,18,1
2026-09-24T10:46:51Z,MLOps: Vector Indexing,COMPLETED,9.012,18,1
2026-09-24T11:46:42Z,MLOps: Sentiment Enrichment,COMPLETED,9.731,23,1
2026-09-24T11:46:52Z,MLOps: Vector Indexing,COMPLETED,9.223,23,1
2026-09-24T12:46:42Z,MLOps: Sentiment Enrichment,COMPLETED,8.219,17,1
2026-09-24T12:46:50Z,MLOps: Vector Indexing,COMPLETED,9.198,17,1
2026-09-24T13:46:44Z,MLOps: Sentiment Enrichment,COMPLETED,5.582,0,0
2026-09-24T13:46:49Z,MLOps: Vector Indexing,COMPLETED,1.613,0,0
2026-09-24T14:46:42Z,MLOps: Sentiment Enrichment,COMPLETED,5.234,0,0
2026-09-24T14:46:47Z,MLOps: Vector Indexing,COMPLETED,1.580,0,0
2026-09-24T15:46:45Z,MLOps: Sentiment Enrichment,COMPLETED,5.303,0,0
2026-09-24T15:46:50Z,MLOps: Vector Indexing,COMPLETED,1.592,0,0
2026-09-24T16:46:43Z,MLOps: Sentiment Enrichment,COMPLETED,5.375,0,0
2026-09-24T16:46:48Z,MLOps: Vector Indexing,COMPLETED,1.616,0,0
2026-09-24T17:46:42Z,MLOps: Sentiment Enrichment,COMPLETED,5.751,0,0
2026-09-24T17:46:48Z,MLOps: Vector Indexing,COMPLETED,1.587,0,0
2026-09-24T18:46:42Z,MLOps: Sentiment Enrichment,COMPLETED,5.355,0,0
2026-09-24T18:46:47Z,MLOps: Vector Indexing,COMPLETED,1.641,0,0
2026-09-24T19:46:43Z,MLOps: Sentiment Enrichment,COMPLETED,5.287,0,0
2026-09-24T19:46:48Z,MLOps: Vector Indexing,COMPLETED,1.582,0,0
2026-09-24T20:46:43Z,MLOps: Sentiment Enrichment,COMPLETED,5.326,0,0
2026-09-24T20:46:49Z,MLOps: Vector Indexing,COMPLETED,1.551,0,0
2026-09-24T21:46:42Z,MLOps: Sentiment Enrichment,COMPLETED,5.515,0,0
2026-09-24T21:46:48Z,MLOps: Vector Indexing,COMPLETED,1.715,0,0
2026-09-24T22:46:43Z,MLOps: Sentiment Enrichment,COMPLETED,5.269,0,0
2026-09-24T22:46:48Z,MLOps: Vector Indexing,COMPLETED,1.574,0,0
2026-09-24T23:46:42Z,MLOps: Sentiment Enrichment,COMPLETED,7.515,3,1
2026-09-24T23:46:50Z,MLOps: Vector Indexing,COMPLETED,9.291,3,1
2026-09-25T00:46:42Z,MLOps: Sentiment Enrichment,COMPLETED,5.251,0,0
2026-09-25T00:46:48Z,MLOps: Vector Indexing,COMPLETED,1.586,0,0
2026-09-25T01:46:42Z,MLOps: Sentiment Enrichment,COMPLETED,5.203,0,0
2026-09-25T01:46:47Z,MLOps: Vector Indexing,COMPLETED,1.543,0,0
2026-09-25T02:46:42Z,MLOps: Sentiment Enrichment,COMPLETED,5.276,0,0
2026-09-25T02:46:47Z,MLOps: Vector Indexing,COMPLETED,1.663,0,0
2026-09-25T03:46:42Z,MLOps: Sentiment Enrichment,COMPLETED,5.218,0,0
2026-09-25T03:46:47Z,MLOps: Vector Indexing,COMPLETED,1.586,0,0
2026-09-25T04:46:42Z,MLOps: Sentiment Enrichment,COMPLETED,5.258,0,0
2026-09-25T04:46:47Z,MLOps: Vector Indexing,COMPLETED,1.671,0,0
2026-09-25T05:46:45Z,MLOps: Sentiment Enrichment,COMPLETED,7.370,1,1
2026-09-25T05:46:52Z,MLOps: Vector Indexing,COMPLETED,8.848,1,1
2026-09-25T06:46:42Z,MLOps: Sentiment Enrichment,COMPLETED,7.300,2,1
2026-09-25T06:46:50Z,MLOps: Vector Indexing,COMPLETED,9.101,2,1
2026-09-25T07:46:42Z,MLOps: Sentiment Enrichment,COMPLETED,7.702,2,1
2026-09-25T07:46:50Z,MLOps: Vector Indexing,COMPLETED,9.050,2,1
2026-09-25T08:46:43Z,MLOps: Sentiment Enrichment,COMPLETED,5.266,0,0
2026-09-25T08:46:48Z,MLOps: Vector Indexing,COMPLETED,1.667,0,0
2026-09-25T09:46:42Z,MLOps: Sentiment Enrichment,COMPLETED,7.258,2,1
2026-09-25T09:46:49Z,MLOps: Vector Indexing,COMPLETED,8.941,2,1
2026-09-25T10:46:44Z,MLOps: Sentiment Enrichment,COMPLETED,7.489,1,1
2026-09-25T10:46:52Z,MLOps: Vector Indexing,COMPLETED,8.949,1,1
2026-09-25T11:46:42Z,MLOps: Sentiment Enrichment,COMPLETED,5.138,0,0
2026-09-25T11:46:47Z,MLOps: Vector Indexing,COMPLETED,1.525,0,0
2026-09-25T12:46:42Z,MLOps: Sentiment Enrichment,COMPLETED,5.334,0,0
2026-09-25T12:46:48Z,MLOps: Vector Indexing,COMPLETED,1.701,0,0
2026-09-25T13:46:42Z,MLOps: Sentiment Enrichment,COMPLETED,6.340,0,0
2026-09-25T13:46:49Z,MLOps: Vector Indexing,COMPLETED,1.668,0,0
2026-09-25T14:46:42Z,MLOps: Sentiment Enrichment,COMPLETED,8.352,1,1
2026-09-25T14:46:51Z,MLOps: Vector Indexing,COMPLETED,10.445,1,1
2026-09-25T15:46:44Z,MLOps: Sentiment Enrichment,COMPLETED,5.349,0,0
2026-09-25T15:46:49Z,MLOps: Vector Indexing,COMPLETED,1.550,0,0
2026-09-25T16:46:43Z,MLOps: Sentiment Enrichment,COMPLETED,7.446,1,1
2026-09-25T16:46:50Z,MLOps: Vector Indexing,COMPLETED,8.992,1,1
2026-09-25T17:46:42Z,MLOps: Sentiment Enrichment,COMPLETED,5.267,0,0
2026-09-25T17:46:47Z,MLOps: Vector Indexing,COMPLETED,1.538,0,0
2026-09-25T18:46:42Z,MLOps: Sentiment Enrichment,COMPLETED,7.290,1,1
2026-09-25T18:46:49Z,MLOps: Vector Indexing,COMPLETED,8.954,1,1
2026-09-25T19:46:42Z,MLOps: Sentiment Enrichment,COMPLETED,5.332,0,0
2026-09-25T19:46:48Z,MLOps: Vector Indexing,COMPLETED,1.562,0,0
2026-09-25T20:46:42Z,MLOps: Sentiment Enrichment,COMPLETED,5.425,0,0
2026-09-25T20:46:47Z,MLOps: Vector Indexing,COMPLETED,1.505,0,0
2026-09-25T21:46:42Z,MLOps: Sentiment Enrichment,COMPLETED,7.309,1,1
2026-09-25T21:46:49Z,MLOps: Vector Indexing,COMPLETED,9.044,1,1
2026-09-25T22:46:43Z,MLOps: Sentiment Enrichment,COMPLETED,7.106,1,1
2026-09-25T22:46:50Z,MLOps: Vector Indexing,COMPLETED,8.862,1,1
2026-09-25T23:46:42Z,MLOps: Sentiment Enrichment,COMPLETED,5.407,0,0
2026-09-25T23:46:48Z,MLOps: Vector Indexing,COMPLETED,1.635,0,0
2026-09-26T00:46:42Z,MLOps: Sentiment Enrichment,COMPLETED,5.296,0,0
2026-09-26T00:46:47Z,MLOps: Vector Indexing,COMPLETED,1.660,0,0
2026-09-26T01:46:42Z,MLOps: Sentiment Enrichment,COMPLETED,5.207,0,0
2026-09-26T01:46:47Z,MLOps: Vector Indexing,COMPLETED,1.579,0,0
2026-09-26T02:46:42Z,MLOps: Sentiment Enrichment,COMPLETED,5.346,0,0
2026-09-26T02:46:48Z,MLOps: Vector Indexing,COMPLETED,1.571,0,0
2026-09-26T03:46:42Z,MLOps: Sentiment Enrichment,COMPLETED,5.159,0,0
2026-09-26T03:46:47Z,MLOps: Vector Indexing,COMPLETED,1.579,0,0
2026-09-26T04:46:43Z,MLOps: Sentiment Enrichment,COMPLETED,5.494,0,0
2026-09-26T04:46:48Z,MLOps: Vector Indexing,COMPLETED,1.617,0,0
2026-09-26T05:46:42Z,MLOps: Sentiment Enrichment,COMPLETED,5.263,0,0
2026-09-26T05:46:47Z,MLOps: Vector Indexing,COMPLETED,1.590,0,0
2026-09-26T06:46:42Z,MLOps: Sentiment Enrichment,COMPLETED,7.734,1,1
2026-09-26T06:46:50Z,MLOps: Vector Indexing,COMPLETED,9.076,1,1
2026-09-26T07:46:42Z,MLOps: Sentiment Enrichment,COMPLETED,5.282,0,0
2026-09-26T07:46:47Z,MLOps: Vector Indexing,COMPLETED,1.513,0,0
2026-09-26T08:46:42Z,MLOps: Sentiment Enrichment,COMPLETED,5.256,0,0
2026-09-26T08:46:47Z,MLOps: Vector Indexing,COMPLETED,1.553,0,0
2026-09-26T09:46:42Z,MLOps: Sentiment Enrichment,COMPLETED,7.517,3,1
2026-09-26T09:46:50Z,MLOps: Vector Indexing,COMPLETED,8.969,3,1
2026-09-26T10:46:43Z,MLOps: Sentiment Enrichment,COMPLETED,5.290,0,0
2026-09-26T10:46:48Z,MLOps: Vector Indexing,COMPLETED,1.587,0,0
2026-09-26T11:46:44Z,MLOps: Sentiment Enrichment,COMPLETED,5.202,0,0
2026-09-26T11:46:49Z,MLOps: Vector Indexing,COMPLETED,1.597,0,0
2026-09-26T12:46:42Z,MLOps: Sentiment Enrichment,COMPLETED,5.241,0,0
2026-09-26T12:46:47Z,MLOps: Vector Indexing,COMPLETED,1.506,0,0
2026-09-26T13:46:43Z,MLOps: Sentiment Enrichment,COMPLETED,5.096,0,0
2026-09-26T13:46:48Z,MLOps: Vector Indexing,COMPLETED,1.541,0,0
2026-09-26T14:46:43Z,MLOps: Sentiment Enrichment,COMPLETED,5.395,0,0
2026-09-26T14:46:48Z,MLOps: Vector Indexing,COMPLETED,1.533,0,0
2026-09-26T15:46:42Z,MLOps: Sentiment Enrichment,COMPLETED,5.336,0,0
2026-09-26T15:46:47Z,MLOps: Vector Indexing,COMPLETED,1.629,0,0
2026-09-26T16:46:42Z,MLOps: Sentiment Enrichment,COMPLETED,5.240,0,0
2026-09-26T16:46:47Z,MLOps: Vector Indexing,COMPLETED,1.622,0,0
2026-09-26T17:46:42Z,MLOps: Sentiment Enrichment,COMPLETED,5.184,0,0
2026-09-26T17:46:47Z,MLOps: Vector Indexing,COMPLETED,1.542,0,0
2026-09-26T18:46:42Z,MLOps: Sentiment Enrichment,COMPLETED,5.238,0,0
2026-09-26T18:46:47Z,MLOps: Vector Indexing,COMPLETED,1.504,0,0
2026-09-26T19:46:42Z,MLOps: Sentiment Enrichment,COMPLETED,5.144,0,0
2026-09-26T19:46:47Z,MLOps: Vector Indexing,COMPLETED,1.559,0,0
2026-09-26T20:46:42Z,MLOps: Sentiment Enrichment,COMPLETED,5.346,0,0
2026-09-26T20:46:48Z,MLOps: Vector Indexing,COMPLETED,1.577,0,0
2026-09-26T21:46:42Z,MLOps: Sentiment Enrichment,COMPLETED,7.384,1,1
2026-09-26T21:46:49Z,MLOps: Vector Indexing,COMPLETED,9.129,1,1
2026-09-26T22:46:42Z,MLOps: Sentiment Enrichment,COMPLETED,5.233,0,0
2026-09-26T22:46:48Z,MLOps: Vector Indexing,COMPLETED,1.556,0,0
2026-09-26T23:46:42Z,MLOps: Sentiment Enrichment,COMPLETED,5.588,0,0
2026-09-26T23:46:47Z,MLOps: Vector Indexing,COMPLETED,1.604,0,0
2026-09-27T00:46:41Z,MLOps: Sentiment Enrichment,COMPLETED,5.211,0,0
2026-09-27T00:46:47Z,MLOps: Vector Indexing,COMPLETED,1.585,0,0
2026-09-27T01:46:43Z,MLOps: Sentiment Enrichment,COMPLETED,5.227,0,0
2026-09-27T01:46:48Z,MLOps: Vector Indexing,COMPLETED,1.499,0,0
2026-09-27T02:46:42Z,MLOps: Sentiment Enrichment,COMPLETED,5.302,0,0
2026-09-27T02:46:48Z,MLOps: Vector Indexing,COMPLETED,1.578,0,0
2026-09-27T03:46:42Z,MLOps: Sentiment Enrichment,COMPLETED,5.257,0,0
2026-09-27T03:46:47Z,MLOps: Vector Indexing,COMPLETED,1.583,0,0
2026-09-27T04:46:42Z,MLOps: Sentiment Enrichment,COMPLETED,5.233,0,0
2026-09-27T04:46:47Z,MLOps: Vector Indexing,COMPLETED,1.532,0,0
2026-09-27T05:46:42Z,MLOps: Sentiment Enrichment,COMPLETED,5.341,0,0
2026-09-27T05:46:47Z,MLOps: Vector Indexing,COMPLETED,1.577,0,0
2026-09-27T06:46:42Z,MLOps: Sentiment Enrichment,COMPLETED,5.366,0,0
2026-09-27T06:46:47Z,MLOps: Vector Indexing,COMPLETED,1.627,0,0
2026-09-27T07:46:42Z,MLOps: Sentiment Enrichment,COMPLETED,7.159,2,1
2026-09-27T07:46:49Z,MLOps: Vector Indexing,COMPLETED,8.879,2,1
2026-09-27T08:46:43Z,MLOps: Sentiment Enrichment,COMPLETED,7.310,1,1
2026-09-27T08:46:50Z,MLOps: Vector Indexing,COMPLETED,8.786,1,1
2026-09-27T09:46:42Z,MLOps: Sentiment Enrichment,COMPLETED,5.357,0,0
2026-09-27T09:46:47Z,MLOps: Vector Indexing,COMPLETED,1.514,0,0
2026-09-27T10:46:43Z,MLOps: Sentiment Enrichment,COMPLETED,5.276,0,0
2026-09-27T10:46:48Z,MLOps: Vector Indexing,COMPLETED,1.543,0,0
2026-09-27T11:46:42Z,MLOps: Sentiment Enrichment,COMPLETED,7.394,1,1
2026-09-27T11:46:50Z,MLOps: Vector Indexing,COMPLETED,8.931,1,1
2026-09-27T12:46:42Z,MLOps: Sentiment Enrichment,COMPLETED,5.383,0,0
2026-09-27T12:46:48Z,MLOps: Vector Indexing,COMPLETED,1.540,0,0
2026-09-27T13:46:42Z,MLOps: Sentiment Enrichment,COMPLETED,5.462,0,0
2026-09-27T13:46:48Z,MLOps: Vector Indexing,COMPLETED,1.683,0,0
2026-09-27T14:46:43Z,MLOps: Sentiment Enrichment,COMPLETED,5.425,0,0
2026-09-27T14:46:48Z,MLOps: Vector Indexing,COMPLETED,1.609,0,0
2026-09-27T15:46:42Z,MLOps: Sentiment Enrichment,COMPLETED,5.270,0,0
2026-09-27T15:46:47Z,MLOps: Vector Indexing,COMPLETED,1.579,0,0
2026-09-27T16:46:42Z,MLOps: Sentiment Enrichment,COMPLETED,5.345,0,0
2026-09-27T16:46:47Z,MLOps: Vector Indexing,COMPLETED,1.531,0,0
2026-09-27T17:46:42Z,MLOps: Sentiment Enrichment,COMPLETED,5.308,0,0
2026-09-27T17:46:47Z,MLOps: Vector Indexing,COMPLETED,1.521,0,0
2026-09-27T18:46:42Z,MLOps: Sentiment Enrichment,COMPLETED,5.258,0,0
2026-09-27T18:46:47Z,MLOps: Vector Indexing,COMPLETED,1.602,0,0
2026-09-27T19:46:42Z,MLOps: Sentiment Enrichment,COMPLETED,5.404,0,0
2026-09-27T19:46:47Z,MLOps: Vector Indexing,COMPLETED,1.533,0,0
2026-09-27T20:46:42Z,MLOps: Sentiment Enrichment,COMPLETED,5.371,0,0
2026-09-27T20:46:48Z,MLOps: Vector Indexing,COMPLETED,1.523,0,0
2026-09-27T21:46:42Z,MLOps: Sentiment Enrichment,COMPLETED,5.407,0,0
2026-09-27T21:46:47Z,MLOps: Vector Indexing,COMPLETED,1.635,0,0
2026-09-27T22:46:43Z,MLOps: Sentiment Enrichment,COMPLETED,5.428,0,0
2026-09-27T22:46:48Z,MLOps: Vector Indexing,COMPLETED,1.571,0,0
2026-09-27T23:46:42Z,MLOps: Sentiment Enrichment,COMPLETED,7.742,3,1
2026-09-27T23:46:49Z,MLOps: Vector Indexing,COMPLETED,8.857,3,1
2026-09-28T00:46:42Z,MLOps: Sentiment Enrichment,COMPLETED,5.450,0,0
2026-09-28T00:46:47Z,MLOps: Vector Indexing,COMPLETED,1.600,0,0
2026-09-28T01:46:45Z,MLOps: Sentiment Enrichment,COMPLETED,5.395,0,0
2026-09-28T01:46:51Z,MLOps: Vector Indexing,COMPLETED,1.603,0,0
2026-09-28T02:46:42Z,MLOps: Sentiment Enrichment,COMPLETED,5.160,0,0
2026-09-28T02:46:47Z,MLOps: Vector Indexing,COMPLETED,1.533,0,0
2026-09-28T03:46:42Z,MLOps: Sentiment Enrichment,COMPLETED,7.266,1,1
2026-09-28T03:46:49Z,MLOps: Vector Indexing,COMPLETED,8.957,1,1
2026-09-28T04:46:45Z,MLOps: Sentiment Enrichment,COMPLETED,4.995,0,0
2026-09-28T04:46:50Z,MLOps: Vector Indexing,COMPLETED,1.497,0,0
2026-09-28T05:46:42Z,MLOps: Sentiment Enrichment,COMPLETED,7.274,3,1
2026-09-28T05:46:49Z,MLOps: Vector Indexing,COMPLETED,8.916,3,1
2026-09-28T06:46:42Z,MLOps: Sentiment Enrichment,COMPLETED,7.135,1,1
2026-09-28T06:46:49Z,MLOps: Vector Indexing,COMPLETED,8.908,1,1
2026-09-28T07:46:42Z,MLOps: Sentiment Enrichment,COMPLETED,7.301,1,1
2026-09-28T07:46:49Z,MLOps: Vector Indexing,COMPLETED,8.804,1,1
2026-09-28T08:46:42Z,MLOps: Sentiment Enrichment,COMPLETED,5.386,0,0
2026-09-28T08:46:47Z,MLOps: Vector Indexing,COMPLETED,1.624,0,0
2026-09-28T09:46:42Z,MLOps: Sentiment Enrichment,COMPLETED,7.189,1,1
2026-09-28T09:46:49Z,MLOps: Vector Indexing,COMPLETED,8.837,1,1
2026-09-28T10:46:42Z,MLOps: Sentiment Enrichment,COMPLETED,5.709,0,0
2026-09-28T10:46:47Z,MLOps: Vector Indexing,COMPLETED,1.604,0,0
2026-09-28T11:46:42Z,MLOps: Sentiment Enrichment,COMPLETED,5.320,0,0
2026-09-28T11:46:47Z,MLOps: Vector Indexing,COMPLETED,1.558,0,0
2026-09-28T12:46:42Z,MLOps: Sentiment Enrichment,COMPLETED,7.265,1,1
2026-09-28T12:46:49Z,MLOps: Vector Indexing,COMPLETED,8.807,1,1
2026-09-28T13:46:43Z,MLOps: Sentiment Enrichment,COMPLETED,7.581,1,1
2026-09-28T13:46:50Z,MLOps: Vector Indexing,COMPLETED,9.156,1,1
2026-09-28T14:46:43Z,MLOps: Sentiment Enrichment,COMPLETED,7.627,3,1
2026-09-28T14:46:50Z,MLOps: Vector Indexing,COMPLETED,9.144,3,1
2026-09-28T15:46:43Z,MLOps: Sentiment Enrichment,COMPLETED,5.381,0,0
2026-09-28T15:46:48Z,MLOps: Vector Indexing,COMPLETED,1.570,0,0
2026-09-28T16:46:43Z,MLOps: Sentiment Enrichment,COMPLETED,5.598,0,0
2026-09-28T16:46:48Z,MLOps: Vector Indexing,COMPLETED,1.598,0,0
2026-09-28T17:46:42Z,MLOps: Sentiment Enrichment,COMPLETED,7.780,2,1
2026-09-28T17:46:50Z,MLOps: Vector Indexing,COMPLETED,10.106,2,1
2026-09-28T18:46:42Z,MLOps: Sentiment Enrichment,COMPLETED,7.681,2,1
2026-09-28T18:46:49Z,MLOps: Vector Indexing,COMPLETED,9.313,2,1
2026-09-28T19:46:42Z,MLOps: Sentiment Enrichment,COMPLETED,7.450,1,1
2026-09-28T19:46:49Z,MLOps: Vector Indexing,COMPLETED,9.010,1,1
2026-09-28T22:58:47Z,MLOps: Sentiment Enrichment,COMPLETED,11.539,20,1
2026-09-28T22:58:59Z,MLOps: Vector Indexing,COMPLETED,14.279,20,1
2026-09-28T23:58:46Z,MLOps: Sentiment Enrichment,COMPLETED,8.390,7,1
2026-09-28T23:58:54Z,MLOps: Vector Indexing,COMPLETED,9.330,7,1
2026-09-29T00:58:46Z,MLOps: Sentiment Enrichment,COMPLETED,5.353,0,0
2026-09-29T00:58:52Z,MLOps: Vector Indexing,COMPLETED,1.513,0,0
2026-09-29T01:58:45Z,MLOps: Sentiment Enrichment,COMPLETED,7.421,3,1
2026-09-29T01:58:52Z,MLOps: Vector Indexing,COMPLETED,8.987,3,1
2026-09-29T02:58:45Z,MLOps: Sentiment Enrichment,COMPLETED,5.278,0,0
2026-09-29T02:58:50Z,MLOps: Vector Indexing,COMPLETED,1.498,0,0
2026-09-29T03:58:45Z,MLOps: Sentiment Enrichment,COMPLETED,7.539,2,1
2026-09-29T03:58:53Z,MLOps: Vector Indexing,COMPLETED,9.416,2,1
2026-09-29T04:58:45Z,MLOps: Sentiment Enrichment,COMPLETED,7.210,1,1
2026-09-29T04:58:52Z,MLOps: Vector Indexing,COMPLETED,9.001,1,1
2026-09-29T05:58:45Z,MLOps: Sentiment Enrichment,COMPLETED,7.614,5,1
2026-09-29T05:58:53Z,MLOps: Vector Indexing,COMPLETED,9.044,5,1
2026-09-29T06:58:47Z,MLOps: Sentiment Enrichment,COMPLETED,7.495,1,1
2026-09-29T06:58:54Z,MLOps: Vector Indexing,COMPLETED,9.123,1,1
2026-09-29T07:58:46Z,MLOps: Sentiment Enrichment,COMPLETED,7.155,1,1
2026-09-29T07:58:53Z,MLOps: Vector Indexing,COMPLETED,9.130,1,1
2026-09-29T08:58:48Z,MLOps: Sentiment Enrichment,COMPLETED,7.483,3,1
2026-09-29T08:58:55Z,MLOps: Vector Indexing,COMPLETED,8.995,3,1
2026-09-29T09:58:47Z,MLOps: Sentiment Enrichment,COMPLETED,7.825,5,1
2026-09-29T09:58:55Z,MLOps: Vector Indexing,COMPLETED,9.041,5,1
2026-09-29T10:58:45Z,MLOps: Sentiment Enrichment,COMPLETED,7.786,5,1
2026-09-29T10:58:53Z,MLOps: Vector Indexing,COMPLETED,9.135,5,1
2026-09-29T11:58:46Z,MLOps: Sentiment Enrichment,COMPLETED,7.820,8,1
2026-09-29T11:58:54Z,MLOps: Vector Indexing,COMPLETED,9.023,8,1
2026-09-29T12:58:45Z,MLOps: Sentiment Enrichment,COMPLETED,8.151,15,1
2026-09-29T12:58:53Z,MLOps: Vector Indexing,COMPLETED,9.442,15,1
2026-09-29T13:58:45Z,MLOps: Sentiment Enrichment,COMPLETED,8.719,16,1
2026-09-29T13:58:54Z,MLOps: Vector Indexing,COMPLETED,9.283,16,1
2026-09-29T14:58:45Z,MLOps: Sentiment Enrichment,COMPLETED,8.426,15,1
2026-09-29T14:58:53Z,MLOps: Vector Indexing,COMPLETED,9.178,15,1
2026-09-29T15:58:45Z,MLOps: Sentiment Enrichment,COMPLETED,8.194,15,1
2026-09-29T15:58:54Z,MLOps: Vector Indexing,COMPLETED,9.069,15,1
2026-09-29T16:58:45Z,MLOps: Sentiment Enrichment,COMPLETED,8.897,18,1
2026-09-29T16:58:54Z,MLOps: Vector Indexing,COMPLETED,9.346,18,1
2026-09-29T17:58:45Z,MLOps: Sentiment Enrichment,COMPLETED,7.795,8,1
2026-09-29T17:58:53Z,MLOps: Vector Indexing,COMPLETED,9.425,8,1
2026-09-29T18:58:46Z,MLOps: Sentiment Enrichment,COMPLETED,7.464,5,1
2026-09-29T18:58:53Z,MLOps: Vector Indexing,COMPLETED,9.144,5,1
2026-09-29T19:58:45Z,MLOps: Sentiment Enrichment,COMPLETED,9.976,17,1
2026-09-29T19:58:55Z,MLOps: Vector Indexing,COMPLETED,9.122,17,1
2026-09-29T20:58:45Z,MLOps: Sentiment Enrichment,COMPLETED,7.479,8,1
2026-09-29T20:58:53Z,MLOps: Vector Indexing,COMPLETED,9.018,8,1
2026-09-29T21:58:45Z,MLOps: Sentiment Enrichment,COMPLETED,8.291,14,1
2026-09-29T21:58:54Z,MLOps: Vector Indexing,COMPLETED,9.403,14,1
2026-09-29T22:58:46Z,MLOps: Sentiment Enrichment,COMPLETED,8.406,13,1
2026-09-29T22:58:54Z,MLOps: Vector Indexing,COMPLETED,9.196,13,1
2026-09-29T23:58:45Z,MLOps: Sentiment Enrichment,COMPLETED,7.835,8,1
2026-09-29T23:58:53Z,MLOps: Vector Indexing,COMPLETED,9.329,8,1
2026-09-30T00:58:45Z,MLOps: Sentiment Enrichment,COMPLETED,7.313,3,1
2026-09-30T00:58:53Z,MLOps: Vector Indexing,COMPLETED,9.195,3,1
2026-09-30T01:58:45Z,MLOps: Sentiment Enrichment,COMPLETED,7.167,1,1
2026-09-30T01:58:53Z,MLOps: Vector Indexing,COMPLETED,8.860,1,1
2026-09-30T02:58:46Z,MLOps: Sentiment Enrichment,COMPLETED,7.241,2,1
2026-09-30T02:58:53Z,MLOps: Vector Indexing,COMPLETED,8.701,2,1
2026-09-30T03:58:45Z,MLOps: Sentiment Enrichment,COMPLETED,7.183,3,1
2026-09-30T03:58:52Z,MLOps: Vector Indexing,COMPLETED,8.980,3,1
2026-09-30T04:58:45Z,MLOps: Sentiment Enrichment,COMPLETED,7.149,1,1
2026-09-30T04:58:52Z,MLOps: Vector Indexing,COMPLETED,8.866,1,1
2026-09-30T05:58:45Z,MLOps: Sentiment Enrichment,COMPLETED,7.622,4,1
2026-09-30T05:58:53Z,MLOps: Vector Indexing,COMPLETED,9.088,4,1
2026-09-30T06:58:45Z,MLOps: Sentiment Enrichment,COMPLETED,7.310,1,1
2026-09-30T06:58:52Z,MLOps: Vector Indexing,COMPLETED,9.437,1,1
2026-09-30T07:58:48Z,MLOps: Sentiment Enrichment,COMPLETED,5.381,0,0
2026-09-30T07:58:53Z,MLOps: Vector Indexing,COMPLETED,1.539,0,0
2026-09-30T08:58:46Z,MLOps: Sentiment Enrichment,COMPLETED,7.969,9,1
2026-09-30T08:58:54Z,MLOps: Vector Indexing,COMPLETED,10.161,9,1
2026-09-30T09:58:46Z,MLOps: Sentiment Enrichment,COMPLETED,8.102,11,1
2026-09-30T09:58:54Z,MLOps: Vector Indexing,COMPLETED,9.394,11,1
2026-09-30T10:58:45Z,MLOps: Sentiment Enrichment,COMPLETED,7.896,7,1
2026-09-30T10:58:53Z,MLOps: Vector Indexing,COMPLETED,9.312,7,1
2026-09-30T11:58:46Z,MLOps: Sentiment Enrichment,COMPLETED,8.382,16,1
2026-09-30T11:58:54Z,MLOps: Vector Indexing,COMPLETED,9.204,16,1
2026-09-30T12:58:46Z,MLOps: Sentiment Enrichment,COMPLETED,8.853,19,1
2026-09-30T12:58:55Z,MLOps: Vector Indexing,COMPLETED,9.495,19,1
2026-09-30T13:58:45Z,MLOps: Sentiment Enrichment,COMPLETED,8.003,9,1
2026-09-30T13:58:53Z,MLOps: Vector Indexing,COMPLETED,9.246,9,1
2026-09-30T14:58:46Z,MLOps: Sentiment Enrichment,COMPLETED,8.396,16,1
2026-09-30T14:58:54Z,MLOps: Vector Indexing,COMPLETED,9.344,16,1
2026-09-30T15:58:45Z,MLOps: Sentiment Enrichment,COMPLETED,8.485,14,1
2026-09-30T15:58:54Z,MLOps: Vector Indexing,COMPLETED,9.608,14,1
2026-09-30T16:58:46Z,MLOps: Sentiment Enrichment,COMPLETED,8.742,17,1
2026-09-30T16:58:55Z,MLOps: Vector Indexing,COMPLETED,9.979,17,1
2026-09-30T17:58:46Z,MLOps: Sentiment Enrichment,COMPLETED,8.724,11,1
2026-09-30T17:58:54Z,MLOps: Vector Indexing,COMPLETED,10.263,11,1
2026-09-30T18:58:46Z,MLOps: Sentiment Enrichment,COMPLETED,8.804,4,1
2026-09-30T18:58:54Z,MLOps: Vector Indexing,COMPLETED,10.635,4,1
2026-09-30T19:58:46Z,MLOps: Sentiment Enrichment,COMPLETED,8.203,7,1
2026-09-30T19:58:54Z,MLOps: Vector Indexing,COMPLETED,9.259,7,1
2026-09-30T20:58:46Z,MLOps: Sentiment Enrichment,COMPLETED,8.490,10,1
2026-09-30T20:58:54Z,MLOps: Vector Indexing,COMPLETED,11.079,10,1
2026-09-30T21:58:46Z,MLOps: Sentiment Enrichment,COMPLETED,8.900,19,1
2026-09-30T21:58:55Z,MLOps: Vector Indexing,COMPLETED,10.820,19,1
2026-09-30T22:58:45Z,MLOps: Sentiment Enrichment,COMPLETED,8.139,13,1
2026-09-30T22:58:54Z,MLOps: Vector Indexing,COMPLETED,9.476,13,1
2026-09-30T23:58:45Z,MLOps: Sentiment Enrichment,COMPLETED,7.290,2,1
2026-09-30T23:58:52Z,MLOps: Vector Indexing,COMPLETED,9.067,2,1
2026-10-01T00:58:46Z,MLOps: Sentiment Enrichment,COMPLETED,7.256,1,1
2026-10-01T00:58:53Z,MLOps: Vector Indexing,COMPLETED,9.069,1,1
2026-10-01T01:58:46Z,MLOps: Sentiment Enrichment,COMPLETED,5.411,0,0
2026-10-01T01:58:51Z,MLOps: Vector Indexing,COMPLETED,1.564,0,0
2026-10-01T02:58:45Z,MLOps: Sentiment Enrichment,COMPLETED,7.432,2,1
2026-10-01T02:58:53Z,MLOps: Vector Indexing,COMPLETED,9.311,2,1
2026-10-01T03:58:48Z,MLOps: Sentiment Enrichment,COMPLETED,7.528,2,1
2026-10-01T03:58:55Z,MLOps: Vector Indexing,COMPLETED,9.178,2,1
2026-10-01T04:58:46Z,MLOps: Sentiment Enrichment,COMPLETED,7.309,2,1
2026-10-01T04:58:53Z,MLOps: Vector Indexing,COMPLETED,9.234,2,1
2026-10-01T05:58:46Z,MLOps: Sentiment Enrichment,COMPLETED,7.684,5,1
2026-10-01T05:58:53Z,MLOps: Vector Indexing,COMPLETED,9.083,5,1
2026-10-01T06:58:46Z,MLOps: Sentiment Enrichment,COMPLETED,5.304,0,0
2026-10-01T06:58:51Z,MLOps: Vector Indexing,COMPLETED,1.646,0,0
2026-10-01T07:58:46Z,MLOps: Sentiment Enrichment,COMPLETED,7.387,5,1
2026-10-01T07:58:53Z,MLOps: Vector Indexing,COMPLETED,8.904,5,1
2026-10-01T08:58:46Z,MLOps: Sentiment Enrichment,COMPLETED,8.112,8,1
2026-10-01T08:58:54Z,MLOps: Vector Indexing,COMPLETED,9.251,8,1
2026-10-01T09:58:46Z,MLOps: Sentiment Enrichment,COMPLETED,7.785,7,1
2026-10-01T09:58:54Z,MLOps: Vector Indexing,COMPLETED,9.231,7,1
2026-10-01T10:58:46Z,MLOps: Sentiment Enrichment,COMPLETED,7.616,5,1
2026-10-01T10:58:54Z,MLOps: Vector Indexing,COMPLETED,9.109,5,1
2026-10-01T11:58:46Z,MLOps: Sentiment Enrichment,COMPLETED,8.079,13,1
2026-10-01T11:58:54Z,MLOps: Vector Indexing,COMPLETED,9.311,13,1
2026-10-01T12:58:46Z,MLOps: Sentiment Enrichment,COMPLETED,8.054,10,1
2026-10-01T12:58:54Z,MLOps: Vector Indexing,COMPLETED,9.267,10,1
2026-10-01T13:58:45Z,MLOps: Sentiment Enrichment,COMPLETED,7.993,11,1
2026-10-01T13:58:53Z,MLOps: Vector Indexing,COMPLETED,9.285,11,1
2026-10-01T14:58:46Z,MLOps: Sentiment Enrichment,COMPLETED,9.302,18,1
2026-10-01T14:58:55Z,MLOps: Vector Indexing,COMPLETED,9.324,18,1
2026-10-01T15:58:46Z,MLOps: Sentiment Enrichment,COMPLETED,9.282,17,1
2026-10-01T15:58:56Z,MLOps: Vector Indexing,COMPLETED,9.461,17,1
2026-10-01T16:58:45Z,MLOps: Sentiment Enrichment,COMPLETED,9.378,15,1
2026-10-01T16:58:55Z,MLOps: Vector Indexing,COMPLETED,9.390,15,1
2026-10-01T17:58:46Z,MLOps: Sentiment Enrichment,COMPLETED,8.012,10,1
2026-10-01T17:58:54Z,MLOps: Vector Indexing,COMPLETED,9.191,10,1
2026-10-01T18:58:45Z,MLOps: Sentiment Enrichment,COMPLETED,7.914,12,1
2026-10-01T18:58:53Z,MLOps: Vector Indexing,COMPLETED,9.243,12,1
2026-10-01T19:58:45Z,MLOps: Sentiment Enrichment,COMPLETED,7.808,8,1
2026-10-01T19:58:53Z,MLOps: Vector Indexing,COMPLETED,9.286,8,1
2026-10-01T20:58:46Z,MLOps: Sentiment Enrichment,COMPLETED,8.199,9,1
2026-10-01T20:58:54Z,MLOps: Vector Indexing,COMPLETED,9.174,9,1
2026-10-01T21:58:45Z,MLOps: Sentiment Enrichment,COMPLETED,7.763,7,1
2026-10-01T21:58:53Z,MLOps: Vector Indexing,COMPLETED,9.136,7,1
2026-10-01T22:58:46Z,MLOps: Sentiment Enrichment,COMPLETED,8.151,16,1
2026-10-01T22:58:54Z,MLOps: Vector Indexing,COMPLETED,9.085,16,1
2026-10-01T23:58:46Z,MLOps: Sentiment Enrichment,COMPLETED,7.442,5,1
2026-10-01T23:58:53Z,MLOps: Vector Indexing,COMPLETED,9.077,5,1
2026-10-02T00:58:48Z,MLOps: Sentiment Enrichment,COMPLETED,7.581,3,1
2026-10-02T00:58:56Z,MLOps: Vector Indexing,COMPLETED,8.761,3,1
2026-10-02T01:58:45Z,MLOps: Sentiment Enrichment,COMPLETED,7.781,8,1
2026-10-02T01:58:53Z,MLOps: Vector Indexing,COMPLETED,9.142,8,1
2026-10-02T02:58:45Z,MLOps: Sentiment Enrichment,COMPLETED,7.162,1,1
2026-10-02T02:58:53Z,MLOps: Vector Indexing,COMPLETED,9.266,1,1
2026-10-02T03:58:46Z,MLOps: Sentiment Enrichment,COMPLETED,7.411,2,1
2026-10-02T03:58:54Z,MLOps: Vector Indexing,COMPLETED,9.137,2,1
2026-10-02T04:58:46Z,MLOps: Sentiment Enrichment,COMPLETED,7.132,1,1
2026-10-02T04:58:53Z,MLOps: Vector Indexing,COMPLETED,9.137,1,1
2026-10-02T05:58:45Z,MLOps: Sentiment Enrichment,COMPLETED,7.177,1,1
2026-10-02T05:58:52Z,MLOps: Vector Indexing,COMPLETED,9.205,1,1
2026-10-02T06:58:45Z,MLOps: Sentiment Enrichment,COMPLETED,7.602,3,1
2026-10-02T06:58:53Z,MLOps: Vector Indexing,COMPLETED,9.217,3,1
2026-10-02T07:58:45Z,MLOps: Sentiment Enrichment,COMPLETED,7.401,2,1
2026-10-02T07:58:53Z,MLOps: Vector Indexing,COMPLETED,9.135,2,1
2026-10-02T08:58:46Z,MLOps: Sentiment Enrichment,COMPLETED,7.646,9,1
2026-10-02T08:58:53Z,MLOps: Vector Indexing,COMPLETED,9.177,9,1
2026-10-02T09:58:46Z,MLOps: Sentiment Enrichment,COMPLETED,7.802,6,1
2026-10-02T09:58:54Z,MLOps: Vector Indexing,COMPLETED,9.181,6,1
2026-10-02T10:58:46Z,MLOps: Sentiment Enrichment,COMPLETED,8.106,9,1
2026-10-02T10:58:54Z,MLOps: Vector Indexing,COMPLETED,8.850,9,1
2026-10-02T11:58:46Z,MLOps: Sentiment Enrichment,COMPLETED,8.317,15,1
2026-10-02T11:58:54Z,MLOps: Vector Indexing,COMPLETED,9.278,15,1
2026-10-02T12:58:45Z,MLOps: Sentiment Enrichment,COMPLETED,8.611,14,1
2026-10-02T12:58:54Z,MLOps: Vector Indexing,COMPLETED,9.545,14,1
2026-10-02T13:58:46Z,MLOps: Sentiment Enrichment,COMPLETED,8.946,16,1
2026-10-02T13:58:55Z,MLOps: Vector Indexing,COMPLETED,9.332,16,1
2026-10-02T14:58:46Z,MLOps: Sentiment Enrichment,COMPLETED,8.373,9,1
2026-10-02T14:58:55Z,MLOps: Vector Indexing,COMPLETED,9.347,9,1
