scenario,run,seq,timestamp,code,latency_ms,bytes_in,error,url
sentiment_warm,1,0,1790789108122317985,200,390.643,6970,,/api/v1/sentiment/NVDA
sentiment_warm,1,1,1790789110623710754,200,149.162,6970,,/api/v1/sentiment/NVDA
sentiment_warm,1,2,1790789113122312549,200,160.797,6970,,/api/v1/sentiment/NVDA
sentiment_warm,1,3,1790789115623359460,200,48.319,6970,,/api/v1/sentiment/NVDA
sentiment_warm,1,4,1790789118122238179,200,49.280,6970,,/api/v1/sentiment/NVDA
sentiment_warm,1,5,1790789120623334682,200,52.001,6970,,/api/v1/sentiment/NVDA
sentiment_warm,1,6,1790789123122160876,200,85.521,6970,,/api/v1/sentiment/NVDA
sentiment_warm,1,7,1790789125624029212,200,50.032,6970,,/api/v1/sentiment/NVDA
sentiment_warm,1,8,1790789128122621381,200,52.272,6970,,/api/v1/sentiment/NVDA
sentiment_warm,1,9,1790789130623335726,200,51.084,6970,,/api/v1/sentiment/NVDA
sentiment_warm,1,10,1790789133122781587,200,53.242,6970,,/api/v1/sentiment/NVDA
sentiment_warm,1,11,1790789135623269881,200,70.197,6970,,/api/v1/sentiment/NVDA
sentiment_warm,1,12,1790789138123412500,200,65.549,6970,,/api/v1/sentiment/NVDA
sentiment_warm,1,13,1790789140622374086,200,97.108,6970,,/api/v1/sentiment/NVDA
sentiment_warm,1,14,1790789143123259664,200,65.031,6970,,/api/v1/sentiment/NVDA
sentiment_warm,1,15,1790789145622324008,200,70.997,6970,,/api/v1/sentiment/NVDA
sentiment_warm,1,16,1790789148123398694,200,62.771,6970,,/api/v1/sentiment/NVDA
sentiment_warm,1,17,1790789150624096447,200,77.308,6970,,/api/v1/sentiment/NVDA
sentiment_warm,1,18,1790789153122078850,200,87.343,6970,,/api/v1/sentiment/NVDA
sentiment_warm,1,19,1790789155622385828,200,58.641,6970,,/api/v1/sentiment/NVDA
sentiment_warm,1,20,1790789158122583355,200,57.097,6970,,/api/v1/sentiment/NVDA
sentiment_warm,1,21,1790789160622296150,200,50.854,6970,,/api/v1/sentiment/NVDA
sentiment_warm,1,22,1790789163122053036,200,53.366,6970,,/api/v1/sentiment/NVDA
sentiment_warm,1,23,1790789165622259455,200,51.830,6970,,/api/v1/sentiment/NVDA
sentiment_warm,1,24,1790789168122497316,200,54.320,6970,,/api/v1/sentiment/NVDA
sentiment_warm,1,25,1790789170622086085,200,52.782,6970,,/api/v1/sentiment/NVDA
sentiment_warm,1,26,1790789173124184688,200,50.271,6970,,/api/v1/sentiment/NVDA
sentiment_warm,1,27,1790789175622064057,200,69.772,6970,,/api/v1/sentiment/NVDA
sentiment_warm,1,28,1790789178124024702,200,50.038,6970,,/api/v1/sentiment/NVDA
sentiment_warm,1,29,1790789180622520254,200,48.456,6970,,/api/v1/sentiment/NVDA
sentiment_warm,1,30,1790789183123828965,200,50.830,6970,,/api/v1/sentiment/NVDA
sentiment_warm,1,31,1790789185623701718,200,48.793,6970,,/api/v1/sentiment/NVDA
sentiment_warm,1,32,1790789188123994854,200,49.812,6970,,/api/v1/sentiment/NVDA
sentiment_warm,1,33,1790789190623199265,200,50.117,6970,,/api/v1/sentiment/NVDA
sentiment_warm,1,34,1790789193122242068,200,89.586,6970,,/api/v1/sentiment/NVDA
sentiment_warm,1,35,1790789195622786004,200,62.189,6970,,/api/v1/sentiment/NVDA
sentiment_warm,1,36,1790789198123884340,200,53.933,6970,,/api/v1/sentiment/NVDA
sentiment_warm,1,37,1790789200623499967,200,91.085,6970,,/api/v1/sentiment/NVDA
sentiment_warm,1,38,1790789203122031729,200,56.862,6970,,/api/v1/sentiment/NVDA
sentiment_warm,1,39,1790789205622688048,200,71.937,6970,,/api/v1/sentiment/NVDA
sentiment_warm,1,40,1790789208123869892,200,55.782,6970,,/api/v1/sentiment/NVDA
sentiment_warm,1,41,1790789210624137728,200,54.193,6970,,/api/v1/sentiment/NVDA
sentiment_warm,1,42,1790789213123460939,200,53.933,6970,,/api/v1/sentiment/NVDA
sentiment_warm,1,43,1790789215623055300,200,51.264,6970,,/api/v1/sentiment/NVDA
sentiment_warm,1,44,1790789218122936761,200,57.531,6970,,/api/v1/sentiment/NVDA
sentiment_warm,1,45,1790789220623079472,200,51.189,6970,,/api/v1/sentiment/NVDA
sentiment_warm,1,46,1790789223123206783,200,53.754,6970,,/api/v1/sentiment/NVDA
sentiment_warm,1,47,1790789225623830744,200,54.582,6970,,/api/v1/sentiment/NVDA
sentiment_warm,1,48,1790789228122967047,200,51.032,6970,,/api/v1/sentiment/NVDA
sentiment_warm,1,49,1790789230623005166,200,53.882,6970,,/api/v1/sentiment/NVDA
sentiment_warm,1,50,1790789233122562402,200,51.508,6970,,/api/v1/sentiment/NVDA
sentiment_warm,1,51,1790789235623969838,200,46.878,6970,,/api/v1/sentiment/NVDA
sentiment_warm,1,52,1790789238122372533,200,58.863,6970,,/api/v1/sentiment/NVDA
sentiment_warm,1,53,1790789240623033527,200,54.250,6970,,/api/v1/sentiment/NVDA
sentiment_warm,1,54,1790789243122802880,200,53.540,6970,,/api/v1/sentiment/NVDA
sentiment_warm,1,55,1790789245622069074,200,48.250,6970,,/api/v1/sentiment/NVDA
sentiment_warm,1,56,1790789248123540768,200,70.389,6970,,/api/v1/sentiment/NVDA
sentiment_warm,1,57,1790789250622915404,200,69.344,6970,,/api/v1/sentiment/NVDA
sentiment_warm,1,58,1790789253122193516,200,52.845,6970,,/api/v1/sentiment/NVDA
sentiment_warm,1,59,1790789255624247568,200,73.771,6970,,/api/v1/sentiment/NVDA
sentiment_warm,1,60,1790789258122537604,200,47.764,6970,,/api/v1/sentiment/NVDA
sentiment_warm,1,61,1790789260622609457,200,93.018,6970,,/api/v1/sentiment/NVDA
sentiment_warm,1,62,1790789263122974643,200,72.482,6970,,/api/v1/sentiment/NVDA
sentiment_warm,1,63,1790789265623378879,200,55.240,6970,,/api/v1/sentiment/NVDA
sentiment_warm,1,64,1790789268123964157,200,70.074,6970,,/api/v1/sentiment/NVDA
sentiment_warm,1,65,1790789270623984859,200,50.256,6970,,/api/v1/sentiment/NVDA
sentiment_warm,1,66,1790789273123325579,200,78.215,6970,,/api/v1/sentiment/NVDA
sentiment_warm,1,67,1790789275623717806,200,49.774,6970,,/api/v1/sentiment/NVDA
sentiment_warm,1,68,1790789278124133501,200,48.859,6970,,/api/v1/sentiment/NVDA
sentiment_warm,1,69,1790789280624161720,200,57.827,6970,,/api/v1/sentiment/NVDA
sentiment_warm,1,70,1790789283124017881,200,50.638,6970,,/api/v1/sentiment/NVDA
sentiment_warm,1,71,1790789285623966534,200,61.835,6970,,/api/v1/sentiment/NVDA
sentiment_warm,1,72,1790789288123505803,200,54.396,6970,,/api/v1/sentiment/NVDA
sentiment_warm,1,73,1790789290622479673,200,48.997,6970,,/api/v1/sentiment/NVDA
sentiment_warm,1,74,1790789293123781692,200,62.006,6970,,/api/v1/sentiment/NVDA
sentiment_warm,1,75,1790789295623979769,200,47.935,6970,,/api/v1/sentiment/NVDA
sentiment_warm,1,76,1790789298122823381,200,52.221,6970,,/api/v1/sentiment/NVDA
sentiment_warm,1,77,1790789300624243008,200,48.835,6970,,/api/v1/sentiment/NVDA
sentiment_warm,1,78,1790789303123221186,200,54.559,6970,,/api/v1/sentiment/NVDA
sentiment_warm,1,79,1790789305623950930,200,80.250,6970,,/api/v1/sentiment/NVDA
sentiment_warm,1,80,1790789308122921683,200,50.226,6970,,/api/v1/sentiment/NVDA
sentiment_warm,1,81,1790789310624580194,200,52.042,6970,,/api/v1/sentiment/NVDA
sentiment_warm,1,82,1790789313122719072,200,86.041,6970,,/api/v1/sentiment/NVDA
sentiment_warm,1,83,1790789315623430024,200,49.400,6970,,/api/v1/sentiment/NVDA
sentiment_warm,1,84,1790789318123534877,200,83.023,6970,,/api/v1/sentiment/NVDA
sentiment_warm,1,85,1790789320622775496,200,48.176,6970,,/api/v1/sentiment/NVDA
sentiment_warm,1,86,1790789323123408716,200,49.212,6970,,/api/v1/sentiment/NVDA
sentiment_warm,1,87,1790789325623200343,200,53.130,6970,,/api/v1/sentiment/NVDA
sentiment_warm,1,88,1790789328123040554,200,52.343,6970,,/api/v1/sentiment/NVDA
sentiment_warm,1,89,1790789330623466765,200,55.445,6970,,/api/v1/sentiment/NVDA
sentiment_warm,1,90,1790789333123783093,200,53.507,6970,,/api/v1/sentiment/NVDA
sentiment_warm,1,91,1790789335622398271,200,54.013,6970,,/api/v1/sentiment/NVDA
sentiment_warm,1,92,1790789338124067262,200,55.863,6970,,/api/v1/sentiment/NVDA
sentiment_warm,1,93,1790789340623730373,200,54.489,6970,,/api/v1/sentiment/NVDA
sentiment_warm,1,94,1790789343123518517,200,72.979,6970,,/api/v1/sentiment/NVDA
sentiment_warm,1,95,1790789345622788286,200,52.840,6970,,/api/v1/sentiment/NVDA
sentiment_warm,1,96,1790789348123551306,200,76.702,6970,,/api/v1/sentiment/NVDA
sentiment_warm,1,97,1790789350624157758,200,78.229,6970,,/api/v1/sentiment/NVDA
sentiment_warm,1,98,1790789353122289303,200,53.645,6970,,/api/v1/sentiment/NVDA
sentiment_warm,1,99,1790789355622570343,200,61.157,6970,,/api/v1/sentiment/NVDA
sentiment_warm,1,100,1790789358123147921,200,61.869,6970,,/api/v1/sentiment/NVDA
sentiment_warm,1,101,1790789360622491665,200,73.428,6970,,/api/v1/sentiment/NVDA
sentiment_warm,1,102,1790789363123262751,200,52.497,6970,,/api/v1/sentiment/NVDA
sentiment_warm,1,103,1790789365623583112,200,49.580,6970,,/api/v1/sentiment/NVDA
sentiment_warm,1,104,1790789368123316165,200,50.203,6970,,/api/v1/sentiment/NVDA
sentiment_warm,1,105,1790789370622512601,200,59.697,6970,,/api/v1/sentiment/NVDA
sentiment_warm,1,106,1790789373122912437,200,95.432,6970,,/api/v1/sentiment/NVDA
sentiment_warm,1,107,1790789375622375256,200,53.027,6970,,/api/v1/sentiment/NVDA
sentiment_warm,1,108,1790789378123307767,200,53.650,6970,,/api/v1/sentiment/NVDA
sentiment_warm,1,109,1790789380623994612,200,82.361,6970,,/api/v1/sentiment/NVDA
sentiment_warm,1,110,1790789383123566698,200,53.822,6970,,/api/v1/sentiment/NVDA
sentiment_warm,1,111,1790789385623359059,200,123.470,6970,,/api/v1/sentiment/NVDA
sentiment_warm,1,112,1790789388122839295,200,49.850,6970,,/api/v1/sentiment/NVDA
sentiment_warm,1,113,1790789390624224822,200,51.537,6970,,/api/v1/sentiment/NVDA
sentiment_warm,1,114,1790789393124013700,200,57.813,6970,,/api/v1/sentiment/NVDA
sentiment_warm,1,115,1790789395623982978,200,50.205,6970,,/api/v1/sentiment/NVDA
sentiment_warm,1,116,1790789398123745180,200,90.832,6970,,/api/v1/sentiment/NVDA
sentiment_warm,1,117,1790789400623630125,200,59.622,6970,,/api/v1/sentiment/NVDA
sentiment_warm,1,118,1790789403123388202,200,98.917,6970,,/api/v1/sentiment/NVDA
sentiment_warm,1,119,1790789405622186164,200,67.410,6970,,/api/v1/sentiment/NVDA
sentiment_warm,1,120,1790789408122840191,200,50.279,6970,,/api/v1/sentiment/NVDA
sentiment_warm,1,121,1790789410623017186,200,97.346,6970,,/api/v1/sentiment/NVDA
sentiment_warm,1,122,1790789413122549763,200,50.376,6970,,/api/v1/sentiment/NVDA
sentiment_warm,1,123,1790789415624024666,200,51.397,6970,,/api/v1/sentiment/NVDA
sentiment_warm,1,124,1790789418123648635,200,54.947,6970,,/api/v1/sentiment/NVDA
sentiment_warm,1,125,1790789420622565580,200,49.408,6970,,/api/v1/sentiment/NVDA
sentiment_warm,1,126,1790789423122503049,200,50.944,6970,,/api/v1/sentiment/NVDA
sentiment_warm,1,127,1790789425623100885,200,53.750,6970,,/api/v1/sentiment/NVDA
sentiment_warm,1,128,1790789428122876929,200,48.817,6970,,/api/v1/sentiment/NVDA
sentiment_warm,1,129,1790789430624088107,200,53.901,6970,,/api/v1/sentiment/NVDA
sentiment_warm,1,130,1790789433123640576,200,50.782,6970,,/api/v1/sentiment/NVDA
sentiment_warm,1,131,1790789435623128054,200,52.551,6970,,/api/v1/sentiment/NVDA
sentiment_warm,1,132,1790789438123821773,200,50.636,6970,,/api/v1/sentiment/NVDA
sentiment_warm,1,133,1790789440622242526,200,52.012,6970,,/api/v1/sentiment/NVDA
sentiment_warm,1,134,1790789443123810837,200,53.800,6970,,/api/v1/sentiment/NVDA
sentiment_warm,1,135,1790789445623236348,200,51.640,6970,,/api/v1/sentiment/NVDA
sentiment_warm,1,136,1790789448123853067,200,61.003,6970,,/api/v1/sentiment/NVDA
sentiment_warm,1,137,1790789450623557795,200,841.112,6970,,/api/v1/sentiment/NVDA
sentiment_warm,1,138,1790789453122520389,200,52.880,6970,,/api/v1/sentiment/NVDA
sentiment_warm,1,139,1790789455623426042,200,81.865,6970,,/api/v1/sentiment/NVDA
sentiment_warm,1,140,1790789458122638703,200,61.962,6970,,/api/v1/sentiment/NVDA
sentiment_warm,1,141,1790789460623634189,200,50.734,6970,,/api/v1/sentiment/NVDA
sentiment_warm,1,142,1790789463122538942,200,125.537,6970,,/api/v1/sentiment/NVDA
sentiment_warm,1,143,1790789465623968378,200,50.229,6970,,/api/v1/sentiment/NVDA
sentiment_warm,1,144,1790789468122995322,200,91.861,6970,,/api/v1/sentiment/NVDA
sentiment_warm,1,145,1790789470624040675,200,50.289,6970,,/api/v1/sentiment/NVDA
sentiment_warm,1,146,1790789473124192919,200,56.844,6970,,/api/v1/sentiment/NVDA
sentiment_warm,1,147,1790789475623752538,200,65.438,6970,,/api/v1/sentiment/NVDA
sentiment_warm,1,148,1790789478122564066,200,53.280,6970,,/api/v1/sentiment/NVDA
sentiment_warm,1,149,1790789480623037786,200,50.663,6970,,/api/v1/sentiment/NVDA
sentiment_warm,1,150,1790789483123629022,200,53.152,6970,,/api/v1/sentiment/NVDA
sentiment_warm,1,151,1790789485623842224,200,73.615,6970,,/api/v1/sentiment/NVDA
sentiment_warm,1,152,1790789488122853860,200,48.837,6970,,/api/v1/sentiment/NVDA
sentiment_warm,1,153,1790789490622748613,200,51.880,6970,,/api/v1/sentiment/NVDA
sentiment_warm,1,154,1790789493122175041,200,52.353,6970,,/api/v1/sentiment/NVDA
sentiment_warm,1,155,1790789495622997368,200,56.723,6970,,/api/v1/sentiment/NVDA
sentiment_warm,1,156,1790789498122590629,200,49.252,6970,,/api/v1/sentiment/NVDA
sentiment_warm,1,157,1790789500622493449,200,55.851,6970,,/api/v1/sentiment/NVDA
sentiment_warm,1,158,1790789503122526710,200,52.805,6970,,/api/v1/sentiment/NVDA
sentiment_warm,1,159,1790789505624163129,200,51.562,6970,,/api/v1/sentiment/NVDA
sentiment_warm,1,160,1790789508122934140,200,60.160,6970,,/api/v1/sentiment/NVDA
sentiment_warm,1,161,1790789510622713484,200,49.607,6970,,/api/v1/sentiment/NVDA
sentiment_warm,1,162,1790789513122517762,200,78.793,6970,,/api/v1/sentiment/NVDA
sentiment_warm,1,163,1790789515623144748,200,48.739,6970,,/api/v1/sentiment/NVDA
sentiment_warm,1,164,1790789518122502151,200,79.377,6970,,/api/v1/sentiment/NVDA
sentiment_warm,1,165,1790789520624049837,200,56.701,6970,,/api/v1/sentiment/NVDA
sentiment_warm,1,166,1790789523121959273,200,49.465,6970,,/api/v1/sentiment/NVDA
sentiment_warm,1,167,1790789525623668842,200,84.312,6970,,/api/v1/sentiment/NVDA
sentiment_warm,1,168,1790789528123444153,200,50.799,6970,,/api/v1/sentiment/NVDA
sentiment_warm,1,169,1790789530622358256,200,71.380,6970,,/api/v1/sentiment/NVDA
sentiment_warm,1,170,1790789533122677334,200,58.753,6970,,/api/v1/sentiment/NVDA
sentiment_warm,1,171,1790789535623393786,200,51.253,6970,,/api/v1/sentiment/NVDA
sentiment_warm,1,172,1790789538123474164,200,52.559,6970,,/api/v1/sentiment/NVDA
sentiment_warm,1,173,1790789540623233525,200,49.169,6970,,/api/v1/sentiment/NVDA
sentiment_warm,1,174,1790789543124026703,200,52.802,6970,,/api/v1/sentiment/NVDA
sentiment_warm,1,175,1790789545623276580,200,53.311,6970,,/api/v1/sentiment/NVDA
sentiment_warm,1,176,1790789548124026766,200,48.710,6970,,/api/v1/sentiment/NVDA
sentiment_warm,1,177,1790789550623737636,200,53.140,6970,,/api/v1/sentiment/NVDA
sentiment_warm,1,178,1790789553122747072,200,53.299,6970,,/api/v1/sentiment/NVDA
sentiment_warm,1,179,1790789555622945974,200,62.371,6970,,/api/v1/sentiment/NVDA
sentiment_warm,1,180,1790789558123264502,200,50.657,6970,,/api/v1/sentiment/NVDA
sentiment_warm,1,181,1790789560623991680,200,50.695,6970,,/api/v1/sentiment/NVDA
sentiment_warm,1,182,1790789563122972699,200,51.277,6970,,/api/v1/sentiment/NVDA
sentiment_warm,1,183,1790789565623217435,200,59.673,6970,,/api/v1/sentiment/NVDA
sentiment_warm,1,184,1790789568122153263,200,96.534,6970,,/api/v1/sentiment/NVDA
sentiment_warm,1,185,1790789570623126015,200,54.809,6970,,/api/v1/sentiment/NVDA
sentiment_warm,1,186,1790789573123338301,200,50.402,6970,,/api/v1/sentiment/NVDA
sentiment_warm,1,187,1790789575624046504,200,61.665,6970,,/api/v1/sentiment/NVDA
sentiment_warm,1,188,1790789578122977565,200,52.418,6970,,/api/v1/sentiment/NVDA
sentiment_warm,1,189,1790789580622473018,200,51.873,6970,,/api/v1/sentiment/NVDA
sentiment_warm,1,190,1790789583123567046,200,50.308,6970,,/api/v1/sentiment/NVDA
sentiment_warm,1,191,1790789585622479682,200,50.604,6970,,/api/v1/sentiment/NVDA
sentiment_warm,1,192,1790789588124002709,200,52.820,6970,,/api/v1/sentiment/NVDA
sentiment_warm,1,193,1790789590624178787,200,53.069,6970,,/api/v1/sentiment/NVDA
sentiment_warm,1,194,1790789593122319956,200,91.378,6970,,/api/v1/sentiment/NVDA
sentiment_warm,1,195,1790789595622930992,200,63.085,6970,,/api/v1/sentiment/NVDA
sentiment_warm,1,196,1790789598122940053,200,78.229,6970,,/api/v1/sentiment/NVDA
sentiment_warm,1,197,1790789600623245473,200,65.577,6970,,/api/v1/sentiment/NVDA
sentiment_warm,1,198,1790789603123440800,200,51.397,6970,,/api/v1/sentiment/NVDA
sentiment_warm,1,199,1790789605622201911,200,72.802,6970,,/api/v1/sentiment/NVDA
sentiment_warm,1,200,1790789608122845397,200,49.341,6970,,/api/v1/sentiment/NVDA
sentiment_warm,1,201,1790789610623222133,200,54.464,6970,,/api/v1/sentiment/NVDA
sentiment_warm,1,202,1790789613122172811,200,51.871,6970,,/api/v1/sentiment/NVDA
sentiment_warm,1,203,1790789615624246664,200,53.449,6970,,/api/v1/sentiment/NVDA
sentiment_warm,1,204,1790789618123678591,200,51.736,6970,,/api/v1/sentiment/NVDA
sentiment_warm,1,205,1790789620622476919,200,50.310,6970,,/api/v1/sentiment/NVDA
sentiment_warm,1,206,1790789623124016905,200,93.578,6970,,/api/v1/sentiment/NVDA
sentiment_warm,1,207,1790789625622728058,200,54.418,6970,,/api/v1/sentiment/NVDA
sentiment_warm,1,208,1790789628122731252,200,53.068,6970,,/api/v1/sentiment/NVDA
sentiment_warm,1,209,1790789630622905222,200,54.259,6970,,/api/v1/sentiment/NVDA
sentiment_warm,1,210,1790789633123996958,200,56.300,6970,,/api/v1/sentiment/NVDA
sentiment_warm,1,211,1790789635623487369,200,53.282,6970,,/api/v1/sentiment/NVDA
sentiment_warm,1,212,1790789638123207405,200,50.074,6970,,/api/v1/sentiment/NVDA
sentiment_warm,1,213,1790789640623084557,200,54.664,6970,,/api/v1/sentiment/NVDA
sentiment_warm,1,214,1790789643122453052,200,50.662,6970,,/api/v1/sentiment/NVDA
sentiment_warm,1,215,1790789645622710896,200,53.869,6970,,/api/v1/sentiment/NVDA
sentiment_warm,1,216,1790789648122338807,200,50.311,6970,,/api/v1/sentiment/NVDA
sentiment_warm,1,217,1790789650623072860,200,50.466,6970,,/api/v1/sentiment/NVDA
sentiment_warm,1,218,1790789653122349046,200,50.083,6970,,/api/v1/sentiment/NVDA
sentiment_warm,1,219,1790789655623428223,200,63.433,6970,,/api/v1/sentiment/NVDA
sentiment_warm,1,220,1790789658124079501,200,55.555,6970,,/api/v1/sentiment/NVDA
sentiment_warm,1,221,1790789660622828329,200,56.272,6970,,/api/v1/sentiment/NVDA
sentiment_warm,1,222,1790789663123361723,200,105.963,6970,,/api/v1/sentiment/NVDA
sentiment_warm,1,223,1790789665622768351,200,97.722,6970,,/api/v1/sentiment/NVDA
sentiment_warm,1,224,1790789668122964412,200,69.977,6970,,/api/v1/sentiment/NVDA
sentiment_warm,1,225,1790789670623434098,200,103.442,6970,,/api/v1/sentiment/NVDA
sentiment_warm,1,226,1790789673123124984,200,61.254,6970,,/api/v1/sentiment/NVDA
sentiment_warm,1,227,1790789675622114895,200,54.447,6970,,/api/v1/sentiment/NVDA
sentiment_warm,1,228,1790789678123630497,200,53.514,6970,,/api/v1/sentiment/NVDA
sentiment_warm,1,229,1790789680624095784,200,50.833,6970,,/api/v1/sentiment/NVDA
sentiment_warm,1,230,1790789683123193036,200,52.470,6970,,/api/v1/sentiment/NVDA
sentiment_warm,1,231,1790789685624048272,200,49.165,6970,,/api/v1/sentiment/NVDA
sentiment_warm,1,232,1790789688122392942,200,52.923,6970,,/api/v1/sentiment/NVDA
sentiment_warm,1,233,1790789690622884628,200,52.085,6970,,/api/v1/sentiment/NVDA
sentiment_warm,1,234,1790789693124228722,200,64.557,6970,,/api/v1/sentiment/NVDA
sentiment_warm,1,235,1790789695622845366,200,48.506,6970,,/api/v1/sentiment/NVDA
sentiment_warm,1,236,1790789698123589044,200,51.894,6970,,/api/v1/sentiment/NVDA
sentiment_warm,1,237,1790789700623298447,200,54.042,6970,,/api/v1/sentiment/NVDA
sentiment_warm,1,238,1790789703123972824,200,51.489,6970,,/api/v1/sentiment/NVDA
sentiment_warm,1,239,1790789705623330777,200,50.310,6970,,/api/v1/sentiment/NVDA
sentiment_cold,1,0,1790790100333539237,200,599.316,6970,,/api/v1/sentiment/NVDA
sentiment_cold,1,1,1790790102832701481,200,192.628,6593,,/api/v1/sentiment/AAPL
sentiment_cold,1,2,1790790105332830900,200,117.381,6617,,/api/v1/sentiment/META
sentiment_cold,1,3,1790790107833149520,200,126.302,6868,,/api/v1/sentiment/MU
sentiment_cold,1,4,1790790110333922622,200,167.810,6577,,/api/v1/sentiment/AMZN
sentiment_cold,1,5,1790790112834442633,200,123.752,6713,,/api/v1/sentiment/TSLA
sentiment_cold,1,6,1790790115333856778,200,118.423,6561,,/api/v1/sentiment/MSFT
sentiment_cold,1,7,1790790117832779864,200,134.493,6500,,/api/v1/sentiment/AMD
sentiment_cold,1,8,1790790120332764450,200,127.694,6344,,/api/v1/sentiment/GOOGL
sentiment_cold,1,9,1790790122834056294,200,155.203,6755,,/api/v1/sentiment/GOOGN
sentiment_cold,1,10,1790790125333018889,200,118.663,6537,,/api/v1/sentiment/INTC
sentiment_cold,1,11,1790790127834271775,200,118.880,6633,,/api/v1/sentiment/PLTR
sentiment_cold,1,12,1790790130333768419,200,109.392,6503,,/api/v1/sentiment/AVGO
sentiment_cold,1,13,1790790132832959905,200,116.709,6412,,/api/v1/sentiment/ORCL
sentiment_cold,1,14,1790790135332611741,200,101.578,6395,,/api/v1/sentiment/XRP
sentiment_cold,1,15,1790790137834321585,200,117.150,6568,,/api/v1/sentiment/JPM
sentiment_cold,1,16,1790790140333570730,200,104.363,6459,,/api/v1/sentiment/NFLX
sentiment_cold,1,17,1790790142832706024,200,120.053,6599,,/api/v1/sentiment/WMT
sentiment_cold,1,18,1790790145334334652,200,119.784,6767,,/api/v1/sentiment/TSM
sentiment_cold,1,19,1790790147833543554,200,142.539,6360,,/api/v1/sentiment/MS
sentiment_cold,1,20,1790790150333886465,200,116.325,6708,,/api/v1/sentiment/GS
sentiment_cold,1,21,1790790152832755193,200,97.390,6363,,/api/v1/sentiment/IBM
sentiment_cold,1,22,1790790155334204613,200,1028.458,6442,,/api/v1/sentiment/MRVL
sentiment_cold,1,23,1790790157833666515,200,134.560,6611,,/api/v1/sentiment/CRM
sentiment_cold,1,24,1790790160332898151,200,136.703,6506,,/api/v1/sentiment/LLY
sentiment_cold,1,25,1790790162833394421,200,108.277,6325,,/api/v1/sentiment/BAC
sentiment_cold,1,26,1790790165332543832,200,119.575,6645,,/api/v1/sentiment/CRWD
sentiment_cold,1,27,1790790167833604309,200,96.472,6284,,/api/v1/sentiment/UBER
sentiment_cold,1,28,1790790170333599162,200,123.090,6558,,/api/v1/sentiment/COIN
sentiment_cold,1,29,1790790172834733615,200,122.899,6439,,/api/v1/sentiment/BA
sentiment_cold,1,30,1790790175334178101,200,115.834,6414,,/api/v1/sentiment/COST
sentiment_cold,1,31,1790790177833583353,200,103.135,6260,,/api/v1/sentiment/CVX
sentiment_cold,1,32,1790790180333849264,200,111.984,6134,,/api/v1/sentiment/F
sentiment_cold,1,33,1790790182832668400,200,178.815,7577,,/api/v1/sentiment/IRS
sentiment_cold,1,34,1790790185333535095,200,109.862,6238,,/api/v1/sentiment/V
sentiment_cold,1,35,1790790187832541139,200,121.882,6890,,/api/v1/sentiment/BRK.B
sentiment_cold,1,36,1790790190333971675,200,111.900,6397,,/api/v1/sentiment/PYPL
sentiment_cold,1,37,1790790192833515619,200,114.565,6544,,/api/v1/sentiment/BABA
sentiment_cold,1,38,1790790195332806106,200,120.845,6696,,/api/v1/sentiment/PPLI
sentiment_cold,1,39,1790790197834491108,200,119.245,6479,,/api/v1/sentiment/NKE
sentiment_cold,1,40,1790790200332752178,200,123.254,6367,,/api/v1/sentiment/ASML
sentiment_cold,1,41,1790790202833586972,200,167.078,6310,,/api/v1/sentiment/XOM
sentiment_cold,1,42,1790790205334300033,200,132.295,6162,,/api/v1/sentiment/ADBE
sentiment_cold,1,43,1790790207833256577,200,112.468,6497,,/api/v1/sentiment/BLK
sentiment_cold,1,44,1790790210332825547,200,95.903,6712,,/api/v1/sentiment/SPCX
sentiment_cold,1,45,1790790212833261499,200,111.691,6341,,/api/v1/sentiment/UBS
sentiment_cold,1,46,1790790215332846235,200,104.298,6583,,/api/v1/sentiment/ARM
sentiment_cold,1,47,1790790217833339296,200,96.597,6548,,/api/v1/sentiment/RDDT
sentiment_cold,1,48,1790790220333721807,200,125.718,6712,,/api/v1/sentiment/MRNA
sentiment_cold,1,49,1790790222833618210,200,115.072,6600,,/api/v1/sentiment/AMAT
sentiment_cold,1,50,1790790225334102929,200,103.368,6632,,/api/v1/sentiment/NOW
sentiment_cold,1,51,1790790227833287082,200,106.290,6477,,/api/v1/sentiment/QCOM
sentiment_cold,1,52,1790790230334689293,200,88.185,6418,,/api/v1/sentiment/RIVN
sentiment_cold,1,53,1790790232834755279,200,91.013,6325,,/api/v1/sentiment/WFC
sentiment_cold,1,54,1790790235333846207,200,120.837,6584,,/api/v1/sentiment/CAT
sentiment_cold,1,55,1790790237833374293,200,105.356,6481,,/api/v1/sentiment/BTC
sentiment_cold,1,56,1790790240333062246,200,93.020,6388,,/api/v1/sentiment/SNOW
sentiment_cold,1,57,1790790242833743407,200,115.702,6590,,/api/v1/sentiment/DIS
sentiment_cold,1,58,1790790245332824984,200,92.253,6433,,/api/v1/sentiment/JNJ
sentiment_cold,1,59,1790790247832854029,200,89.222,6259,,/api/v1/sentiment/PANW
sentiment_cold,1,60,1790790250332851998,200,103.983,6037,,/api/v1/sentiment/LNG
sentiment_cold,1,61,1790790252833218926,200,133.937,6856,,/api/v1/sentiment/PARA
sentiment_cold,1,62,1790790255333803287,200,112.726,6281,,/api/v1/sentiment/HD
sentiment_cold,1,63,1790790257834251339,200,130.998,6436,,/api/v1/sentiment/IREN
sentiment_cold,1,64,1790790260333713150,200,88.780,6423,,/api/v1/sentiment/PEP
sentiment_cold,1,65,1790790262832790145,200,122.524,6308,,/api/v1/sentiment/SOFI
sentiment_cold,1,66,1790790265334079606,200,127.959,6900,,/api/v1/sentiment/WBD
sentiment_cold,1,67,1790790267834561942,200,113.150,6407,,/api/v1/sentiment/BPOPM
sentiment_cold,1,68,1790790270333245870,200,114.761,7110,,/api/v1/sentiment/HAPN
sentiment_cold,1,69,1790790272834834164,200,111.426,6554,,/api/v1/sentiment/PFE
sentiment_cold,1,70,1790790275334533758,200,116.246,6511,,/api/v1/sentiment/SHOP
sentiment_cold,1,71,1790790277832672178,200,92.916,6403,,/api/v1/sentiment/T
sentiment_cold,1,72,1790790280334732830,200,90.905,6782,,/api/v1/sentiment/QUBT
sentiment_cold,1,73,1790790282834068233,200,120.872,6411,,/api/v1/sentiment/ACHR
sentiment_cold,1,74,1790790285334767177,200,135.601,6703,,/api/v1/sentiment/MA
sentiment_cold,1,75,1790790287832770572,200,127.511,6108,,/api/v1/sentiment/OKLO
sentiment_cold,1,76,1790790290334399291,200,146.068,6376,,/api/v1/sentiment/WNRS
sentiment_cold,1,77,1790790292834646044,200,116.920,6456,,/api/v1/sentiment/CSCO
sentiment_cold,1,78,1790790295333490113,200,112.793,6597,,/api/v1/sentiment/ISRG
sentiment_cold,1,79,1790790297832608907,200,109.078,6433,,/api/v1/sentiment/UNH
sentiment_cold,1,80,1790790300334746927,200,110.159,6350,,/api/v1/sentiment/INTU
sentiment_cold,1,81,1790790302834349721,200,108.399,6174,,/api/v1/sentiment/LCID
sentiment_cold,1,82,1790790305332683665,200,136.518,6717,,/api/v1/sentiment/LMT
sentiment_cold,1,83,1790790307834003560,200,126.459,6744,,/api/v1/sentiment/QQQ
sentiment_cold,1,84,1790790310334107496,200,121.103,6367,,/api/v1/sentiment/APP
sentiment_cold,1,85,1790790312834174490,200,143.867,6507,,/api/v1/sentiment/DELL
sentiment_cold,1,86,1790790315333401634,200,111.091,6690,,/api/v1/sentiment/HPE
sentiment_cold,1,87,1790790317832728145,200,152.632,6487,,/api/v1/sentiment/SMCI
sentiment_cold,1,88,1790790320332709248,200,121.692,6515,,/api/v1/sentiment/ABBV
sentiment_cold,1,89,1790790322833363092,200,153.589,6642,,/api/v1/sentiment/BX
sentiment_cold,1,90,1790790325334220803,200,97.691,6555,,/api/v1/sentiment/USA
sentiment_cold,1,91,1790790327833290556,200,115.470,6490,,/api/v1/sentiment/ACN
sentiment_cold,1,92,1790790330333151575,200,135.108,6462,,/api/v1/sentiment/DDOG
sentiment_cold,1,93,1790790332833490820,200,93.711,6330,,/api/v1/sentiment/AMC
sentiment_cold,1,94,1790790335333559464,200,87.657,6212,,/api/v1/sentiment/BSQKZ
sentiment_cold,1,95,1790790337834712983,200,120.623,6506,,/api/v1/sentiment/GM
sentiment_cold,1,96,1790790340334024278,200,118.349,6450,,/api/v1/sentiment/MCD
sentiment_cold,1,97,1790790342833992089,200,125.255,6647,,/api/v1/sentiment/NET
sentiment_cold,1,98,1790790345334451783,200,111.204,6674,,/api/v1/sentiment/SNDK
sentiment_cold,1,99,1790790347833241861,200,133.733,6494,,/api/v1/sentiment/WDAY
sentiment_cold,1,100,1790790350333441039,200,121.974,6455,,/api/v1/sentiment/ABNB
sentiment_cold,1,101,1790790352832577708,200,118.325,6225,,/api/v1/sentiment/KKR
sentiment_cold,1,102,1790790355334488394,200,119.198,6414,,/api/v1/sentiment/RTX
sentiment_cold,1,103,1790790357834868705,200,97.549,6515,,/api/v1/sentiment/ANET
sentiment_cold,1,104,1790790360332684091,200,138.658,6197,,/api/v1/sentiment/CHWY
sentiment_cold,1,105,1790790362833270377,200,123.470,6487,,/api/v1/sentiment/LRCX
sentiment_cold,1,106,1790790365332550780,200,144.397,6366,,/api/v1/sentiment/MRK
sentiment_cold,1,107,1790790367834013216,200,148.610,6475,,/api/v1/sentiment/ABT
sentiment_cold,1,108,1790790370333523885,200,126.123,6435,,/api/v1/sentiment/COO
sentiment_cold,1,109,1790790372832862313,200,122.909,6447,,/api/v1/sentiment/ETH
sentiment_cold,1,110,1790790375334345740,200,130.195,6405,,/api/v1/sentiment/GLP
sentiment_cold,1,111,1790790377834057618,200,121.009,6481,,/api/v1/sentiment/NBIS
sentiment_cold,1,112,1790790380333114812,200,147.472,6240,,/api/v1/sentiment/UPS
sentiment_cold,1,113,1790790382833936040,200,141.291,6797,,/api/v1/sentiment/MSTR
sentiment_cold,1,114,1790790385333642601,200,119.554,6239,,/api/v1/sentiment/OKTA
sentiment_cold,1,115,1790790387832834545,200,107.922,6116,,/api/v1/sentiment/RBC
sentiment_cold,1,116,1790790390333537798,200,163.783,6280,,/api/v1/sentiment/SNPS
sentiment_cold,1,117,1790790392832631568,200,114.160,6067,,/api/v1/sentiment/CVS
sentiment_cold,1,118,1790790395334571770,200,106.725,6219,,/api/v1/sentiment/JOBY
sentiment_cold,1,119,1790790397832840448,200,142.514,6617,,/api/v1/sentiment/COHR
sentiment_cold,1,120,1790790400333770117,200,116.358,6526,,/api/v1/sentiment/HOOD
sentiment_cold,1,121,1790790402832612720,200,123.283,6207,,/api/v1/sentiment/HSBC
sentiment_cold,1,122,1790790405333110089,200,117.010,6619,,/api/v1/sentiment/ICE
sentiment_cold,1,123,1790790407834003459,200,122.383,6564,,/api/v1/sentiment/AXP
sentiment_cold,1,124,1790790410332955420,200,108.995,6422,,/api/v1/sentiment/CMCSA
sentiment_cold,1,125,1790790412832520814,200,97.025,6193,,/api/v1/sentiment/HUT
sentiment_cold,1,126,1790790415333720625,200,116.183,6978,,/api/v1/sentiment/RMD
sentiment_cold,1,127,1790790417833872961,200,128.853,6662,,/api/v1/sentiment/AAL
sentiment_cold,1,128,1790790420333810522,200,112.693,6546,,/api/v1/sentiment/PG
sentiment_cold,1,129,1790790422833293600,200,99.810,6422,,/api/v1/sentiment/SMCIP
sentiment_cold,1,130,1790790425333564186,200,106.179,6662,,/api/v1/sentiment/TXN
sentiment_cold,1,131,1790790427832652638,200,110.371,6591,,/api/v1/sentiment/CRWV
sentiment_cold,1,132,1790790430332667291,200,86.521,6444,,/api/v1/sentiment/GOOG
sentiment_cold,1,133,1790790432834710069,200,116.912,6430,,/api/v1/sentiment/QBTS
sentiment_cold,1,134,1790790435333462563,200,101.882,6343,,/api/v1/sentiment/SAP
sentiment_cold,1,135,1790790437833812899,200,129.496,6201,,/api/v1/sentiment/TJX
sentiment_cold,1,136,1790790440334177993,200,128.035,6306,,/api/v1/sentiment/VST
sentiment_cold,1,137,1790790442834155154,200,113.829,6388,,/api/v1/sentiment/DASH
sentiment_cold,1,138,1790790445333532449,200,116.250,6585,,/api/v1/sentiment/LUNR
sentiment_cold,1,139,1790790447833182543,200,115.299,6483,,/api/v1/sentiment/DAL
sentiment_cold,1,140,1790790450333818787,200,122.139,6501,,/api/v1/sentiment/GILD
sentiment_cold,1,141,1790790452834590698,200,117.351,6970,,/api/v1/sentiment/NVDA
sentiment_cold,1,142,1790790455333689235,200,122.187,6593,,/api/v1/sentiment/AAPL
sentiment_cold,1,143,1790790457833946529,200,120.398,6617,,/api/v1/sentiment/META
sentiment_cold,1,144,1790790460334850073,200,122.270,6868,,/api/v1/sentiment/MU
sentiment_cold,1,145,1790790462833941643,200,93.334,6577,,/api/v1/sentiment/AMZN
sentiment_cold,1,146,1790790465333593570,200,137.042,6713,,/api/v1/sentiment/TSLA
sentiment_cold,1,147,1790790467833901648,200,146.552,6561,,/api/v1/sentiment/MSFT
sentiment_cold,1,148,1790790470334124201,200,110.909,6500,,/api/v1/sentiment/AMD
sentiment_cold,1,149,1790790472833262520,200,167.104,6344,,/api/v1/sentiment/GOOGL
sentiment_cold,1,150,1790790475332620565,200,116.918,6755,,/api/v1/sentiment/GOOGN
sentiment_cold,1,151,1790790477832881800,200,123.512,6537,,/api/v1/sentiment/INTC
sentiment_cold,1,152,1790790480334423161,200,117.307,6633,,/api/v1/sentiment/PLTR
sentiment_cold,1,153,1790790482832699998,200,104.952,6503,,/api/v1/sentiment/AVGO
sentiment_cold,1,154,1790790485332767359,200,112.761,6412,,/api/v1/sentiment/ORCL
sentiment_cold,1,155,1790790487833539453,200,105.681,6395,,/api/v1/sentiment/XRP
sentiment_cold,1,156,1790790490332934164,200,113.074,6568,,/api/v1/sentiment/JPM
sentiment_cold,1,157,1790790492833536308,200,118.625,6459,,/api/v1/sentiment/NFLX
sentiment_cold,1,158,1790790495334780027,200,125.033,6599,,/api/v1/sentiment/WMT
sentiment_cold,1,159,1790790497832774255,200,135.111,6767,,/api/v1/sentiment/TSM
sentiment_cold,1,160,1790790500333613266,200,107.555,6360,,/api/v1/sentiment/MS
sentiment_cold,1,161,1790790502832591627,200,100.110,6708,,/api/v1/sentiment/GS
sentiment_cold,1,162,1790790505332679888,200,107.532,6363,,/api/v1/sentiment/IBM
sentiment_cold,1,163,1790790507834139849,200,94.343,6442,,/api/v1/sentiment/MRVL
sentiment_cold,1,164,1790790510332620735,200,108.199,6611,,/api/v1/sentiment/CRM
sentiment_cold,1,165,1790790512832723938,200,115.514,6506,,/api/v1/sentiment/LLY
sentiment_cold,1,166,1790790515333871132,200,4805.067,6325,,/api/v1/sentiment/BAC
sentiment_cold,1,167,1790790517832829877,200,2354.342,6645,,/api/v1/sentiment/CRWD
sentiment_cold,1,168,1790790520333219079,200,121.137,6284,,/api/v1/sentiment/UBER
sentiment_cold,1,169,1790790522833601224,200,113.414,6558,,/api/v1/sentiment/COIN
sentiment_cold,1,170,1790790525333545110,200,152.930,6439,,/api/v1/sentiment/BA
sentiment_cold,1,171,1790790527833503479,200,102.945,6414,,/api/v1/sentiment/COST
sentiment_cold,1,172,1790790530334510240,200,111.816,6260,,/api/v1/sentiment/CVX
sentiment_cold,1,173,1790790532833592459,200,113.342,6134,,/api/v1/sentiment/F
sentiment_cold,1,174,1790790535332677429,200,124.968,7577,,/api/v1/sentiment/IRS
sentiment_cold,1,175,1790790537832876331,200,115.452,6238,,/api/v1/sentiment/V
sentiment_cold,1,176,1790790540334566101,200,120.098,6890,,/api/v1/sentiment/BRK.B
sentiment_cold,1,177,1790790542833819828,200,125.102,6397,,/api/v1/sentiment/PYPL
sentiment_cold,1,178,1790790545332772431,200,117.219,6544,,/api/v1/sentiment/BABA
sentiment_cold,1,179,1790790547833333692,200,155.717,6696,,/api/v1/sentiment/PPLI
sentiment_cold,1,180,1790790550334078836,200,110.746,6479,,/api/v1/sentiment/NKE
sentiment_cold,1,181,1790790552833468506,200,134.134,6367,,/api/v1/sentiment/ASML
sentiment_cold,1,182,1790790555334526875,200,111.248,6310,,/api/v1/sentiment/XOM
sentiment_cold,1,183,1790790557833233811,200,111.910,6162,,/api/v1/sentiment/ADBE
sentiment_cold,1,184,1790790560334359464,200,110.778,6497,,/api/v1/sentiment/BLK
sentiment_cold,1,185,1790790562832677825,200,120.147,6712,,/api/v1/sentiment/SPCX
sentiment_cold,1,186,1790790565333613636,200,110.546,6341,,/api/v1/sentiment/UBS
sentiment_cold,1,187,1790790567833519297,200,95.899,6583,,/api/v1/sentiment/ARM
sentiment_cold,1,188,1790790570334135375,200,125.966,6548,,/api/v1/sentiment/RDDT
sentiment_cold,1,189,1790790572832657969,200,126.015,6712,,/api/v1/sentiment/MRNA
sentiment_cold,1,190,1790790575334321338,200,128.805,6600,,/api/v1/sentiment/AMAT
sentiment_cold,1,191,1790790577832667199,200,113.374,6632,,/api/v1/sentiment/NOW
sentiment_cold,1,192,1790790580332701560,200,180.397,6477,,/api/v1/sentiment/QCOM
sentiment_cold,1,193,1790790582832743530,200,128.384,6418,,/api/v1/sentiment/RIVN
sentiment_cold,1,194,1790790585333000274,200,114.308,6325,,/api/v1/sentiment/WFC
sentiment_cold,1,195,1790790587834215852,200,126.884,6584,,/api/v1/sentiment/CAT
sentiment_cold,1,196,1790790590334355996,200,111.833,6481,,/api/v1/sentiment/BTC
sentiment_cold,1,197,1790790592832751999,200,133.157,6388,,/api/v1/sentiment/SNOW
sentiment_cold,1,198,1790790595333539677,200,114.851,6590,,/api/v1/sentiment/DIS
sentiment_cold,1,199,1790790597833162088,200,114.195,6433,,/api/v1/sentiment/JNJ
sentiment_cold,1,200,1790790600332719965,200,121.809,6259,,/api/v1/sentiment/PANW
sentiment_cold,1,201,1790790602833545960,200,111.878,6037,,/api/v1/sentiment/LNG
sentiment_cold,1,202,1790790605332997687,200,124.652,6856,,/api/v1/sentiment/PARA
sentiment_cold,1,203,1790790607833228123,200,112.090,6281,,/api/v1/sentiment/HD
sentiment_cold,1,204,1790790610334027626,200,134.367,6436,,/api/v1/sentiment/IREN
sentiment_cold,1,205,1790790612834058504,200,123.844,6423,,/api/v1/sentiment/PEP
sentiment_cold,1,206,1790790615334786598,200,116.954,6308,,/api/v1/sentiment/SOFI
sentiment_cold,1,207,1790790617834471434,200,114.580,6900,,/api/v1/sentiment/WBD
sentiment_cold,1,208,1790790620333726537,200,108.466,6407,,/api/v1/sentiment/BPOPM
sentiment_cold,1,209,1790790622834196406,200,114.772,7110,,/api/v1/sentiment/HAPN
sentiment_cold,1,210,1790790625333015726,200,118.290,6554,,/api/v1/sentiment/PFE
sentiment_cold,1,211,1790790627832684795,200,93.219,6511,,/api/v1/sentiment/SHOP
sentiment_cold,1,212,1790790630334729681,200,94.317,6403,,/api/v1/sentiment/T
sentiment_cold,1,213,1790790632832958667,200,125.659,6782,,/api/v1/sentiment/QUBT
sentiment_cold,1,214,1790790635334229611,200,106.601,6411,,/api/v1/sentiment/ACHR
sentiment_cold,1,215,1790790637834443181,200,131.525,6703,,/api/v1/sentiment/MA
sentiment_cold,1,216,1790790640333988958,200,107.638,6108,,/api/v1/sentiment/OKLO
sentiment_cold,1,217,1790790642834299511,200,147.039,6376,,/api/v1/sentiment/WNRS
sentiment_cold,1,218,1790790645334086464,200,112.991,6456,,/api/v1/sentiment/CSCO
sentiment_cold,1,219,1790790647832668091,200,154.482,6597,,/api/v1/sentiment/ISRG
sentiment_cold,1,220,1790790650334656602,200,259.711,6433,,/api/v1/sentiment/UNH
sentiment_cold,1,221,1790790652834411838,200,110.692,6350,,/api/v1/sentiment/INTU
sentiment_cold,1,222,1790790655333320166,200,172.036,6174,,/api/v1/sentiment/LCID
sentiment_cold,1,223,1790790657833949260,200,101.528,6717,,/api/v1/sentiment/LMT
sentiment_cold,1,224,1790790660334493013,200,144.899,6744,,/api/v1/sentiment/QQQ
sentiment_cold,1,225,1790790662832959232,200,107.560,6367,,/api/v1/sentiment/APP
sentiment_cold,1,226,1790790665333005510,200,115.185,6507,,/api/v1/sentiment/DELL
sentiment_cold,1,227,1790790667833396638,200,113.061,6690,,/api/v1/sentiment/HPE
sentiment_cold,1,228,1790790670334344732,200,117.696,6487,,/api/v1/sentiment/SMCI
sentiment_cold,1,229,1790790672832711677,200,120.632,6515,,/api/v1/sentiment/ABBV
sentiment_cold,1,230,1790790675333460304,200,144.961,6642,,/api/v1/sentiment/BX
sentiment_cold,1,231,1790790677834137432,200,126.977,6555,,/api/v1/sentiment/USA
sentiment_cold,1,232,1790790680333179776,200,103.916,6490,,/api/v1/sentiment/ACN
sentiment_cold,1,233,1790790682832860579,200,103.319,6462,,/api/v1/sentiment/DDOG
sentiment_cold,1,234,1790790685333656232,200,167.268,6330,,/api/v1/sentiment/AMC
sentiment_cold,1,235,1790790687832688493,200,106.889,6212,,/api/v1/sentiment/BSQKZ
sentiment_cold,1,236,1790790690333870245,200,123.235,6506,,/api/v1/sentiment/GM
sentiment_cold,1,237,1790790692832880873,200,118.570,6450,,/api/v1/sentiment/MCD
sentiment_cold,1,238,1790790695334412609,200,116.712,6647,,/api/v1/sentiment/NET
sentiment_cold,1,239,1790790697832831528,200,127.105,6674,,/api/v1/sentiment/SNDK
search_warm,1,0,1790791506363082507,200,325.116,863,,/api/v1/search/semantic?query=semiconductor%20export%20restrictions
search_warm,1,1,1790791508863140885,200,48.978,863,,/api/v1/search/semantic?query=semiconductor%20export%20restrictions
search_warm,1,2,1790791511363199446,200,48.917,863,,/api/v1/search/semantic?query=semiconductor%20export%20restrictions
search_warm,1,3,1790791513863440240,200,50.849,863,,/api/v1/search/semantic?query=semiconductor%20export%20restrictions
search_warm,1,4,1790791516361999960,200,48.895,863,,/api/v1/search/semantic?query=semiconductor%20export%20restrictions
search_warm,1,5,1790791518863727037,200,48.998,863,,/api/v1/search/semantic?query=semiconductor%20export%20restrictions
search_warm,1,6,1790791521363849031,200,48.488,863,,/api/v1/search/semantic?query=semiconductor%20export%20restrictions
search_warm,1,7,1790791523863666692,200,54.775,863,,/api/v1/search/semantic?query=semiconductor%20export%20restrictions
search_warm,1,8,1790791526363464554,200,47.804,863,,/api/v1/search/semantic?query=semiconductor%20export%20restrictions
search_warm,1,9,1790791528863517065,200,65.353,863,,/api/v1/search/semantic?query=semiconductor%20export%20restrictions
search_warm,1,10,1790791531363154601,200,103.586,863,,/api/v1/search/semantic?query=semiconductor%20export%20restrictions
search_warm,1,11,1790791533862154228,200,69.394,863,,/api/v1/search/semantic?query=semiconductor%20export%20restrictions
search_warm,1,12,1790791536363439473,200,47.841,863,,/api/v1/search/semantic?query=semiconductor%20export%20restrictions
search_warm,1,13,1790791538863446792,200,45.793,863,,/api/v1/search/semantic?query=semiconductor%20export%20restrictions
search_warm,1,14,1790791541363662103,200,51.509,863,,/api/v1/search/semantic?query=semiconductor%20export%20restrictions
search_warm,1,15,1790791543862057464,200,48.226,863,,/api/v1/search/semantic?query=semiconductor%20export%20restrictions
search_warm,1,16,1790791546363586267,200,54.274,863,,/api/v1/search/semantic?query=semiconductor%20export%20restrictions
search_warm,1,17,1790791548862845953,200,49.101,863,,/api/v1/search/semantic?query=semiconductor%20export%20restrictions
search_warm,1,18,1790791551362603480,200,48.517,863,,/api/v1/search/semantic?query=semiconductor%20export%20restrictions
search_warm,1,19,1790791553863309941,200,49.640,863,,/api/v1/search/semantic?query=semiconductor%20export%20restrictions
search_warm,1,20,1790791556363990094,200,47.268,863,,/api/v1/search/semantic?query=semiconductor%20export%20restrictions
search_warm,1,21,1790791558862710689,200,57.260,863,,/api/v1/search/semantic?query=semiconductor%20export%20restrictions
search_warm,1,22,1790791561362748350,200,46.198,863,,/api/v1/search/semantic?query=semiconductor%20export%20restrictions
search_warm,1,23,1790791563864062377,200,50.126,863,,/api/v1/search/semantic?query=semiconductor%20export%20restrictions
search_warm,1,24,1790791566363074380,200,46.395,863,,/api/v1/search/semantic?query=semiconductor%20export%20restrictions
search_warm,1,25,1790791568863056949,200,49.137,863,,/api/v1/search/semantic?query=semiconductor%20export%20restrictions
search_warm,1,26,1790791571362599885,200,57.832,863,,/api/v1/search/semantic?query=semiconductor%20export%20restrictions
search_warm,1,27,1790791573863707480,200,48.941,863,,/api/v1/search/semantic?query=semiconductor%20export%20restrictions
search_warm,1,28,1790791576363772641,200,47.934,863,,/api/v1/search/semantic?query=semiconductor%20export%20restrictions
search_warm,1,29,1790791578863820018,200,66.642,863,,/api/v1/search/semantic?query=semiconductor%20export%20restrictions
search_warm,1,30,1790791581363584421,200,46.904,863,,/api/v1/search/semantic?query=semiconductor%20export%20restrictions
search_warm,1,31,1790791583863013599,200,48.074,863,,/api/v1/search/semantic?query=semiconductor%20export%20restrictions
search_warm,1,32,1790791586362855826,200,47.857,863,,/api/v1/search/semantic?query=semiconductor%20export%20restrictions
search_warm,1,33,1790791588862247146,200,48.991,863,,/api/v1/search/semantic?query=semiconductor%20export%20restrictions
search_warm,1,34,1790791591361944999,200,64.339,863,,/api/v1/search/semantic?query=semiconductor%20export%20restrictions
search_warm,1,35,1790791593863688026,200,52.521,863,,/api/v1/search/semantic?query=semiconductor%20export%20restrictions
search_warm,1,36,1790791596362425304,200,68.062,863,,/api/v1/search/semantic?query=semiconductor%20export%20restrictions
search_warm,1,37,1790791598862946232,200,45.493,863,,/api/v1/search/semantic?query=semiconductor%20export%20restrictions
search_warm,1,38,1790791601363752609,200,73.993,863,,/api/v1/search/semantic?query=semiconductor%20export%20restrictions
search_warm,1,39,1790791603863953437,200,50.205,863,,/api/v1/search/semantic?query=semiconductor%20export%20restrictions
search_warm,1,40,1790791606363431015,200,48.602,863,,/api/v1/search/semantic?query=semiconductor%20export%20restrictions
search_warm,1,41,1790791608862476934,200,47.232,863,,/api/v1/search/semantic?query=semiconductor%20export%20restrictions
search_warm,1,42,1790791611363138387,200,44.354,863,,/api/v1/search/semantic?query=semiconductor%20export%20restrictions
search_warm,1,43,1790791613864178056,200,71.418,863,,/api/v1/search/semantic?query=semiconductor%20export%20restrictions
search_warm,1,44,1790791616363734834,200,48.817,863,,/api/v1/search/semantic?query=semiconductor%20export%20restrictions
search_warm,1,45,1790791618862298036,200,49.981,863,,/api/v1/search/semantic?query=semiconductor%20export%20restrictions
search_warm,1,46,1790791621363399031,200,50.182,863,,/api/v1/search/semantic?query=semiconductor%20export%20restrictions
search_warm,1,47,1790791623863868533,200,49.538,863,,/api/v1/search/semantic?query=semiconductor%20export%20restrictions
search_warm,1,48,1790791626363133811,200,51.608,863,,/api/v1/search/semantic?query=semiconductor%20export%20restrictions
search_warm,1,49,1790791628863912505,200,48.305,863,,/api/v1/search/semantic?query=semiconductor%20export%20restrictions
search_warm,1,50,1790791631363180350,200,47.826,863,,/api/v1/search/semantic?query=semiconductor%20export%20restrictions
search_warm,1,51,1790791633862493936,200,47.351,863,,/api/v1/search/semantic?query=semiconductor%20export%20restrictions
search_warm,1,52,1790791636362929430,200,47.886,863,,/api/v1/search/semantic?query=semiconductor%20export%20restrictions
search_warm,1,53,1790791638863276100,200,48.065,863,,/api/v1/search/semantic?query=semiconductor%20export%20restrictions
search_warm,1,54,1790791641363757977,200,66.263,863,,/api/v1/search/semantic?query=semiconductor%20export%20restrictions
search_warm,1,55,1790791643863057080,200,66.689,863,,/api/v1/search/semantic?query=semiconductor%20export%20restrictions
search_warm,1,56,1790791646362371491,200,76.203,863,,/api/v1/search/semantic?query=semiconductor%20export%20restrictions
search_warm,1,57,1790791648863212060,200,78.382,863,,/api/v1/search/semantic?query=semiconductor%20export%20restrictions
search_warm,1,58,1790791651363756546,200,50.061,863,,/api/v1/search/semantic?query=semiconductor%20export%20restrictions
search_warm,1,59,1790791653863470532,200,89.275,863,,/api/v1/search/semantic?query=semiconductor%20export%20restrictions
search_warm,1,60,1790791656363823618,200,59.834,863,,/api/v1/search/semantic?query=semiconductor%20export%20restrictions
search_warm,1,61,1790791658863093846,200,47.688,863,,/api/v1/search/semantic?query=semiconductor%20export%20restrictions
search_warm,1,62,1790791661363014907,200,47.382,863,,/api/v1/search/semantic?query=semiconductor%20export%20restrictions
search_warm,1,63,1790791663862718260,200,47.783,863,,/api/v1/search/semantic?query=semiconductor%20export%20restrictions
search_warm,1,64,1790791666363351846,200,49.124,863,,/api/v1/search/semantic?query=semiconductor%20export%20restrictions
search_warm,1,65,1790791668862929248,200,91.495,863,,/api/v1/search/semantic?query=semiconductor%20export%20restrictions
search_warm,1,66,1790791671362525076,200,51.461,863,,/api/v1/search/semantic?query=semiconductor%20export%20restrictions
search_warm,1,67,1790791673863190562,200,53.788,863,,/api/v1/search/semantic?query=semiconductor%20export%20restrictions
search_warm,1,68,1790791676362086698,200,61.930,863,,/api/v1/search/semantic?query=semiconductor%20export%20restrictions
search_warm,1,69,1790791678863201259,200,62.574,863,,/api/v1/search/semantic?query=semiconductor%20export%20restrictions
search_warm,1,70,1790791681363664070,200,51.436,863,,/api/v1/search/semantic?query=semiconductor%20export%20restrictions
search_warm,1,71,1790791683863001031,200,57.315,863,,/api/v1/search/semantic?query=semiconductor%20export%20restrictions
search_warm,1,72,1790791686363468242,200,47.459,863,,/api/v1/search/semantic?query=semiconductor%20export%20restrictions
search_warm,1,73,1790791688863338703,200,50.397,863,,/api/v1/search/semantic?query=semiconductor%20export%20restrictions
search_warm,1,74,1790791691364296422,200,49.844,863,,/api/v1/search/semantic?query=semiconductor%20export%20restrictions
search_warm,1,75,1790791693863334367,200,119.718,863,,/api/v1/search/semantic?query=semiconductor%20export%20restrictions
search_warm,1,76,1790791696363423544,200,48.632,863,,/api/v1/search/semantic?query=semiconductor%20export%20restrictions
search_warm,1,77,1790791698862625755,200,47.198,863,,/api/v1/search/semantic?query=semiconductor%20export%20restrictions
search_warm,1,78,1790791701363752966,200,50.163,863,,/api/v1/search/semantic?query=semiconductor%20export%20restrictions
search_warm,1,79,1790791703862729036,200,47.946,863,,/api/v1/search/semantic?query=semiconductor%20export%20restrictions
search_warm,1,80,1790791706363519647,200,47.622,863,,/api/v1/search/semantic?query=semiconductor%20export%20restrictions
search_warm,1,81,1790791708863082108,200,62.461,863,,/api/v1/search/semantic?query=semiconductor%20export%20restrictions
search_warm,1,82,1790791711363474886,200,47.117,863,,/api/v1/search/semantic?query=semiconductor%20export%20restrictions
search_warm,1,83,1790791713863520797,200,47.992,863,,/api/v1/search/semantic?query=semiconductor%20export%20restrictions
search_warm,1,84,1790791716363627941,200,45.849,863,,/api/v1/search/semantic?query=semiconductor%20export%20restrictions
search_warm,1,85,1790791718862791194,200,50.839,863,,/api/v1/search/semantic?query=semiconductor%20export%20restrictions
search_warm,1,86,1790791721363666596,200,51.390,863,,/api/v1/search/semantic?query=semiconductor%20export%20restrictions
search_warm,1,87,1790791723863124924,200,45.719,863,,/api/v1/search/semantic?query=semiconductor%20export%20restrictions
search_warm,1,88,1790791726364060002,200,73.876,863,,/api/v1/search/semantic?query=semiconductor%20export%20restrictions
search_warm,1,89,1790791728862376988,200,62.837,863,,/api/v1/search/semantic?query=semiconductor%20export%20restrictions
search_warm,1,90,1790791731363299415,200,47.287,863,,/api/v1/search/semantic?query=semiconductor%20export%20restrictions
search_warm,1,91,1790791733862917243,200,47.231,863,,/api/v1/search/semantic?query=semiconductor%20export%20restrictions
search_warm,1,92,1790791736363548079,200,54.717,863,,/api/v1/search/semantic?query=semiconductor%20export%20restrictions
search_warm,1,93,1790791738862466582,200,47.077,863,,/api/v1/search/semantic?query=semiconductor%20export%20restrictions
search_warm,1,94,1790791741363719376,200,51.451,863,,/api/v1/search/semantic?query=semiconductor%20export%20restrictions
search_warm,1,95,1790791743862737704,200,47.801,863,,/api/v1/search/semantic?query=semiconductor%20export%20restrictions
search_warm,1,96,1790791746363857306,200,46.071,863,,/api/v1/search/semantic?query=semiconductor%20export%20restrictions
search_warm,1,97,1790791748863299042,200,49.869,863,,/api/v1/search/semantic?query=semiconductor%20export%20restrictions
search_warm,1,98,1790791751362244770,200,52.179,863,,/api/v1/search/semantic?query=semiconductor%20export%20restrictions
search_warm,1,99,1790791753863052889,200,46.634,863,,/api/v1/search/semantic?query=semiconductor%20export%20restrictions
search_warm,1,100,1790791756363728734,200,46.815,863,,/api/v1/search/semantic?query=semiconductor%20export%20restrictions
search_warm,1,101,1790791758862736153,200,51.526,863,,/api/v1/search/semantic?query=semiconductor%20export%20restrictions
search_warm,1,102,1790791761363096389,200,47.564,863,,/api/v1/search/semantic?query=semiconductor%20export%20restrictions
search_warm,1,103,1790791763863167325,200,44.770,863,,/api/v1/search/semantic?query=semiconductor%20export%20restrictions
search_warm,1,104,1790791766363350003,200,49.305,863,,/api/v1/search/semantic?query=semiconductor%20export%20restrictions
search_warm,1,105,1790791768863205155,200,49.278,863,,/api/v1/search/semantic?query=semiconductor%20export%20restrictions
search_warm,1,106,1790791771362666050,200,48.791,863,,/api/v1/search/semantic?query=semiconductor%20export%20restrictions
search_warm,1,107,1790791773861893836,200,47.824,863,,/api/v1/search/semantic?query=semiconductor%20export%20restrictions
search_warm,1,108,1790791776363080905,200,46.533,863,,/api/v1/search/semantic?query=semiconductor%20export%20restrictions
search_warm,1,109,1790791778863744925,200,48.039,863,,/api/v1/search/semantic?query=semiconductor%20export%20restrictions
search_warm,1,110,1790791781363971327,200,50.061,863,,/api/v1/search/semantic?query=semiconductor%20export%20restrictions
search_warm,1,111,1790791783862832263,200,79.464,863,,/api/v1/search/semantic?query=semiconductor%20export%20restrictions
search_warm,1,112,1790791786363584924,200,50.621,863,,/api/v1/search/semantic?query=semiconductor%20export%20restrictions
search_warm,1,113,1790791788863541919,200,48.208,863,,/api/v1/search/semantic?query=semiconductor%20export%20restrictions
search_warm,1,114,1790791791363175880,200,64.975,863,,/api/v1/search/semantic?query=semiconductor%20export%20restrictions
search_warm,1,115,1790791793863413741,200,47.346,863,,/api/v1/search/semantic?query=semiconductor%20export%20restrictions
search_warm,1,116,1790791796363051368,200,70.219,863,,/api/v1/search/semantic?query=semiconductor%20export%20restrictions
search_warm,1,117,1790791798864006888,200,48.757,863,,/api/v1/search/semantic?query=semiconductor%20export%20restrictions
search_warm,1,118,1790791801363683749,200,53.216,863,,/api/v1/search/semantic?query=semiconductor%20export%20restrictions
search_warm,1,119,1790791803862464843,200,51.760,863,,/api/v1/search/semantic?query=semiconductor%20export%20restrictions
search_warm,1,120,1790791806362992737,200,46.173,863,,/api/v1/search/semantic?query=semiconductor%20export%20restrictions
search_warm,1,121,1790791808862643840,200,47.513,863,,/api/v1/search/semantic?query=semiconductor%20export%20restrictions
search_warm,1,122,1790791811363518143,200,48.473,863,,/api/v1/search/semantic?query=semiconductor%20export%20restrictions
search_warm,1,123,1790791813862578637,200,47.729,863,,/api/v1/search/semantic?query=semiconductor%20export%20restrictions
search_warm,1,124,1790791816362768557,200,48.104,863,,/api/v1/search/semantic?query=semiconductor%20export%20restrictions
search_warm,1,125,1790791818863925834,200,45.801,863,,/api/v1/search/semantic?query=semiconductor%20export%20restrictions
search_warm,1,126,1790791821364214570,200,55.546,863,,/api/v1/search/semantic?query=semiconductor%20export%20restrictions
search_warm,1,127,1790791823863180190,200,47.016,863,,/api/v1/search/semantic?query=semiconductor%20export%20restrictions
search_warm,1,128,1790791826363299067,200,45.941,863,,/api/v1/search/semantic?query=semiconductor%20export%20restrictions
search_warm,1,129,1790791828863474962,200,45.908,863,,/api/v1/search/semantic?query=semiconductor%20export%20restrictions
search_warm,1,130,1790791831362748031,200,50.629,863,,/api/v1/search/semantic?query=semiconductor%20export%20restrictions
search_warm,1,131,1790791833862478425,200,46.708,863,,/api/v1/search/semantic?query=semiconductor%20export%20restrictions
search_warm,1,132,1790791836362584928,200,50.563,863,,/api/v1/search/semantic?query=semiconductor%20export%20restrictions
search_warm,1,133,1790791838863563547,200,46.490,863,,/api/v1/search/semantic?query=semiconductor%20export%20restrictions
search_warm,1,134,1790791841361830758,200,75.385,863,,/api/v1/search/semantic?query=semiconductor%20export%20restrictions
search_warm,1,135,1790791843863499994,200,52.166,863,,/api/v1/search/semantic?query=semiconductor%20export%20restrictions
search_warm,1,136,1790791846363969772,200,79.042,863,,/api/v1/search/semantic?query=semiconductor%20export%20restrictions
search_warm,1,137,1790791848863368700,200,51.892,863,,/api/v1/search/semantic?query=semiconductor%20export%20restrictions
search_warm,1,138,1790791851363518927,200,91.613,863,,/api/v1/search/semantic?query=semiconductor%20export%20restrictions
search_warm,1,139,1790791853862763397,200,58.251,863,,/api/v1/search/semantic?query=semiconductor%20export%20restrictions
search_warm,1,140,1790791856363233816,200,55.028,863,,/api/v1/search/semantic?query=semiconductor%20export%20restrictions
search_warm,1,141,1790791858862795727,200,68.785,863,,/api/v1/search/semantic?query=semiconductor%20export%20restrictions
search_warm,1,142,1790791861363802580,200,46.586,863,,/api/v1/search/semantic?query=semiconductor%20export%20restrictions
search_warm,1,143,1790791863862252391,200,75.843,863,,/api/v1/search/semantic?query=semiconductor%20export%20restrictions
search_warm,1,144,1790791866363656710,200,62.940,863,,/api/v1/search/semantic?query=semiconductor%20export%20restrictions
search_warm,1,145,1790791868863662746,200,49.369,863,,/api/v1/search/semantic?query=semiconductor%20export%20restrictions
search_warm,1,146,1790791871362979907,200,99.051,863,,/api/v1/search/semantic?query=semiconductor%20export%20restrictions
search_warm,1,147,1790791873862310818,200,47.557,863,,/api/v1/search/semantic?query=semiconductor%20export%20restrictions
search_warm,1,148,1790791876362917271,200,76.761,863,,/api/v1/search/semantic?query=semiconductor%20export%20restrictions
search_warm,1,149,1790791878862871974,200,47.075,863,,/api/v1/search/semantic?query=semiconductor%20export%20restrictions
search_warm,1,150,1790791881363166760,200,50.225,863,,/api/v1/search/semantic?query=semiconductor%20export%20restrictions
search_warm,1,151,1790791883862324971,200,58.943,863,,/api/v1/search/semantic?query=semiconductor%20export%20restrictions
search_warm,1,152,1790791886362563748,200,50.835,863,,/api/v1/search/semantic?query=semiconductor%20export%20restrictions
search_warm,1,153,1790791888862004109,200,72.265,863,,/api/v1/search/semantic?query=semiconductor%20export%20restrictions
search_warm,1,154,1790791891363574804,200,56.554,863,,/api/v1/search/semantic?query=semiconductor%20export%20restrictions
search_warm,1,155,1790791893863010490,200,54.253,863,,/api/v1/search/semantic?query=semiconductor%20export%20restrictions
search_warm,1,156,1790791896363319759,200,84.697,863,,/api/v1/search/semantic?query=semiconductor%20export%20restrictions
search_warm,1,157,1790791898861911929,200,48.750,863,,/api/v1/search/semantic?query=semiconductor%20export%20restrictions
search_warm,1,158,1790791901363883756,200,57.081,863,,/api/v1/search/semantic?query=semiconductor%20export%20restrictions
search_warm,1,159,1790791903862924359,200,69.404,863,,/api/v1/search/semantic?query=semiconductor%20export%20restrictions
search_warm,1,160,1790791906362931495,200,62.377,863,,/api/v1/search/semantic?query=semiconductor%20export%20restrictions
search_warm,1,161,1790791908862450964,200,49.113,863,,/api/v1/search/semantic?query=semiconductor%20export%20restrictions
search_warm,1,162,1790791911363707883,200,49.348,863,,/api/v1/search/semantic?query=semiconductor%20export%20restrictions
search_warm,1,163,1790791913862311236,200,49.005,863,,/api/v1/search/semantic?query=semiconductor%20export%20restrictions
search_warm,1,164,1790791916363335414,200,107.525,863,,/api/v1/search/semantic?query=semiconductor%20export%20restrictions
search_warm,1,165,1790791918862042533,200,51.988,863,,/api/v1/search/semantic?query=semiconductor%20export%20restrictions
search_warm,1,166,1790791921363293403,200,49.149,863,,/api/v1/search/semantic?query=semiconductor%20export%20restrictions
search_warm,1,167,1790791923864061189,200,47.142,863,,/api/v1/search/semantic?query=semiconductor%20export%20restrictions
search_warm,1,168,1790791926362469475,200,48.336,863,,/api/v1/search/semantic?query=semiconductor%20export%20restrictions
search_warm,1,169,1790791928862036244,200,45.876,863,,/api/v1/search/semantic?query=semiconductor%20export%20restrictions
search_warm,1,170,1790791931363116705,200,48.615,863,,/api/v1/search/semantic?query=semiconductor%20export%20restrictions
search_warm,1,171,1790791933863831141,200,57.952,863,,/api/v1/search/semantic?query=semiconductor%20export%20restrictions
search_warm,1,172,1790791936362930044,200,54.279,863,,/api/v1/search/semantic?query=semiconductor%20export%20restrictions
search_warm,1,173,1790791938862978430,200,63.608,863,,/api/v1/search/semantic?query=semiconductor%20export%20restrictions
search_warm,1,174,1790791941363974191,200,77.772,863,,/api/v1/search/semantic?query=semiconductor%20export%20restrictions
search_warm,1,175,1790791943862881877,200,50.953,863,,/api/v1/search/semantic?query=semiconductor%20export%20restrictions
search_warm,1,176,1790791946364237246,200,47.204,863,,/api/v1/search/semantic?query=semiconductor%20export%20restrictions
search_warm,1,177,1790791948862910999,200,52.326,863,,/api/v1/search/semantic?query=semiconductor%20export%20restrictions
search_warm,1,178,1790791951361908151,200,51.249,863,,/api/v1/search/semantic?query=semiconductor%20export%20restrictions
search_warm,1,179,1790791953862590229,200,49.285,863,,/api/v1/search/semantic?query=semiconductor%20export%20restrictions
search_warm,1,180,1790791956362790323,200,47.550,863,,/api/v1/search/semantic?query=semiconductor%20export%20restrictions
search_warm,1,181,1790791958863634743,200,47.373,863,,/api/v1/search/semantic?query=semiconductor%20export%20restrictions
search_warm,1,182,1790791961361776462,200,49.621,863,,/api/v1/search/semantic?query=semiconductor%20export%20restrictions
search_warm,1,183,1790791963863588056,200,51.203,863,,/api/v1/search/semantic?query=semiconductor%20export%20restrictions
search_warm,1,184,1790791966364130709,200,49.312,863,,/api/v1/search/semantic?query=semiconductor%20export%20restrictions
search_warm,1,185,1790791968862156837,200,45.931,863,,/api/v1/search/semantic?query=semiconductor%20export%20restrictions
search_warm,1,186,1790791971363271673,200,46.898,863,,/api/v1/search/semantic?query=semiconductor%20export%20restrictions
search_warm,1,187,1790791973863455634,200,48.641,863,,/api/v1/search/semantic?query=semiconductor%20export%20restrictions
search_warm,1,188,1790791976362155145,200,45.883,863,,/api/v1/search/semantic?query=semiconductor%20export%20restrictions
search_warm,1,189,1790791978862327739,200,45.658,863,,/api/v1/search/semantic?query=semiconductor%20export%20restrictions
search_warm,1,190,1790791981361782859,200,47.041,863,,/api/v1/search/semantic?query=semiconductor%20export%20restrictions
search_warm,1,191,1790791983863093495,200,64.905,863,,/api/v1/search/semantic?query=semiconductor%20export%20restrictions
search_warm,1,192,1790791986363261139,200,47.448,863,,/api/v1/search/semantic?query=semiconductor%20export%20restrictions
search_warm,1,193,1790791988862487733,200,84.905,863,,/api/v1/search/semantic?query=semiconductor%20export%20restrictions
search_warm,1,194,1790791991363151203,200,70.327,863,,/api/v1/search/semantic?query=semiconductor%20export%20restrictions
search_warm,1,195,1790791993863145139,200,48.291,863,,/api/v1/search/semantic?query=semiconductor%20export%20restrictions
search_warm,1,196,1790791996363767450,200,72.003,863,,/api/v1/search/semantic?query=semiconductor%20export%20restrictions
search_warm,1,197,1790791998862685952,200,49.610,863,,/api/v1/search/semantic?query=semiconductor%20export%20restrictions
search_warm,1,198,1790792001363460430,200,77.430,863,,/api/v1/search/semantic?query=semiconductor%20export%20restrictions
search_warm,1,199,1790792003863025366,200,46.737,863,,/api/v1/search/semantic?query=semiconductor%20export%20restrictions
search_warm,1,200,1790792006363850077,200,46.759,863,,/api/v1/search/semantic?query=semiconductor%20export%20restrictions
search_warm,1,201,1790792008863940813,200,49.269,863,,/api/v1/search/semantic?query=semiconductor%20export%20restrictions
search_warm,1,202,1790792011361760141,200,109.763,863,,/api/v1/search/semantic?query=semiconductor%20export%20restrictions
search_warm,1,203,1790792013863436985,200,46.758,863,,/api/v1/search/semantic?query=semiconductor%20export%20restrictions
search_warm,1,204,1790792016363418179,200,46.801,863,,/api/v1/search/semantic?query=semiconductor%20export%20restrictions
search_warm,1,205,1790792018863406432,200,50.157,863,,/api/v1/search/semantic?query=semiconductor%20export%20restrictions
search_warm,1,206,1790792021362009693,200,48.267,863,,/api/v1/search/semantic?query=semiconductor%20export%20restrictions
search_warm,1,207,1790792023862599921,200,44.401,863,,/api/v1/search/semantic?query=semiconductor%20export%20restrictions
search_warm,1,208,1790792026363193082,200,49.398,863,,/api/v1/search/semantic?query=semiconductor%20export%20restrictions
search_warm,1,209,1790792028863462293,200,50.387,863,,/api/v1/search/semantic?query=semiconductor%20export%20restrictions
search_warm,1,210,1790792031362482637,200,48.831,863,,/api/v1/search/semantic?query=semiconductor%20export%20restrictions
search_warm,1,211,1790792033863292132,200,48.592,863,,/api/v1/search/semantic?query=semiconductor%20export%20restrictions
search_warm,1,212,1790792036363235834,200,47.522,863,,/api/v1/search/semantic?query=semiconductor%20export%20restrictions
search_warm,1,213,1790792038863683337,200,46.287,863,,/api/v1/search/semantic?query=semiconductor%20export%20restrictions
search_warm,1,214,1790792041362559398,200,50.972,863,,/api/v1/search/semantic?query=semiconductor%20export%20restrictions
search_warm,1,215,1790792043863573126,200,49.628,863,,/api/v1/search/semantic?query=semiconductor%20export%20restrictions
search_warm,1,216,1790792046363535895,200,47.462,863,,/api/v1/search/semantic?query=semiconductor%20export%20restrictions
search_warm,1,217,1790792048863094139,200,57.896,863,,/api/v1/search/semantic?query=semiconductor%20export%20restrictions
search_warm,1,218,1790792051362900709,200,53.679,863,,/api/v1/search/semantic?query=semiconductor%20export%20restrictions
search_warm,1,219,1790792053863650253,200,67.903,863,,/api/v1/search/semantic?query=semiconductor%20export%20restrictions
search_warm,1,220,1790792056363717706,200,46.974,863,,/api/v1/search/semantic?query=semiconductor%20export%20restrictions
search_warm,1,221,1790792058863994983,200,51.146,863,,/api/v1/search/semantic?query=semiconductor%20export%20restrictions
search_warm,1,222,1790792061362661036,200,81.403,863,,/api/v1/search/semantic?query=semiconductor%20export%20restrictions
search_warm,1,223,1790792063863859380,200,52.037,863,,/api/v1/search/semantic?query=semiconductor%20export%20restrictions
search_warm,1,224,1790792066363912441,200,47.512,863,,/api/v1/search/semantic?query=semiconductor%20export%20restrictions
search_warm,1,225,1790792068862853494,200,52.293,863,,/api/v1/search/semantic?query=semiconductor%20export%20restrictions
search_warm,1,226,1790792071362194764,200,52.909,863,,/api/v1/search/semantic?query=semiconductor%20export%20restrictions
search_warm,1,227,1790792073862225183,200,49.397,863,,/api/v1/search/semantic?query=semiconductor%20export%20restrictions
search_warm,1,228,1790792076363657369,200,48.747,863,,/api/v1/search/semantic?query=semiconductor%20export%20restrictions
search_warm,1,229,1790792078863580722,200,51.611,863,,/api/v1/search/semantic?query=semiconductor%20export%20restrictions
search_warm,1,230,1790792081363588133,200,67.255,863,,/api/v1/search/semantic?query=semiconductor%20export%20restrictions
search_warm,1,231,1790792083862140244,200,49.681,863,,/api/v1/search/semantic?query=semiconductor%20export%20restrictions
search_warm,1,232,1790792086364222988,200,46.898,863,,/api/v1/search/semantic?query=semiconductor%20export%20restrictions
search_warm,1,233,1790792088863313824,200,47.365,863,,/api/v1/search/semantic?query=semiconductor%20export%20restrictions
search_warm,1,234,1790792091362370285,200,50.338,863,,/api/v1/search/semantic?query=semiconductor%20export%20restrictions
search_warm,1,235,1790792093863900554,200,48.946,863,,/api/v1/search/semantic?query=semiconductor%20export%20restrictions
search_warm,1,236,1790792096362391249,200,49.902,863,,/api/v1/search/semantic?query=semiconductor%20export%20restrictions
search_warm,1,237,1790792098863146568,200,62.943,863,,/api/v1/search/semantic?query=semiconductor%20export%20restrictions
search_warm,1,238,1790792101363267188,200,50.022,863,,/api/v1/search/semantic?query=semiconductor%20export%20restrictions
search_warm,1,239,1790792103862984199,200,73.963,863,,/api/v1/search/semantic?query=semiconductor%20export%20restrictions
search_cold,1,0,1790792501558526909,200,345.201,747,,/api/v1/search/semantic?query=META%20analyst%20downgrade
search_cold,1,1,1790792504057926112,200,102.658,796,,/api/v1/search/semantic?query=CHWY%20merger%20talks
search_cold,1,2,1790792506558134181,200,93.676,821,,/api/v1/search/semantic?query=ABT%20regulatory%20probe
search_cold,1,3,1790792509058559958,200,108.023,730,,/api/v1/search/semantic?query=TJX%20product%20launch
search_cold,1,4,1790792511557963011,200,95.132,706,,/api/v1/search/semantic?query=DDOG%20analyst%20downgrade
search_cold,1,5,1790792514059631972,200,113.830,794,,/api/v1/search/semantic?query=KKR%20layoffs
search_cold,1,6,1790792516559558258,200,118.805,805,,/api/v1/search/semantic?query=LCID%20dividend%20increase
search_cold,1,7,1790792519058508844,200,119.863,864,,/api/v1/search/semantic?query=MS%20dividend%20increase
search_cold,1,8,1790792521558527439,200,98.584,803,,/api/v1/search/semantic?query=ABNB%20lawsuit
search_cold,1,9,1790792524058980258,200,87.093,798,,/api/v1/search/semantic?query=PEP%20regulatory%20probe
search_cold,1,10,1790792526559376886,200,81.855,689,,/api/v1/search/semantic?query=COIN%20analyst%20downgrade
search_cold,1,11,1790792529059330122,200,67.239,786,,/api/v1/search/semantic?query=DIS%20regulatory%20probe
search_cold,1,12,1790792531559410499,200,122.618,703,,/api/v1/search/semantic?query=ISRG%20lawsuit
search_cold,1,13,1790792534059303235,200,89.808,685,,/api/v1/search/semantic?query=COO%20analyst%20downgrade
search_cold,1,14,1790792536559191021,200,82.133,894,,/api/v1/search/semantic?query=SNPS%20dividend%20increase
search_cold,1,15,1790792539058483891,200,91.114,812,,/api/v1/search/semantic?query=GM%20dividend%20increase
search_cold,1,16,1790792541559367543,200,93.577,705,,/api/v1/search/semantic?query=MCD%20analyst%20downgrade
search_cold,1,17,1790792544059456079,200,86.590,735,,/api/v1/search/semantic?query=SNPS%20analyst%20downgrade
search_cold,1,18,1790792546559089949,200,116.847,711,,/api/v1/search/semantic?query=AMD%20layoffs
search_cold,1,19,1790792549059075818,200,75.648,711,,/api/v1/search/semantic?query=MS%20record%20quarter
search_cold,1,20,1790792551559646154,200,115.465,717,,/api/v1/search/semantic?query=MRK%20merger%20talks
search_cold,1,21,1790792554058555398,200,86.245,792,,/api/v1/search/semantic?query=CSCO%20merger%20talks
search_cold,1,22,1790792556559181009,200,119.244,700,,/api/v1/search/semantic?query=UPS%20regulatory%20probe
search_cold,1,23,1790792559058894812,200,97.062,751,,/api/v1/search/semantic?query=BRK.B%20supply%20chain%20risk
search_cold,1,24,1790792561557845765,200,109.111,699,,/api/v1/search/semantic?query=ARM%20dividend%20increase
search_cold,1,25,1790792564058444059,200,87.875,790,,/api/v1/search/semantic?query=AMD%20regulatory%20probe
search_cold,1,26,1790792566559688878,200,76.030,744,,/api/v1/search/semantic?query=V%20record%20quarter
search_cold,1,27,1790792569058167381,200,82.114,731,,/api/v1/search/semantic?query=SHOP%20merger%20talks
search_cold,1,28,1790792571559266726,200,85.342,730,,/api/v1/search/semantic?query=ARM%20share%20buyback
search_cold,1,29,1790792574059587270,200,73.433,697,,/api/v1/search/semantic?query=XOM%20revenue%20miss
search_cold,1,30,1790792576558902231,200,84.057,702,,/api/v1/search/semantic?query=CAT%20revenue%20miss
search_cold,1,31,1790792579059331767,200,87.237,754,,/api/v1/search/semantic?query=CSCO%20share%20buyback
search_cold,1,32,1790792581558931903,200,86.105,726,,/api/v1/search/semantic?query=UPS%20record%20quarter
search_cold,1,33,1790792584059593356,200,79.678,747,,/api/v1/search/semantic?query=JPM%20merger%20talks
search_cold,1,34,1790792586558788508,200,77.309,800,,/api/v1/search/semantic?query=COHR%20layoffs
search_cold,1,35,1790792589059215203,200,83.305,807,,/api/v1/search/semantic?query=JNJ%20regulatory%20probe
search_cold,1,36,1790792591558390830,200,92.890,786,,/api/v1/search/semantic?query=MRK%20product%20launch
search_cold,1,37,1790792594059093441,200,81.317,747,,/api/v1/search/semantic?query=DDOG%20regulatory%20probe
search_cold,1,38,1790792596558178594,200,108.867,770,,/api/v1/search/semantic?query=GOOGL%20layoffs
search_cold,1,39,1790792599059273538,200,79.175,791,,/api/v1/search/semantic?query=COST%20regulatory%20probe
search_cold,1,40,1790792601559660541,200,105.479,708,,/api/v1/search/semantic?query=MU%20regulatory%20probe
search_cold,1,41,1790792604059278002,200,82.634,818,,/api/v1/search/semantic?query=CHWY%20regulatory%20probe
search_cold,1,42,1790792606558812688,200,84.559,804,,/api/v1/search/semantic?query=PANW%20regulatory%20probe
search_cold,1,43,1790792609059109216,200,61.084,775,,/api/v1/search/semantic?query=MU%20dividend%20increase
search_cold,1,44,1790792611559704393,200,83.334,788,,/api/v1/search/semantic?query=GILD%20supply%20chain%20risk
search_cold,1,45,1790792614059201221,200,78.488,749,,/api/v1/search/semantic?query=IREN%20layoffs
search_cold,1,46,1790792616559736174,200,80.349,761,,/api/v1/search/semantic?query=ABNB%20supply%20chain%20risk
search_cold,1,47,1790792619059094952,200,78.545,714,,/api/v1/search/semantic?query=CVS%20lawsuit
search_cold,1,48,1790792621558079729,200,74.362,721,,/api/v1/search/semantic?query=MSTR%20record%20quarter
search_cold,1,49,1790792624059040932,200,82.618,801,,/api/v1/search/semantic?query=QCOM%20regulatory%20probe
search_cold,1,50,1790792626559701468,200,79.564,714,,/api/v1/search/semantic?query=CRWD%20earnings%20guidance
search_cold,1,51,1790792629058349462,200,80.031,748,,/api/v1/search/semantic?query=DELL%20product%20launch
search_cold,1,52,1790792631559799248,200,87.510,806,,/api/v1/search/semantic?query=PPLI%20lawsuit
search_cold,1,53,1790792634059366843,200,66.016,818,,/api/v1/search/semantic?query=BRK.B%20dividend%20increase
search_cold,1,54,1790792636559624045,200,76.240,863,,/api/v1/search/semantic?query=JPM%20dividend%20increase
search_cold,1,55,1790792639058309256,200,81.657,777,,/api/v1/search/semantic?query=APP%20layoffs
search_cold,1,56,1790792641559048992,200,77.452,803,,/api/v1/search/semantic?query=VST%20lawsuit
search_cold,1,57,1790792644058897637,200,65.308,730,,/api/v1/search/semantic?query=PEP%20earnings%20guidance
search_cold,1,58,1790792646559359714,200,81.357,744,,/api/v1/search/semantic?query=QQQ%20analyst%20downgrade
search_cold,1,59,1790792649059792825,200,86.075,728,,/api/v1/search/semantic?query=UPS%20lawsuit
search_cold,1,60,1790792651559169295,200,81.869,839,,/api/v1/search/semantic?query=MSFT%20layoffs
search_cold,1,61,1790792654058662731,200,91.584,787,,/api/v1/search/semantic?query=IREN%20analyst%20downgrade
search_cold,1,62,1790792656559177883,200,74.230,725,,/api/v1/search/semantic?query=INTC%20layoffs
search_cold,1,63,1790792659059029461,200,79.370,667,,/api/v1/search/semantic?query=ABBV%20earnings%20guidance
search_cold,1,64,1790792661559119097,200,71.530,793,,/api/v1/search/semantic?query=ASML%20regulatory%20probe
search_cold,1,65,1790792664059943441,200,85.001,733,,/api/v1/search/semantic?query=WNRS%20layoffs
search_cold,1,66,1790792666559232094,200,91.697,764,,/api/v1/search/semantic?query=QQQ%20supply%20chain%20risk
search_cold,1,67,1790792669058974588,200,78.144,727,,/api/v1/search/semantic?query=AXP%20layoffs
search_cold,1,68,1790792671559630174,200,79.151,772,,/api/v1/search/semantic?query=NFLX%20dividend%20increase
search_cold,1,69,1790792674058800394,200,75.303,834,,/api/v1/search/semantic?query=UBER%20merger%20talks
search_cold,1,70,1790792676559344605,200,85.928,795,,/api/v1/search/semantic?query=PPLI%20dividend%20increase
search_cold,1,71,1790792679058381358,200,82.316,714,,/api/v1/search/semantic?query=ASML%20lawsuit
search_cold,1,72,1790792681558843069,200,76.255,737,,/api/v1/search/semantic?query=WFC%20earnings%20guidance
search_cold,1,73,1790792684058441555,200,91.227,773,,/api/v1/search/semantic?query=ACN%20dividend%20increase
search_cold,1,74,1790792686559920307,200,75.955,778,,/api/v1/search/semantic?query=QQQ%20regulatory%20probe
search_cold,1,75,1790792689058396335,200,91.888,809,,/api/v1/search/semantic?query=JOBY%20layoffs
search_cold,1,76,1790792691559426379,200,74.593,863,,/api/v1/search/semantic?query=PANW%20product%20launch
search_cold,1,77,1790792694058756099,200,84.367,759,,/api/v1/search/semantic?query=TSLA%20revenue%20miss
search_cold,1,78,1790792696559182976,200,78.568,729,,/api/v1/search/semantic?query=KKR%20supply%20chain%20risk
search_cold,1,79,1790792699058914471,200,72.384,710,,/api/v1/search/semantic?query=BABA%20record%20quarter
search_cold,1,80,1790792701559338232,200,77.350,748,,/api/v1/search/semantic?query=APP%20regulatory%20probe
search_cold,1,81,1790792704059525218,200,68.802,719,,/api/v1/search/semantic?query=HUT%20analyst%20downgrade
search_cold,1,82,1790792706559579104,200,83.066,686,,/api/v1/search/semantic?query=CMCSA%20record%20quarter
search_cold,1,83,1790792709059234240,200,76.536,794,,/api/v1/search/semantic?query=WMT%20product%20launch
search_cold,1,84,1790792711559684126,200,85.104,737,,/api/v1/search/semantic?query=GLP%20analyst%20downgrade
search_cold,1,85,1790792714059555045,200,75.772,767,,/api/v1/search/semantic?query=COHR%20share%20buyback
search_cold,1,86,1790792716559924173,200,99.082,720,,/api/v1/search/semantic?query=UNH%20layoffs
search_cold,1,87,1790792719058131251,200,76.351,676,,/api/v1/search/semantic?query=CMCSA%20lawsuit
search_cold,1,88,1790792721559801953,200,94.431,799,,/api/v1/search/semantic?query=SMCIP%20earnings%20guidance
search_cold,1,89,1790792724058215556,200,75.490,850,,/api/v1/search/semantic?query=CRWD%20share%20buyback
search_cold,1,90,1790792726559894508,200,102.512,810,,/api/v1/search/semantic?query=TSM%20share%20buyback
search_cold,1,91,1790792729059163636,200,97.298,677,,/api/v1/search/semantic?query=IRS%20analyst%20downgrade
search_cold,1,92,1790792731557984789,200,77.346,810,,/api/v1/search/semantic?query=ABT%20dividend%20increase
search_cold,1,93,1790792734059532475,200,102.290,788,,/api/v1/search/semantic?query=AMD%20dividend%20increase
search_cold,1,94,1790792736558580503,200,79.480,755,,/api/v1/search/semantic?query=AAPL%20product%20launch
search_cold,1,95,1790792739059105097,200,106.510,816,,/api/v1/search/semantic?query=ABBV%20regulatory%20probe
search_cold,1,96,1790792741558694508,200,79.145,633,,/api/v1/search/semantic?query=AVGO%20earnings%20guidance
search_cold,1,97,1790792744059263744,200,77.660,754,,/api/v1/search/semantic?query=SOFI%20record%20quarter
search_cold,1,98,1790792746558547172,200,81.378,707,,/api/v1/search/semantic?query=JOBY%20analyst%20downgrade
search_cold,1,99,1790792749058605274,200,90.171,696,,/api/v1/search/semantic?query=LLY%20analyst%20downgrade
search_cold,1,100,1790792751558689227,200,93.082,670,,/api/v1/search/semantic?query=COIN%20supply%20chain%20risk
search_cold,1,101,1790792754058625046,200,92.762,771,,/api/v1/search/semantic?query=LCID%20layoffs
search_cold,1,102,1790792756559592666,200,68.139,635,,/api/v1/search/semantic?query=SOFI%20lawsuit
search_cold,1,103,1790792759059726943,200,96.324,732,,/api/v1/search/semantic?query=ACHR%20layoffs
search_cold,1,104,1790792761559020821,200,69.368,703,,/api/v1/search/semantic?query=F%20regulatory%20probe
search_cold,1,105,1790792764057806041,200,82.359,852,,/api/v1/search/semantic?query=RBC%20product%20launch
search_cold,1,106,1790792766559229426,200,70.986,814,,/api/v1/search/semantic?query=GOOGL%20share%20buyback
search_cold,1,107,1790792769059453354,200,86.875,762,,/api/v1/search/semantic?query=BABA%20product%20launch
search_cold,1,108,1790792771558975207,200,79.576,782,,/api/v1/search/semantic?query=LRCX%20share%20buyback
search_cold,1,109,1790792774059583676,200,94.712,870,,/api/v1/search/semantic?query=MSTR%20product%20launch
search_cold,1,110,1790792776559328004,200,76.821,736,,/api/v1/search/semantic?query=BTC%20analyst%20downgrade
search_cold,1,111,1790792779058319748,200,78.796,806,,/api/v1/search/semantic?query=BPOPM%20share%20buyback
search_cold,1,112,1790792781559266743,200,82.284,947,,/api/v1/search/semantic?query=IRS%20lawsuit
search_cold,1,113,1790792784058991179,200,77.458,760,,/api/v1/search/semantic?query=DDOG%20revenue%20miss
search_cold,1,114,1790792786559761348,200,86.188,786,,/api/v1/search/semantic?query=DASH%20regulatory%20probe
search_cold,1,115,1790792789058781051,200,70.005,748,,/api/v1/search/semantic?query=CMCSA%20merger%20talks
search_cold,1,116,1790792791558259728,200,77.134,852,,/api/v1/search/semantic?query=AMZN%20product%20launch
search_cold,1,117,1790792794059657723,200,78.504,705,,/api/v1/search/semantic?query=TSLA%20analyst%20downgrade
search_cold,1,118,1790792796559241542,200,72.461,676,,/api/v1/search/semantic?query=BLK%20regulatory%20probe
search_cold,1,119,1790792799058983761,200,77.129,771,,/api/v1/search/semantic?query=USA%20merger%20talks
search_cold,1,120,1790792801559309072,200,93.545,763,,/api/v1/search/semantic?query=JPM%20earnings%20guidance
search_cold,1,121,1790792804058485983,200,79.483,790,,/api/v1/search/semantic?query=PARA%20lawsuit
search_cold,1,122,1790792806559191069,200,105.055,751,,/api/v1/search/semantic?query=IBM%20analyst%20downgrade
search_cold,1,123,1790792809059630139,200,63.643,730,,/api/v1/search/semantic?query=CAT%20lawsuit
search_cold,1,124,1790792811559830600,200,76.623,750,,/api/v1/search/semantic?query=HPE%20revenue%20miss
search_cold,1,125,1790792814059762936,200,81.649,775,,/api/v1/search/semantic?query=VST%20share%20buyback
search_cold,1,126,1790792816558838647,200,84.942,781,,/api/v1/search/semantic?query=COO%20dividend%20increase
search_cold,1,127,1790792819059991158,200,76.003,727,,/api/v1/search/semantic?query=MSTR%20merger%20talks
search_cold,1,128,1790792821559467819,200,72.449,718,,/api/v1/search/semantic?query=PG%20record%20quarter
search_cold,1,129,1790792824057976388,200,136.240,701,,/api/v1/search/semantic?query=BRK.B%20layoffs
search_cold,1,130,1790792826558568999,200,76.375,829,,/api/v1/search/semantic?query=GILD%20earnings%20guidance
search_cold,1,131,1790792829058341377,200,78.046,732,,/api/v1/search/semantic?query=TJX%20merger%20talks
search_cold,1,132,1790792831559627721,200,74.968,761,,/api/v1/search/semantic?query=RDDT%20layoffs
search_cold,1,133,1790792834059361599,200,74.370,710,,/api/v1/search/semantic?query=UNH%20revenue%20miss
search_cold,1,134,1790792836559903610,200,79.069,705,,/api/v1/search/semantic?query=PFE%20analyst%20downgrade
search_cold,1,135,1790792839059317571,200,78.682,814,,/api/v1/search/semantic?query=RDDT%20merger%20talks
search_cold,1,136,1790792841559445432,200,73.614,679,,/api/v1/search/semantic?query=BABA%20analyst%20downgrade
search_cold,1,137,1790792844059166385,200,79.219,744,,/api/v1/search/semantic?query=MRNA%20merger%20talks
search_cold,1,138,1790792846558110279,200,111.985,690,,/api/v1/search/semantic?query=GOOG%20analyst%20downgrade
search_cold,1,139,1790792849058609023,200,67.930,819,,/api/v1/search/semantic?query=COST%20lawsuit
search_cold,1,140,1790792851558997493,200,68.591,767,,/api/v1/search/semantic?query=CSCO%20supply%20chain%20risk
search_cold,1,141,1790792854057957979,200,103.308,736,,/api/v1/search/semantic?query=HD%20layoffs
search_cold,1,142,1790792856559356248,200,76.664,774,,/api/v1/search/semantic?query=ADBE%20product%20launch
search_cold,1,143,1790792859058741792,200,70.708,794,,/api/v1/search/semantic?query=BABA%20lawsuit
search_cold,1,144,1790792861559357778,200,89.048,837,,/api/v1/search/semantic?query=OKLO%20product%20launch
search_cold,1,145,1790792864059352906,200,83.517,758,,/api/v1/search/semantic?query=AAPL%20share%20buyback
search_cold,1,146,1790792866558328242,200,77.656,718,,/api/v1/search/semantic?query=SOFI%20product%20launch
search_cold,1,147,1790792869058942120,200,74.985,723,,/api/v1/search/semantic?query=MA%20revenue%20miss
search_cold,1,148,1790792871559249831,200,83.182,793,,/api/v1/search/semantic?query=HSBC%20dividend%20increase
search_cold,1,149,1790792874059804675,200,79.504,738,,/api/v1/search/semantic?query=CHWY%20supply%20chain%20risk
search_cold,1,150,1790792876559146953,200,79.223,672,,/api/v1/search/semantic?query=MRNA%20record%20quarter
search_cold,1,151,1790792879058551014,200,73.081,743,,/api/v1/search/semantic?query=AMC%20record%20quarter
search_cold,1,152,1790792881557885042,200,78.935,737,,/api/v1/search/semantic?query=MRNA%20layoffs
search_cold,1,153,1790792884058714519,200,80.707,812,,/api/v1/search/semantic?query=V%20share%20buyback
search_cold,1,154,1790792886559801855,200,73.984,743,,/api/v1/search/semantic?query=PFE%20supply%20chain%20risk
search_cold,1,155,1790792889058223433,200,81.823,776,,/api/v1/search/semantic?query=WFC%20dividend%20increase
search_cold,1,156,1790792891559001486,200,80.141,774,,/api/v1/search/semantic?query=RDDT%20share%20buyback
search_cold,1,157,1790792894059267305,200,96.076,730,,/api/v1/search/semantic?query=GILD%20analyst%20downgrade
search_cold,1,158,1790792896558334949,200,78.699,686,,/api/v1/search/semantic?query=ETH%20analyst%20downgrade
search_cold,1,159,1790792899059596360,200,74.235,715,,/api/v1/search/semantic?query=NBIS%20record%20quarter
search_cold,1,160,1790792901559812863,200,80.897,672,,/api/v1/search/semantic?query=AAPL%20earnings%20guidance
search_cold,1,161,1790792904059665082,200,73.825,718,,/api/v1/search/semantic?query=SMCIP%20record%20quarter
search_cold,1,162,1790792906558065394,200,84.350,748,,/api/v1/search/semantic?query=SMCIP%20analyst%20downgrade
search_cold,1,163,1790792909059280329,200,110.946,685,,/api/v1/search/semantic?query=V%20earnings%20guidance
search_cold,1,164,1790792911558377857,200,65.084,857,,/api/v1/search/semantic?query=BA%20product%20launch
search_cold,1,165,1790792914058681535,200,66.286,722,,/api/v1/search/semantic?query=ARM%20lawsuit
search_cold,1,166,1790792916559152137,200,93.044,766,,/api/v1/search/semantic?query=SMCIP%20dividend%20increase
search_cold,1,167,1790792919058811490,200,78.664,842,,/api/v1/search/semantic?query=LLY%20dividend%20increase
search_cold,1,168,1790792921558846493,200,77.813,765,,/api/v1/search/semantic?query=QQQ%20merger%20talks
search_cold,1,169,1790792924058234146,200,74.182,693,,/api/v1/search/semantic?query=COHR%20earnings%20guidance
search_cold,1,170,1790792926558536998,200,78.545,816,,/api/v1/search/semantic?query=SHOP%20layoffs
search_cold,1,171,1790792929058917309,200,82.627,699,,/api/v1/search/semantic?query=F%20revenue%20miss
search_cold,1,172,1790792931558739462,200,74.591,700,,/api/v1/search/semantic?query=LMT%20merger%20talks
search_cold,1,173,1790792934059584340,200,74.785,741,,/api/v1/search/semantic?query=PYPL%20supply%20chain%20risk
search_cold,1,174,1790792936559611734,200,79.059,779,,/api/v1/search/semantic?query=PFE%20share%20buyback
search_cold,1,175,1790792939058745470,200,79.630,786,,/api/v1/search/semantic?query=AAPL%20analyst%20downgrade
search_cold,1,176,1790792941559287206,200,86.645,798,,/api/v1/search/semantic?query=PG%20layoffs
search_cold,1,177,1790792944058895775,200,77.000,735,,/api/v1/search/semantic?query=PLTR%20layoffs
search_cold,1,178,1790792946558201570,200,75.641,775,,/api/v1/search/semantic?query=SMCI%20earnings%20guidance
search_cold,1,179,1790792949059648239,200,70.222,770,,/api/v1/search/semantic?query=QCOM%20analyst%20downgrade
search_cold,1,180,1790792951559127833,200,81.184,778,,/api/v1/search/semantic?query=ADBE%20lawsuit
search_cold,1,181,1790792954059387511,200,78.110,782,,/api/v1/search/semantic?query=NVDA%20record%20quarter
search_cold,1,182,1790792956559169422,200,71.644,712,,/api/v1/search/semantic?query=XOM%20record%20quarter
search_cold,1,183,1790792959058727025,200,81.340,733,,/api/v1/search/semantic?query=WFC%20revenue%20miss
search_cold,1,184,1790792961559028227,200,75.195,741,,/api/v1/search/semantic?query=ANET%20layoffs
search_cold,1,185,1790792964058780897,200,72.605,740,,/api/v1/search/semantic?query=ASML%20earnings%20guidance
search_cold,1,186,1790792966558994833,200,102.479,745,,/api/v1/search/semantic?query=HOOD%20record%20quarter
search_cold,1,187,1790792969059418044,200,77.347,706,,/api/v1/search/semantic?query=ABBV%20record%20quarter
search_cold,1,188,1790792971559126805,200,80.493,725,,/api/v1/search/semantic?query=DIS%20layoffs
search_cold,1,189,1790792974059059049,200,85.962,801,,/api/v1/search/semantic?query=QBTS%20lawsuit
search_cold,1,190,1790792976558480160,200,71.313,729,,/api/v1/search/semantic?query=JOBY%20record%20quarter
search_cold,1,191,1790792979058784938,200,95.499,805,,/api/v1/search/semantic?query=PEP%20merger%20talks
search_cold,1,192,1790792981559090999,200,77.131,741,,/api/v1/search/semantic?query=NVDA%20regulatory%20probe
search_cold,1,193,1790792984059171102,200,91.241,706,,/api/v1/search/semantic?query=USA%20product%20launch
search_cold,1,194,1790792986558615221,200,80.496,733,,/api/v1/search/semantic?query=WMT%20analyst%20downgrade
search_cold,1,195,1790792989058912482,200,82.494,725,,/api/v1/search/semantic?query=AVGO%20analyst%20downgrade
search_cold,1,196,1790792991558702093,200,97.525,763,,/api/v1/search/semantic?query=MSFT%20record%20quarter
search_cold,1,197,1790792994058732696,200,78.665,763,,/api/v1/search/semantic?query=ACN%20share%20buyback
search_cold,1,198,1790792996559113007,200,105.262,793,,/api/v1/search/semantic?query=MRVL%20supply%20chain%20risk
search_cold,1,199,1790792999058347026,200,71.708,770,,/api/v1/search/semantic?query=ASML%20layoffs
search_cold,1,200,1790793001559060270,200,74.352,737,,/api/v1/search/semantic?query=BA%20revenue%20miss
search_cold,1,201,1790793004059000306,200,78.630,747,,/api/v1/search/semantic?query=MCD%20share%20buyback
search_cold,1,202,1790793006558821909,200,79.664,731,,/api/v1/search/semantic?query=AMD%20record%20quarter
search_cold,1,203,1790793009058358979,200,80.467,862,,/api/v1/search/semantic?query=ICE%20product%20launch
search_cold,1,204,1790793011558831873,200,86.298,769,,/api/v1/search/semantic?query=RMD%20regulatory%20probe
search_cold,1,205,1790793014059128217,200,83.973,697,,/api/v1/search/semantic?query=QUBT%20layoffs
search_cold,1,206,1790793016559410537,200,77.831,755,,/api/v1/search/semantic?query=TSM%20lawsuit
search_cold,1,207,1790793019058777656,200,65.824,732,,/api/v1/search/semantic?query=BLK%20merger%20talks
search_cold,1,208,1790793021559162184,200,83.509,728,,/api/v1/search/semantic?query=JOBY%20merger%20talks
search_cold,1,209,1790793024059101211,200,61.553,699,,/api/v1/search/semantic?query=ABNB%20record%20quarter
search_cold,1,210,1790793026557803106,200,128.430,721,,/api/v1/search/semantic?query=LUNR%20revenue%20miss
search_cold,1,211,1790793029058700417,200,75.593,805,,/api/v1/search/semantic?query=GOOGL%20merger%20talks
search_cold,1,212,1790793031558860819,200,86.940,708,,/api/v1/search/semantic?query=USA%20revenue%20miss
search_cold,1,213,1790793034058200255,200,75.841,791,,/api/v1/search/semantic?query=CHWY%20layoffs
search_cold,1,214,1790793036558646291,200,92.924,693,,/api/v1/search/semantic?query=VST%20analyst%20downgrade
search_cold,1,215,1790793039059885061,200,81.098,822,,/api/v1/search/semantic?query=AMC%20product%20launch
search_cold,1,216,1790793041559106522,200,83.451,728,,/api/v1/search/semantic?query=LLY%20merger%20talks
search_cold,1,217,1790793044058182050,200,71.918,740,,/api/v1/search/semantic?query=OKTA%20supply%20chain%20risk
search_cold,1,218,1790793046559078077,200,71.751,727,,/api/v1/search/semantic?query=RMD%20merger%20talks
search_cold,1,219,1790793049058841472,200,72.518,688,,/api/v1/search/semantic?query=UPS%20analyst%20downgrade
search_cold,1,220,1790793051559333982,200,91.315,666,,/api/v1/search/semantic?query=BSQKZ%20regulatory%20probe
search_cold,1,221,1790793054059937868,200,117.847,778,,/api/v1/search/semantic?query=JOBY%20lawsuit
search_cold,1,222,1790793056558722263,200,84.057,712,,/api/v1/search/semantic?query=LRCX%20regulatory%20probe
search_cold,1,223,1790793059058017516,200,89.716,861,,/api/v1/search/semantic?query=RMD%20product%20launch
search_cold,1,224,1790793061559760635,200,78.459,711,,/api/v1/search/semantic?query=KKR%20product%20launch
search_cold,1,225,1790793064058829379,200,67.926,747,,/api/v1/search/semantic?query=HSBC%20earnings%20guidance
search_cold,1,226,1790793066558979790,200,87.240,724,,/api/v1/search/semantic?query=MA%20product%20launch
search_cold,1,227,1790793069059305193,200,68.869,839,,/api/v1/search/semantic?query=OKLO%20analyst%20downgrade
search_cold,1,228,1790793071559518946,200,70.449,710,,/api/v1/search/semantic?query=AXP%20earnings%20guidance
search_cold,1,229,1790793074059100198,200,80.322,691,,/api/v1/search/semantic?query=HUT%20supply%20chain%20risk
search_cold,1,230,1790793076558434684,200,78.046,789,,/api/v1/search/semantic?query=CSCO%20dividend%20increase
search_cold,1,231,1790793079058952220,200,67.641,697,,/api/v1/search/semantic?query=COST%20layoffs
search_cold,1,232,1790793081558590948,200,116.944,856,,/api/v1/search/semantic?query=CRM%20product%20launch
search_cold,1,233,1790793084059642259,200,78.726,808,,/api/v1/search/semantic?query=WNRS%20dividend%20increase
search_cold,1,234,1790793086558829620,200,101.268,722,,/api/v1/search/semantic?query=HAPN%20layoffs
search_cold,1,235,1790793089059033106,200,76.526,714,,/api/v1/search/semantic?query=CVS%20earnings%20guidance
search_cold,1,236,1790793091558654784,200,75.220,706,,/api/v1/search/semantic?query=LRCX%20lawsuit
search_cold,1,237,1790793094058170220,200,77.849,812,,/api/v1/search/semantic?query=MCD%20product%20launch
search_cold,1,238,1790793096558342906,200,81.516,714,,/api/v1/search/semantic?query=LUNR%20earnings%20guidance
search_cold,1,239,1790793099059232242,200,80.487,702,,/api/v1/search/semantic?query=CHWY%20earnings%20guidance
sentiment_warm,2,0,1790793493788597903,200,372.700,6972,,/api/v1/sentiment/NVDA
sentiment_warm,2,1,1790793496287085664,200,49.353,6972,,/api/v1/sentiment/NVDA
sentiment_warm,2,2,1790793498786949250,200,55.523,6972,,/api/v1/sentiment/NVDA
sentiment_warm,2,3,1790793501287799353,200,48.757,6972,,/api/v1/sentiment/NVDA
sentiment_warm,2,4,1790793503786569722,200,51.776,6972,,/api/v1/sentiment/NVDA
sentiment_warm,2,5,1790793506287730942,200,58.644,6972,,/api/v1/sentiment/NVDA
sentiment_warm,2,6,1790793508787340153,200,49.411,6972,,/api/v1/sentiment/NVDA
sentiment_warm,2,7,1790793511287344722,200,48.687,6972,,/api/v1/sentiment/NVDA
sentiment_warm,2,8,1790793513787187316,200,47.841,6972,,/api/v1/sentiment/NVDA
sentiment_warm,2,9,1790793516288213419,200,48.043,6972,,/api/v1/sentiment/NVDA
sentiment_warm,2,10,1790793518788143739,200,50.015,6972,,/api/v1/sentiment/NVDA
sentiment_warm,2,11,1790793521288403508,200,52.421,6972,,/api/v1/sentiment/NVDA
sentiment_warm,2,12,1790793523787773927,200,49.568,6972,,/api/v1/sentiment/NVDA
sentiment_warm,2,13,1790793526287164055,200,49.328,6972,,/api/v1/sentiment/NVDA
sentiment_warm,2,14,1790793528787963741,200,47.598,6972,,/api/v1/sentiment/NVDA
sentiment_warm,2,15,1790793531286945585,200,50.334,6972,,/api/v1/sentiment/NVDA
sentiment_warm,2,16,1790793533788342021,200,47.179,6972,,/api/v1/sentiment/NVDA
sentiment_warm,2,17,1790793536286507574,200,54.643,6972,,/api/v1/sentiment/NVDA
sentiment_warm,2,18,1790793538788098160,200,48.476,6972,,/api/v1/sentiment/NVDA
sentiment_warm,2,19,1790793541287015196,200,49.448,6972,,/api/v1/sentiment/NVDA
sentiment_warm,2,20,1790793543788293015,200,83.809,6972,,/api/v1/sentiment/NVDA
sentiment_warm,2,21,1790793546286706160,200,48.507,6972,,/api/v1/sentiment/NVDA
sentiment_warm,2,22,1790793548786492471,200,48.209,6972,,/api/v1/sentiment/NVDA
sentiment_warm,2,23,1790793551287522423,200,54.694,6972,,/api/v1/sentiment/NVDA
sentiment_warm,2,24,1790793553787864509,200,50.233,6972,,/api/v1/sentiment/NVDA
sentiment_warm,2,25,1790793556287446954,200,50.159,6972,,/api/v1/sentiment/NVDA
sentiment_warm,2,26,1790793558787771073,200,53.097,6972,,/api/v1/sentiment/NVDA
sentiment_warm,2,27,1790793561287045242,200,49.958,6972,,/api/v1/sentiment/NVDA
sentiment_warm,2,28,1790793563787307945,200,50.220,6972,,/api/v1/sentiment/NVDA
sentiment_warm,2,29,1790793566287701823,200,58.245,6972,,/api/v1/sentiment/NVDA
sentiment_warm,2,30,1790793568787289492,200,47.448,6972,,/api/v1/sentiment/NVDA
sentiment_warm,2,31,1790793571287038312,200,64.061,6972,,/api/v1/sentiment/NVDA
sentiment_warm,2,32,1790793573788257647,200,51.099,6972,,/api/v1/sentiment/NVDA
sentiment_warm,2,33,1790793576287298709,200,48.670,6972,,/api/v1/sentiment/NVDA
sentiment_warm,2,34,1790793578786585253,200,58.031,6972,,/api/v1/sentiment/NVDA
sentiment_warm,2,35,1790793581287777364,200,51.051,6972,,/api/v1/sentiment/NVDA
sentiment_warm,2,36,1790793583786707875,200,51.764,6972,,/api/v1/sentiment/NVDA
sentiment_warm,2,37,1790793586288477578,200,51.679,6972,,/api/v1/sentiment/NVDA
sentiment_warm,2,38,1790793588788134730,200,48.105,6972,,/api/v1/sentiment/NVDA
sentiment_warm,2,39,1790793591287279100,200,53.678,6972,,/api/v1/sentiment/NVDA
sentiment_warm,2,40,1790793593786894086,200,48.011,6972,,/api/v1/sentiment/NVDA
sentiment_warm,2,41,1790793596288105263,200,50.322,6972,,/api/v1/sentiment/NVDA
sentiment_warm,2,42,1790793598788495016,200,57.732,6972,,/api/v1/sentiment/NVDA
sentiment_warm,2,43,1790793601288220002,200,52.111,6972,,/api/v1/sentiment/NVDA
sentiment_warm,2,44,1790793603788290938,200,64.602,6972,,/api/v1/sentiment/NVDA
sentiment_warm,2,45,1790793606286196799,200,57.468,6972,,/api/v1/sentiment/NVDA
sentiment_warm,2,46,1790793608787733118,200,70.889,6972,,/api/v1/sentiment/NVDA
sentiment_warm,2,47,1790793611287267896,200,46.354,6972,,/api/v1/sentiment/NVDA
sentiment_warm,2,48,1790793613787402632,200,70.434,6972,,/api/v1/sentiment/NVDA
sentiment_warm,2,49,1790793616287969118,200,48.046,6972,,/api/v1/sentiment/NVDA
sentiment_warm,2,50,1790793618788384629,200,55.582,6972,,/api/v1/sentiment/NVDA
sentiment_warm,2,51,1790793621288197615,200,96.716,6972,,/api/v1/sentiment/NVDA
sentiment_warm,2,52,1790793623787788585,200,47.174,6972,,/api/v1/sentiment/NVDA
sentiment_warm,2,53,1790793626287006104,200,49.511,6972,,/api/v1/sentiment/NVDA
sentiment_warm,2,54,1790793628786834765,200,54.675,6972,,/api/v1/sentiment/NVDA
sentiment_warm,2,55,1790793631287718876,200,46.262,6972,,/api/v1/sentiment/NVDA
sentiment_warm,2,56,1790793633788071504,200,49.634,6972,,/api/v1/sentiment/NVDA
sentiment_warm,2,57,1790793636288051048,200,52.333,6972,,/api/v1/sentiment/NVDA
sentiment_warm,2,58,1790793638787086334,200,54.338,6972,,/api/v1/sentiment/NVDA
sentiment_warm,2,59,1790793641286308345,200,49.618,6972,,/api/v1/sentiment/NVDA
sentiment_warm,2,60,1790793643787640889,200,61.521,6972,,/api/v1/sentiment/NVDA
sentiment_warm,2,61,1790793646288238542,200,55.667,6972,,/api/v1/sentiment/NVDA
sentiment_warm,2,62,1790793648788285003,200,45.097,6972,,/api/v1/sentiment/NVDA
sentiment_warm,2,63,1790793651287403339,200,47.045,6972,,/api/v1/sentiment/NVDA
sentiment_warm,2,64,1790793653787623233,200,75.279,6972,,/api/v1/sentiment/NVDA
sentiment_warm,2,65,1790793656287189453,200,48.757,6972,,/api/v1/sentiment/NVDA
sentiment_warm,2,66,1790793658786354539,200,46.168,6972,,/api/v1/sentiment/NVDA
sentiment_warm,2,67,1790793661287750608,200,49.585,6972,,/api/v1/sentiment/NVDA
sentiment_warm,2,68,1790793663787653794,200,90.434,6972,,/api/v1/sentiment/NVDA
sentiment_warm,2,69,1790793666286400605,200,49.283,6972,,/api/v1/sentiment/NVDA
sentiment_warm,2,70,1790793668787021450,200,51.278,6972,,/api/v1/sentiment/NVDA
sentiment_warm,2,71,1790793671286450077,200,49.780,6972,,/api/v1/sentiment/NVDA
sentiment_warm,2,72,1790793673787823413,200,47.745,6972,,/api/v1/sentiment/NVDA
sentiment_warm,2,73,1790793676286843575,200,51.445,6972,,/api/v1/sentiment/NVDA
sentiment_warm,2,74,1790793678787624102,200,49.153,6972,,/api/v1/sentiment/NVDA
sentiment_warm,2,75,1790793681288116796,200,46.430,6972,,/api/v1/sentiment/NVDA
sentiment_warm,2,76,1790793683786526183,200,53.344,6972,,/api/v1/sentiment/NVDA
sentiment_warm,2,77,1790793686287549994,200,57.712,6972,,/api/v1/sentiment/NVDA
sentiment_warm,2,78,1790793688788397438,200,82.743,6972,,/api/v1/sentiment/NVDA
sentiment_warm,2,79,1790793691288129849,200,56.329,6972,,/api/v1/sentiment/NVDA
sentiment_warm,2,80,1790793693788079877,200,71.307,6972,,/api/v1/sentiment/NVDA
sentiment_warm,2,81,1790793696287581746,200,79.620,6972,,/api/v1/sentiment/NVDA
sentiment_warm,2,82,1790793698787380799,200,48.333,6972,,/api/v1/sentiment/NVDA
sentiment_warm,2,83,1790793701288036935,200,47.729,6972,,/api/v1/sentiment/NVDA
sentiment_warm,2,84,1790793703787145096,200,49.275,6972,,/api/v1/sentiment/NVDA
sentiment_warm,2,85,1790793706286148757,200,45.111,6972,,/api/v1/sentiment/NVDA
sentiment_warm,2,86,1790793708787457101,200,48.690,6972,,/api/v1/sentiment/NVDA
sentiment_warm,2,87,1790793711288291712,200,68.216,6972,,/api/v1/sentiment/NVDA
sentiment_warm,2,88,1790793713786368440,200,45.540,6972,,/api/v1/sentiment/NVDA
sentiment_warm,2,89,1790793716287855167,200,77.390,6972,,/api/v1/sentiment/NVDA
sentiment_warm,2,90,1790793718787554578,200,47.436,6972,,/api/v1/sentiment/NVDA
sentiment_warm,2,91,1790793721286696564,200,47.742,6972,,/api/v1/sentiment/NVDA
sentiment_warm,2,92,1790793723786929750,200,51.627,6972,,/api/v1/sentiment/NVDA
sentiment_warm,2,93,1790793726288220770,200,51.323,6972,,/api/v1/sentiment/NVDA
sentiment_warm,2,94,1790793728788407756,200,47.980,6972,,/api/v1/sentiment/NVDA
sentiment_warm,2,95,1790793731287678167,200,48.224,6972,,/api/v1/sentiment/NVDA
sentiment_warm,2,96,1790793733787875786,200,50.244,6972,,/api/v1/sentiment/NVDA
sentiment_warm,2,97,1790793736287648347,200,53.646,6972,,/api/v1/sentiment/NVDA
sentiment_warm,2,98,1790793738788399175,200,48.976,6972,,/api/v1/sentiment/NVDA
sentiment_warm,2,99,1790793741287975752,200,54.125,6972,,/api/v1/sentiment/NVDA
sentiment_warm,2,100,1790793743787585605,200,47.631,6972,,/api/v1/sentiment/NVDA
sentiment_warm,2,101,1790793746286727316,200,65.122,6972,,/api/v1/sentiment/NVDA
sentiment_warm,2,102,1790793748786874152,200,50.063,6972,,/api/v1/sentiment/NVDA
sentiment_warm,2,103,1790793751286734805,200,71.946,6972,,/api/v1/sentiment/NVDA
sentiment_warm,2,104,1790793753787009149,200,48.111,6972,,/api/v1/sentiment/NVDA
sentiment_warm,2,105,1790793756287578385,200,50.374,6972,,/api/v1/sentiment/NVDA
sentiment_warm,2,106,1790793758786743196,200,47.518,6972,,/api/v1/sentiment/NVDA
sentiment_warm,2,107,1790793761286948332,200,50.063,6972,,/api/v1/sentiment/NVDA
sentiment_warm,2,108,1790793763786749402,200,49.731,6972,,/api/v1/sentiment/NVDA
sentiment_warm,2,109,1790793766287353104,200,47.998,6972,,/api/v1/sentiment/NVDA
sentiment_warm,2,110,1790793768786447882,200,49.202,6972,,/api/v1/sentiment/NVDA
sentiment_warm,2,111,1790793771287635593,200,125.787,6972,,/api/v1/sentiment/NVDA
sentiment_warm,2,112,1790793773788291912,200,72.761,6972,,/api/v1/sentiment/NVDA
sentiment_warm,2,113,1790793776288494298,200,415.102,6972,,/api/v1/sentiment/NVDA
sentiment_warm,2,114,1790793778787766084,200,50.399,6972,,/api/v1/sentiment/NVDA
sentiment_warm,2,115,1790793781288225962,200,51.145,6972,,/api/v1/sentiment/NVDA
sentiment_warm,2,116,1790793783788461165,200,47.807,6972,,/api/v1/sentiment/NVDA
sentiment_warm,2,117,1790793786287569234,200,47.945,6972,,/api/v1/sentiment/NVDA
sentiment_warm,2,118,1790793788787529528,200,53.930,6972,,/api/v1/sentiment/NVDA
sentiment_warm,2,119,1790793791287961539,200,47.151,6972,,/api/v1/sentiment/NVDA
sentiment_warm,2,120,1790793793787088401,200,50.037,6972,,/api/v1/sentiment/NVDA
sentiment_warm,2,121,1790793796288315986,200,48.963,6972,,/api/v1/sentiment/NVDA
sentiment_warm,2,122,1790793798787802364,200,50.823,6972,,/api/v1/sentiment/NVDA
sentiment_warm,2,123,1790793801288029225,200,48.791,6972,,/api/v1/sentiment/NVDA
sentiment_warm,2,124,1790793803786185336,200,59.640,6972,,/api/v1/sentiment/NVDA
sentiment_warm,2,125,1790793806287943306,200,53.607,6972,,/api/v1/sentiment/NVDA
sentiment_warm,2,126,1790793808787372942,200,70.681,6972,,/api/v1/sentiment/NVDA
sentiment_warm,2,127,1790793811287180061,200,48.138,6972,,/api/v1/sentiment/NVDA
sentiment_warm,2,128,1790793813787409122,200,52.947,6972,,/api/v1/sentiment/NVDA
sentiment_warm,2,129,1790793816286979100,200,51.294,6972,,/api/v1/sentiment/NVDA
sentiment_warm,2,130,1790793818787381502,200,50.054,6972,,/api/v1/sentiment/NVDA
sentiment_warm,2,131,1790793821286336947,200,51.663,6972,,/api/v1/sentiment/NVDA
sentiment_warm,2,132,1790793823787930191,200,66.987,6972,,/api/v1/sentiment/NVDA
sentiment_warm,2,133,1790793826288183635,200,49.725,6972,,/api/v1/sentiment/NVDA
sentiment_warm,2,134,1790793828788079671,200,51.113,6972,,/api/v1/sentiment/NVDA
sentiment_warm,2,135,1790793831288391782,200,49.039,6972,,/api/v1/sentiment/NVDA
sentiment_warm,2,136,1790793833786668068,200,69.383,6972,,/api/v1/sentiment/NVDA
sentiment_warm,2,137,1790793836288211354,200,48.263,6972,,/api/v1/sentiment/NVDA
sentiment_warm,2,138,1790793838787425024,200,49.206,6972,,/api/v1/sentiment/NVDA
sentiment_warm,2,139,1790793841287645193,200,49.621,6972,,/api/v1/sentiment/NVDA
sentiment_warm,2,140,1790793843787612179,200,49.270,6972,,/api/v1/sentiment/NVDA
sentiment_warm,2,141,1790793846288368873,200,51.181,6972,,/api/v1/sentiment/NVDA
sentiment_warm,2,142,1790793848787867351,200,49.039,6972,,/api/v1/sentiment/NVDA
sentiment_warm,2,143,1790793851287234196,200,48.138,6972,,/api/v1/sentiment/NVDA
sentiment_warm,2,144,1790793853787845140,200,48.222,6972,,/api/v1/sentiment/NVDA
sentiment_warm,2,145,1790793856287205293,200,68.858,6972,,/api/v1/sentiment/NVDA
sentiment_warm,2,146,1790793858786854745,200,49.074,6972,,/api/v1/sentiment/NVDA
sentiment_warm,2,147,1790793861287530681,200,59.803,6972,,/api/v1/sentiment/NVDA
sentiment_warm,2,148,1790793863786690451,200,51.118,6972,,/api/v1/sentiment/NVDA
sentiment_warm,2,149,1790793866287933620,200,68.110,6972,,/api/v1/sentiment/NVDA
sentiment_warm,2,150,1790793868787308898,200,48.443,6972,,/api/v1/sentiment/NVDA
sentiment_warm,2,151,1790793871287348392,200,62.439,6972,,/api/v1/sentiment/NVDA
sentiment_warm,2,152,1790793873786283395,200,51.708,6972,,/api/v1/sentiment/NVDA
sentiment_warm,2,153,1790793876287793681,200,67.566,6972,,/api/v1/sentiment/NVDA
sentiment_warm,2,154,1790793878787739308,200,70.815,6972,,/api/v1/sentiment/NVDA
sentiment_warm,2,155,1790793881287434503,200,50.292,6972,,/api/v1/sentiment/NVDA
sentiment_warm,2,156,1790793883787437055,200,48.387,6972,,/api/v1/sentiment/NVDA
sentiment_warm,2,157,1790793886287044891,200,48.168,6972,,/api/v1/sentiment/NVDA
sentiment_warm,2,158,1790793888788394119,200,52.877,6972,,/api/v1/sentiment/NVDA
sentiment_warm,2,159,1790793891287138730,200,48.716,6972,,/api/v1/sentiment/NVDA
sentiment_warm,2,160,1790793893787104616,200,48.764,6972,,/api/v1/sentiment/NVDA
sentiment_warm,2,161,1790793896287876160,200,47.385,6972,,/api/v1/sentiment/NVDA
sentiment_warm,2,162,1790793898788449430,200,55.517,6972,,/api/v1/sentiment/NVDA
sentiment_warm,2,163,1790793901287684641,200,48.351,6972,,/api/v1/sentiment/NVDA
sentiment_warm,2,164,1790793903787973102,200,62.143,6972,,/api/v1/sentiment/NVDA
sentiment_warm,2,165,1790793906288321788,200,50.592,6972,,/api/v1/sentiment/NVDA
sentiment_warm,2,166,1790793908787839241,200,69.398,6972,,/api/v1/sentiment/NVDA
sentiment_warm,2,167,1790793911286719518,200,49.942,6972,,/api/v1/sentiment/NVDA
sentiment_warm,2,168,1790793913787716013,200,51.304,6972,,/api/v1/sentiment/NVDA
sentiment_warm,2,169,1790793916288273332,200,48.153,6972,,/api/v1/sentiment/NVDA
sentiment_warm,2,170,1790793918787645035,200,50.931,6972,,/api/v1/sentiment/NVDA
sentiment_warm,2,171,1790793921288030754,200,85.647,6972,,/api/v1/sentiment/NVDA
sentiment_warm,2,172,1790793923787696982,200,55.279,6972,,/api/v1/sentiment/NVDA
sentiment_warm,2,173,1790793926286354601,200,48.326,6972,,/api/v1/sentiment/NVDA
sentiment_warm,2,174,1790793928787931162,200,48.596,6972,,/api/v1/sentiment/NVDA
sentiment_warm,2,175,1790793931287945540,200,51.513,6972,,/api/v1/sentiment/NVDA
sentiment_warm,2,176,1790793933788283317,200,49.338,6972,,/api/v1/sentiment/NVDA
sentiment_warm,2,177,1790793936287512295,200,47.065,6972,,/api/v1/sentiment/NVDA
sentiment_warm,2,178,1790793938787490098,200,48.702,6972,,/api/v1/sentiment/NVDA
sentiment_warm,2,179,1790793941287619517,200,50.221,6972,,/api/v1/sentiment/NVDA
sentiment_warm,2,180,1790793943788060878,200,50.751,6972,,/api/v1/sentiment/NVDA
sentiment_warm,2,181,1790793946286163639,200,49.261,6972,,/api/v1/sentiment/NVDA
sentiment_warm,2,182,1790793948787724525,200,50.833,6972,,/api/v1/sentiment/NVDA
sentiment_warm,2,183,1790793951286269211,200,68.955,6972,,/api/v1/sentiment/NVDA
sentiment_warm,2,184,1790793953787606797,200,74.350,6972,,/api/v1/sentiment/NVDA
sentiment_warm,2,185,1790793956287397050,200,77.770,6972,,/api/v1/sentiment/NVDA
sentiment_warm,2,186,1790793958787011669,200,50.348,6972,,/api/v1/sentiment/NVDA
sentiment_warm,2,187,1790793961287856364,200,50.366,6972,,/api/v1/sentiment/NVDA
sentiment_warm,2,188,1790793963788218708,200,49.911,6972,,/api/v1/sentiment/NVDA
sentiment_warm,2,189,1790793966288147652,200,48.633,6972,,/api/v1/sentiment/NVDA
sentiment_warm,2,190,1790793968787703788,200,48.048,6972,,/api/v1/sentiment/NVDA
sentiment_warm,2,191,1790793971287981341,200,48.203,6972,,/api/v1/sentiment/NVDA
sentiment_warm,2,192,1790793973788150360,200,67.017,6972,,/api/v1/sentiment/NVDA
sentiment_warm,2,193,1790793976287435071,200,51.209,6972,,/api/v1/sentiment/NVDA
sentiment_warm,2,194,1790793978786573299,200,77.239,6972,,/api/v1/sentiment/NVDA
sentiment_warm,2,195,1790793981286960668,200,50.394,6972,,/api/v1/sentiment/NVDA
sentiment_warm,2,196,1790793983787541913,200,48.632,6972,,/api/v1/sentiment/NVDA
sentiment_warm,2,197,1790793986287310807,200,48.610,6972,,/api/v1/sentiment/NVDA
sentiment_warm,2,198,1790793988786912410,200,50.524,6972,,/api/v1/sentiment/NVDA
sentiment_warm,2,199,1790793991287450296,200,48.436,6972,,/api/v1/sentiment/NVDA
sentiment_warm,2,200,1790793993786801465,200,48.200,6972,,/api/v1/sentiment/NVDA
sentiment_warm,2,201,1790793996288068010,200,50.309,6972,,/api/v1/sentiment/NVDA
sentiment_warm,2,202,1790793998787968629,200,50.168,6972,,/api/v1/sentiment/NVDA
sentiment_warm,2,203,1790794001288469573,200,48.245,6972,,/api/v1/sentiment/NVDA
sentiment_warm,2,204,1790794003787679118,200,68.087,6972,,/api/v1/sentiment/NVDA
sentiment_warm,2,205,1790794006287152387,200,48.130,6972,,/api/v1/sentiment/NVDA
sentiment_warm,2,206,1790794008787652965,200,76.960,6972,,/api/v1/sentiment/NVDA
sentiment_warm,2,207,1790794011287822351,200,47.987,6972,,/api/v1/sentiment/NVDA
sentiment_warm,2,208,1790794013788150412,200,97.355,6972,,/api/v1/sentiment/NVDA
sentiment_warm,2,209,1790794016287761731,200,49.265,6972,,/api/v1/sentiment/NVDA
sentiment_warm,2,210,1790794018787740634,200,48.246,6972,,/api/v1/sentiment/NVDA
sentiment_warm,2,211,1790794021288349470,200,52.263,6972,,/api/v1/sentiment/NVDA
sentiment_warm,2,212,1790794023788182897,200,50.978,6972,,/api/v1/sentiment/NVDA
sentiment_warm,2,213,1790794026287878917,200,49.674,6972,,/api/v1/sentiment/NVDA
sentiment_warm,2,214,1790794028787998253,200,49.235,6972,,/api/v1/sentiment/NVDA
sentiment_warm,2,215,1790794031286505814,200,49.005,6972,,/api/v1/sentiment/NVDA
sentiment_warm,2,216,1790794033787582058,200,47.503,6972,,/api/v1/sentiment/NVDA
sentiment_warm,2,217,1790794036287553994,200,50.580,6972,,/api/v1/sentiment/NVDA
sentiment_warm,2,218,1790794038787458922,200,46.818,6972,,/api/v1/sentiment/NVDA
sentiment_warm,2,219,1790794041288455691,200,49.114,6972,,/api/v1/sentiment/NVDA
sentiment_warm,2,220,1790794043787641311,200,48.017,6972,,/api/v1/sentiment/NVDA
sentiment_warm,2,221,1790794046288380588,200,53.388,6972,,/api/v1/sentiment/NVDA
sentiment_warm,2,222,1790794048787889058,200,111.345,6972,,/api/v1/sentiment/NVDA
sentiment_warm,2,223,1790794051286427785,200,57.830,6972,,/api/v1/sentiment/NVDA
sentiment_warm,2,224,1790794053788397505,200,49.415,6972,,/api/v1/sentiment/NVDA
sentiment_warm,2,225,1790794056287025791,200,49.066,6972,,/api/v1/sentiment/NVDA
sentiment_warm,2,226,1790794058787300502,200,49.028,6972,,/api/v1/sentiment/NVDA
sentiment_warm,2,227,1790794061286690355,200,49.110,6972,,/api/v1/sentiment/NVDA
sentiment_warm,2,228,1790794063788139040,200,47.586,6972,,/api/v1/sentiment/NVDA
sentiment_warm,2,229,1790794066287893543,200,59.749,6972,,/api/v1/sentiment/NVDA
sentiment_warm,2,230,1790794068787704238,200,49.178,6972,,/api/v1/sentiment/NVDA
sentiment_warm,2,231,1790794071286459299,200,48.124,6972,,/api/v1/sentiment/NVDA
sentiment_warm,2,232,1790794073786857943,200,52.462,6972,,/api/v1/sentiment/NVDA
sentiment_warm,2,233,1790794076287539471,200,50.135,6972,,/api/v1/sentiment/NVDA
sentiment_warm,2,234,1790794078787719032,200,49.216,6972,,/api/v1/sentiment/NVDA
sentiment_warm,2,235,1790794081286401034,200,48.487,6972,,/api/v1/sentiment/NVDA
sentiment_warm,2,236,1790794083787090262,200,51.221,6972,,/api/v1/sentiment/NVDA
sentiment_warm,2,237,1790794086288059256,200,52.215,6972,,/api/v1/sentiment/NVDA
sentiment_warm,2,238,1790794088788132759,200,49.181,6972,,/api/v1/sentiment/NVDA
sentiment_warm,2,239,1790794091286970412,200,62.904,6972,,/api/v1/sentiment/NVDA
sentiment_cold,2,0,1790795118958188388,200,400.871,6972,,/api/v1/sentiment/NVDA
sentiment_cold,2,1,1790795121460047007,200,208.231,6593,,/api/v1/sentiment/AAPL
sentiment_cold,2,2,1790795123958020885,200,183.672,6617,,/api/v1/sentiment/META
sentiment_cold,2,3,1790795126457633396,200,91.064,6868,,/api/v1/sentiment/MU
sentiment_cold,2,4,1790795128959327474,200,114.858,6577,,/api/v1/sentiment/AMZN
sentiment_cold,2,5,1790795131457823852,200,118.928,6713,,/api/v1/sentiment/TSLA
sentiment_cold,2,6,1790795133957917063,200,109.365,6512,,/api/v1/sentiment/MSFT
sentiment_cold,2,7,1790795136459034465,200,111.312,6500,,/api/v1/sentiment/AMD
sentiment_cold,2,8,1790795138958707018,200,104.855,6344,,/api/v1/sentiment/GOOGL
sentiment_cold,2,9,1790795141458012354,200,104.871,6755,,/api/v1/sentiment/GOOGN
sentiment_cold,2,10,1790795143958489832,200,99.890,6537,,/api/v1/sentiment/INTC
sentiment_cold,2,11,1790795146459684326,200,118.089,6633,,/api/v1/sentiment/PLTR
sentiment_cold,2,12,1790795148958233504,200,113.907,6503,,/api/v1/sentiment/AVGO
sentiment_cold,2,13,1790795151458821806,200,109.837,6412,,/api/v1/sentiment/ORCL
sentiment_cold,2,14,1790795153958164726,200,101.596,6395,,/api/v1/sentiment/XRP
sentiment_cold,2,15,1790795156458003195,200,94.853,6568,,/api/v1/sentiment/JPM
sentiment_cold,2,16,1790795158957868248,200,118.305,6459,,/api/v1/sentiment/NFLX
sentiment_cold,2,17,1790795161457669042,200,117.672,6599,,/api/v1/sentiment/WMT
sentiment_cold,2,18,1790795163959399970,200,115.088,6767,,/api/v1/sentiment/TSM
sentiment_cold,2,19,1790795166457694406,200,114.282,6360,,/api/v1/sentiment/MS
sentiment_cold,2,20,1790795168957900459,200,111.023,6708,,/api/v1/sentiment/GS
sentiment_cold,2,21,1790795171458348786,200,101.775,6363,,/api/v1/sentiment/IBM
sentiment_cold,2,22,1790795173957734514,200,93.450,6442,,/api/v1/sentiment/MRVL
sentiment_cold,2,23,1790795176459325008,200,115.840,6611,,/api/v1/sentiment/CRM
sentiment_cold,2,24,1790795178957845953,200,113.891,6506,,/api/v1/sentiment/LLY
sentiment_cold,2,25,1790795181458621714,200,108.027,6325,,/api/v1/sentiment/BAC
sentiment_cold,2,26,1790795183958406100,200,112.515,6645,,/api/v1/sentiment/CRWD
sentiment_cold,2,27,1790795186457661661,200,91.656,6284,,/api/v1/sentiment/UBER
sentiment_cold,2,28,1790795188959397080,200,115.774,6558,,/api/v1/sentiment/COIN
sentiment_cold,2,29,1790795191459414849,200,111.171,6439,,/api/v1/sentiment/BA
sentiment_cold,2,30,1790795193957469760,200,84.841,6414,,/api/v1/sentiment/COST
sentiment_cold,2,31,1790795196458221321,200,91.427,6260,,/api/v1/sentiment/CVX
sentiment_cold,2,32,1790795198957608149,200,108.157,6134,,/api/v1/sentiment/F
sentiment_cold,2,33,1790795201457695677,200,157.946,7577,,/api/v1/sentiment/IRS
sentiment_cold,2,34,1790795203957613529,200,108.342,6238,,/api/v1/sentiment/V
sentiment_cold,2,35,1790795206458458407,200,113.081,6890,,/api/v1/sentiment/BRK.B
sentiment_cold,2,36,1790795208957957618,200,109.864,6397,,/api/v1/sentiment/PYPL
sentiment_cold,2,37,1790795211458676362,200,119.247,6544,,/api/v1/sentiment/BABA
sentiment_cold,2,38,1790795213957603482,200,126.988,6696,,/api/v1/sentiment/PPLI
sentiment_cold,2,39,1790795216458081968,200,114.034,6479,,/api/v1/sentiment/NKE
sentiment_cold,2,40,1790795218957609962,200,123.712,6367,,/api/v1/sentiment/ASML
sentiment_cold,2,41,1790795221458684557,200,113.766,6310,,/api/v1/sentiment/XOM
sentiment_cold,2,42,1790795223959461051,200,109.128,6162,,/api/v1/sentiment/ADBE
sentiment_cold,2,43,1790795226458938720,200,106.640,6497,,/api/v1/sentiment/BLK
sentiment_cold,2,44,1790795228958145698,200,118.021,6712,,/api/v1/sentiment/SPCX
sentiment_cold,2,45,1790795231459200951,200,107.933,6341,,/api/v1/sentiment/UBS
sentiment_cold,2,46,1790795233957895970,200,101.265,6583,,/api/v1/sentiment/ARM
sentiment_cold,2,47,1790795236458398564,200,114.192,6548,,/api/v1/sentiment/RDDT
sentiment_cold,2,48,1790795238957992467,200,125.905,6712,,/api/v1/sentiment/MRNA
sentiment_cold,2,49,1790795241458354445,200,112.644,6600,,/api/v1/sentiment/AMAT
sentiment_cold,2,50,1790795243958160281,200,133.896,6632,,/api/v1/sentiment/NOW
sentiment_cold,2,51,1790795246458552600,200,114.133,6477,,/api/v1/sentiment/QCOM
sentiment_cold,2,52,1790795248957974628,200,112.978,6418,,/api/v1/sentiment/RIVN
sentiment_cold,2,53,1790795251458767714,200,86.737,6325,,/api/v1/sentiment/WFC
sentiment_cold,2,54,1790795253959533758,200,109.122,6554,,/api/v1/sentiment/CAT
sentiment_cold,2,55,1790795256457795102,200,110.106,6481,,/api/v1/sentiment/BTC
sentiment_cold,2,56,1790795258958511647,200,87.602,6388,,/api/v1/sentiment/SNOW
sentiment_cold,2,57,1790795261459031933,200,116.409,6590,,/api/v1/sentiment/DIS
sentiment_cold,2,58,1790795263958777086,200,129.694,6433,,/api/v1/sentiment/JNJ
sentiment_cold,2,59,1790795266457878005,200,131.662,6259,,/api/v1/sentiment/PANW
sentiment_cold,2,60,1790795268958064074,200,132.252,6037,,/api/v1/sentiment/LNG
sentiment_cold,2,61,1790795271459052685,200,123.102,6856,,/api/v1/sentiment/PARA
sentiment_cold,2,62,1790795273959249571,200,95.966,6281,,/api/v1/sentiment/HD
sentiment_cold,2,63,1790795276458336832,200,99.857,6436,,/api/v1/sentiment/IREN
sentiment_cold,2,64,1790795278959389152,200,119.208,6423,,/api/v1/sentiment/PEP
sentiment_cold,2,65,1790795281458090588,200,110.188,6308,,/api/v1/sentiment/SOFI
sentiment_cold,2,66,1790795283958933815,200,122.821,6900,,/api/v1/sentiment/WBD
sentiment_cold,2,67,1790795286459104760,200,115.633,6407,,/api/v1/sentiment/BPOPM
sentiment_cold,2,68,1790795288958723871,200,130.477,7110,,/api/v1/sentiment/HAPN
sentiment_cold,2,69,1790795291457449415,200,125.971,6554,,/api/v1/sentiment/PFE
sentiment_cold,2,70,1790795293958341318,200,146.888,6511,,/api/v1/sentiment/SHOP
sentiment_cold,2,71,1790795296457839521,200,115.131,6403,,/api/v1/sentiment/T
sentiment_cold,2,72,1790795298959096256,200,114.801,6782,,/api/v1/sentiment/QUBT
sentiment_cold,2,73,1790795301458260059,200,115.347,6411,,/api/v1/sentiment/ACHR
sentiment_cold,2,74,1790795303958435679,200,120.221,6703,,/api/v1/sentiment/MA
sentiment_cold,2,75,1790795306457817373,200,105.559,6108,,/api/v1/sentiment/OKLO
sentiment_cold,2,76,1790795308957607717,200,120.733,6376,,/api/v1/sentiment/WNRS
sentiment_cold,2,77,1790795311459895428,200,115.150,6456,,/api/v1/sentiment/CSCO
sentiment_cold,2,78,1790795313957686798,200,86.572,6597,,/api/v1/sentiment/ISRG
sentiment_cold,2,79,1790795316459058025,200,110.826,6433,,/api/v1/sentiment/UNH
sentiment_cold,2,80,1790795318958986786,200,111.573,6350,,/api/v1/sentiment/INTU
sentiment_cold,2,81,1790795321459299814,200,114.445,6174,,/api/v1/sentiment/LCID
sentiment_cold,2,82,1790795323958388817,200,159.407,6717,,/api/v1/sentiment/LMT
sentiment_cold,2,83,1790795326458573694,200,155.243,6744,,/api/v1/sentiment/QQQ
sentiment_cold,2,84,1790795328958803855,200,115.861,6367,,/api/v1/sentiment/APP
sentiment_cold,2,85,1790795331457763242,200,117.472,6507,,/api/v1/sentiment/DELL
sentiment_cold,2,86,1790795333959511769,200,117.863,6690,,/api/v1/sentiment/HPE
sentiment_cold,2,87,1790795336459236022,200,109.147,6487,,/api/v1/sentiment/SMCI
sentiment_cold,2,88,1790795338958528616,200,119.318,6515,,/api/v1/sentiment/ABBV
sentiment_cold,2,89,1790795341457781702,200,103.190,6642,,/api/v1/sentiment/BX
sentiment_cold,2,90,1790795343958330405,200,115.180,6555,,/api/v1/sentiment/USA
sentiment_cold,2,91,1790795346457420599,200,112.869,6490,,/api/v1/sentiment/ACN
sentiment_cold,2,92,1790795348958690535,200,104.515,6462,,/api/v1/sentiment/DDOG
sentiment_cold,2,93,1790795351458876696,200,94.417,6330,,/api/v1/sentiment/AMC
sentiment_cold,2,94,1790795353958598749,200,106.897,6212,,/api/v1/sentiment/BSQKZ
sentiment_cold,2,95,1790795356458433093,200,120.191,6506,,/api/v1/sentiment/GM
sentiment_cold,2,96,1790795358957853104,200,117.943,6450,,/api/v1/sentiment/MCD
sentiment_cold,2,97,1790795361458362574,200,118.695,6647,,/api/v1/sentiment/NET
sentiment_cold,2,98,1790795363957794501,200,144.046,6674,,/api/v1/sentiment/SNDK
sentiment_cold,2,99,1790795366458106338,200,97.725,6494,,/api/v1/sentiment/WDAY
sentiment_cold,2,100,1790795368957609949,200,82.662,6455,,/api/v1/sentiment/ABNB
sentiment_cold,2,101,1790795371459389551,200,113.382,6225,,/api/v1/sentiment/KKR
sentiment_cold,2,102,1790795373957784087,200,114.368,6414,,/api/v1/sentiment/RTX
sentiment_cold,2,103,1790795376459555990,200,141.133,6515,,/api/v1/sentiment/ANET
sentiment_cold,2,104,1790795378957885443,200,84.051,6197,,/api/v1/sentiment/CHWY
sentiment_cold,2,105,1790795381459220462,200,150.995,6487,,/api/v1/sentiment/LRCX
sentiment_cold,2,106,1790795383957718031,200,110.281,6366,,/api/v1/sentiment/MRK
sentiment_cold,2,107,1790795386458977517,200,169.752,6475,,/api/v1/sentiment/ABT
sentiment_cold,2,108,1790795388957842945,200,87.024,6435,,/api/v1/sentiment/COO
sentiment_cold,2,109,1790795391459068056,200,119.773,6447,,/api/v1/sentiment/ETH
sentiment_cold,2,110,1790795393958801934,200,118.891,6405,,/api/v1/sentiment/GLP
sentiment_cold,2,111,1790795396457966836,200,116.625,6481,,/api/v1/sentiment/NBIS
sentiment_cold,2,112,1790795398958807956,200,107.899,6240,,/api/v1/sentiment/UPS
sentiment_cold,2,113,1790795401457633600,200,126.524,6797,,/api/v1/sentiment/MSTR
sentiment_cold,2,114,1790795403957503236,200,118.510,6239,,/api/v1/sentiment/OKTA
sentiment_cold,2,115,1790795406457728355,200,97.510,6116,,/api/v1/sentiment/RBC
sentiment_cold,2,116,1790795408959581841,200,121.687,6280,,/api/v1/sentiment/SNPS
sentiment_cold,2,117,1790795411458730977,200,110.032,6067,,/api/v1/sentiment/CVS
sentiment_cold,2,118,1790795413958392713,200,112.676,6219,,/api/v1/sentiment/JOBY
sentiment_cold,2,119,1790795416459176266,200,117.658,6617,,/api/v1/sentiment/COHR
sentiment_cold,2,120,1790795418958428802,200,129.774,6526,,/api/v1/sentiment/HOOD
sentiment_cold,2,121,1790795421457740922,200,120.262,6207,,/api/v1/sentiment/HSBC
sentiment_cold,2,122,1790795423958791866,200,114.961,6619,,/api/v1/sentiment/ICE
sentiment_cold,2,123,1790795426457642352,200,97.072,6564,,/api/v1/sentiment/AXP
sentiment_cold,2,124,1790795428958848488,200,118.441,6422,,/api/v1/sentiment/CMCSA
sentiment_cold,2,125,1790795431458868732,200,96.169,6193,,/api/v1/sentiment/HUT
sentiment_cold,2,126,1790795433959374993,200,147.486,6978,,/api/v1/sentiment/RMD
sentiment_cold,2,127,1790795436457634871,200,100.714,6662,,/api/v1/sentiment/AAL
sentiment_cold,2,128,1790795438957675099,200,136.220,6546,,/api/v1/sentiment/PG
sentiment_cold,2,129,1790795441457968785,200,166.852,6422,,/api/v1/sentiment/SMCIP
sentiment_cold,2,130,1790795443958699629,200,95.900,6662,,/api/v1/sentiment/TXN
sentiment_cold,2,131,1790795446458336798,200,115.725,6591,,/api/v1/sentiment/CRWV
sentiment_cold,2,132,1790795448957652951,200,116.038,6444,,/api/v1/sentiment/GOOG
sentiment_cold,2,133,1790795451458631662,200,117.252,6430,,/api/v1/sentiment/QBTS
sentiment_cold,2,134,1790795453957516798,200,118.004,6343,,/api/v1/sentiment/SAP
sentiment_cold,2,135,1790795456459356351,200,111.074,6201,,/api/v1/sentiment/TJX
sentiment_cold,2,136,1790795458958580287,200,137.330,6306,,/api/v1/sentiment/VST
sentiment_cold,2,137,1790795461457761689,200,94.372,6388,,/api/v1/sentiment/DASH
sentiment_cold,2,138,1790795463959043725,200,140.610,6585,,/api/v1/sentiment/LUNR
sentiment_cold,2,139,1790795466457408195,200,100.599,6483,,/api/v1/sentiment/DAL
sentiment_cold,2,140,1790795468957454473,200,118.392,6501,,/api/v1/sentiment/GILD
sentiment_cold,2,141,1790795471457596175,200,119.329,6972,,/api/v1/sentiment/NVDA
sentiment_cold,2,142,1790795473958318220,200,112.648,6593,,/api/v1/sentiment/AAPL
sentiment_cold,2,143,1790795476457749597,200,114.755,6617,,/api/v1/sentiment/META
sentiment_cold,2,144,1790795478958696775,200,116.907,6868,,/api/v1/sentiment/MU
sentiment_cold,2,145,1790795481457690353,200,100.518,6577,,/api/v1/sentiment/AMZN
sentiment_cold,2,146,1790795483957804464,200,124.563,6713,,/api/v1/sentiment/TSLA
sentiment_cold,2,147,1790795486457705175,200,99.468,6512,,/api/v1/sentiment/MSFT
sentiment_cold,2,148,1790795488959027544,200,88.744,6500,,/api/v1/sentiment/AMD
sentiment_cold,2,149,1790795491457501738,200,107.239,6344,,/api/v1/sentiment/GOOGL
sentiment_cold,2,150,1790795493958474124,200,101.546,6755,,/api/v1/sentiment/GOOGN
sentiment_cold,2,151,1790795496457640310,200,121.786,6537,,/api/v1/sentiment/INTC
sentiment_cold,2,152,1790795498958897505,200,114.915,6633,,/api/v1/sentiment/PLTR
sentiment_cold,2,153,1790795501457433574,200,89.739,6503,,/api/v1/sentiment/AVGO
sentiment_cold,2,154,1790795503958773177,200,108.183,6412,,/api/v1/sentiment/ORCL
sentiment_cold,2,155,1790795506457603955,200,139.457,6395,,/api/v1/sentiment/XRP
sentiment_cold,2,156,1790795508958991682,200,119.684,6568,,/api/v1/sentiment/JPM
sentiment_cold,2,157,1790795511458129818,200,114.310,6459,,/api/v1/sentiment/NFLX
sentiment_cold,2,158,1790795513959115954,200,109.802,6599,,/api/v1/sentiment/WMT
sentiment_cold,2,159,1790795516458476290,200,115.260,6767,,/api/v1/sentiment/TSM
sentiment_cold,2,160,1790795518957727726,200,110.716,6360,,/api/v1/sentiment/MS
sentiment_cold,2,161,1790795521458082187,200,109.526,6708,,/api/v1/sentiment/GS
sentiment_cold,2,162,1790795523957816340,200,114.538,6363,,/api/v1/sentiment/IBM
sentiment_cold,2,163,1790795526457410243,200,127.346,6442,,/api/v1/sentiment/MRVL
sentiment_cold,2,164,1790795528958812545,200,134.788,6611,,/api/v1/sentiment/CRM
sentiment_cold,2,165,1790795531458644323,200,135.908,6506,,/api/v1/sentiment/LLY
sentiment_cold,2,166,1790795533957766326,200,108.947,6325,,/api/v1/sentiment/BAC
sentiment_cold,2,167,1790795536459034887,200,104.357,6645,,/api/v1/sentiment/CRWD
sentiment_cold,2,168,1790795538959216556,200,113.643,6284,,/api/v1/sentiment/UBER
sentiment_cold,2,169,1790795541458157609,200,99.682,6558,,/api/v1/sentiment/COIN
sentiment_cold,2,170,1790795543958123953,200,98.749,6439,,/api/v1/sentiment/BA
sentiment_cold,2,171,1790795546458836097,200,117.059,6414,,/api/v1/sentiment/COST
sentiment_cold,2,172,1790795548957938483,200,126.158,6260,,/api/v1/sentiment/CVX
sentiment_cold,2,173,1790795551459446386,200,120.939,6134,,/api/v1/sentiment/F
sentiment_cold,2,174,1790795553957624497,200,123.935,7577,,/api/v1/sentiment/IRS
sentiment_cold,2,175,1790795556458565075,200,145.367,6238,,/api/v1/sentiment/V
sentiment_cold,2,176,1790795558957691661,200,134.888,6890,,/api/v1/sentiment/BRK.B
sentiment_cold,2,177,1790795561458692372,200,108.678,6397,,/api/v1/sentiment/PYPL
sentiment_cold,2,178,1790795563958838383,200,124.048,6544,,/api/v1/sentiment/BABA
sentiment_cold,2,179,1790795566458235844,200,123.045,6696,,/api/v1/sentiment/PPLI
sentiment_cold,2,180,1790795568959309246,200,114.422,6479,,/api/v1/sentiment/NKE
sentiment_cold,2,181,1790795571457956599,200,92.742,6367,,/api/v1/sentiment/ASML
sentiment_cold,2,182,1790795573958502460,200,85.657,6310,,/api/v1/sentiment/XOM
sentiment_cold,2,183,1790795576458457346,200,87.392,6162,,/api/v1/sentiment/ADBE
sentiment_cold,2,184,1790795578957683941,200,116.331,6497,,/api/v1/sentiment/BLK
sentiment_cold,2,185,1790795581458202118,200,144.433,6712,,/api/v1/sentiment/SPCX
sentiment_cold,2,186,1790795583957413038,200,122.828,6341,,/api/v1/sentiment/UBS
sentiment_cold,2,187,1790795586459448482,200,134.321,6583,,/api/v1/sentiment/ARM
sentiment_cold,2,188,1790795588957670685,200,263.071,6548,,/api/v1/sentiment/RDDT
sentiment_cold,2,189,1790795591458396671,200,1547.471,6712,,/api/v1/sentiment/MRNA
sentiment_cold,2,190,1790795593957593382,200,128.361,6600,,/api/v1/sentiment/AMAT
sentiment_cold,2,191,1790795596458761934,200,123.504,6632,,/api/v1/sentiment/NOW
sentiment_cold,2,192,1790795598959325579,200,139.973,6477,,/api/v1/sentiment/QCOM
sentiment_cold,2,193,1790795601458234273,200,98.900,6418,,/api/v1/sentiment/RIVN
sentiment_cold,2,194,1790795603959045051,200,132.522,6325,,/api/v1/sentiment/WFC
sentiment_cold,2,195,1790795606457920195,200,118.326,6554,,/api/v1/sentiment/CAT
sentiment_cold,2,196,1790795608959343581,200,142.087,6481,,/api/v1/sentiment/BTC
sentiment_cold,2,197,1790795611457422600,200,108.391,6388,,/api/v1/sentiment/SNOW
sentiment_cold,2,198,1790795613957652761,200,116.771,6590,,/api/v1/sentiment/DIS
sentiment_cold,2,199,1790795616459217039,200,108.438,6433,,/api/v1/sentiment/JNJ
sentiment_cold,2,200,1790795618958847517,200,100.961,6259,,/api/v1/sentiment/PANW
sentiment_cold,2,201,1790795621458828619,200,91.261,6037,,/api/v1/sentiment/LNG
sentiment_cold,2,202,1790795623957629881,200,117.676,6856,,/api/v1/sentiment/PARA
sentiment_cold,2,203,1790795626457604933,200,104.052,6281,,/api/v1/sentiment/HD
sentiment_cold,2,204,1790795628957745536,200,112.367,6436,,/api/v1/sentiment/IREN
sentiment_cold,2,205,1790795631459446580,200,98.530,6423,,/api/v1/sentiment/PEP
sentiment_cold,2,206,1790795633958284141,200,131.219,6308,,/api/v1/sentiment/SOFI
sentiment_cold,2,207,1790795636458643644,200,92.504,6900,,/api/v1/sentiment/WBD
sentiment_cold,2,208,1790795638959241938,200,150.640,6407,,/api/v1/sentiment/BPOPM
sentiment_cold,2,209,1790795641458874249,200,183.787,7110,,/api/v1/sentiment/HAPN
sentiment_cold,2,210,1790795643957946294,200,1770.352,6554,,/api/v1/sentiment/PFE
sentiment_cold,2,211,1790795646458016313,200,964.269,6511,,/api/v1/sentiment/SHOP
sentiment_cold,2,212,1790795648957629007,200,132.990,6403,,/api/v1/sentiment/T
sentiment_cold,2,213,1790795651457485077,200,133.799,6782,,/api/v1/sentiment/QUBT
sentiment_cold,2,214,1790795653958279171,200,117.122,6411,,/api/v1/sentiment/ACHR
sentiment_cold,2,215,1790795656458447274,200,115.011,6703,,/api/v1/sentiment/MA
sentiment_cold,2,216,1790795658957600718,200,110.450,6108,,/api/v1/sentiment/OKLO
sentiment_cold,2,217,1790795661458452012,200,123.230,6376,,/api/v1/sentiment/WNRS
sentiment_cold,2,218,1790795663958813165,200,112.174,6456,,/api/v1/sentiment/CSCO
sentiment_cold,2,219,1790795666457657968,200,124.245,6597,,/api/v1/sentiment/ISRG
sentiment_cold,2,220,1790795668957611295,200,112.502,6433,,/api/v1/sentiment/UNH
sentiment_cold,2,221,1790795671459213981,200,101.441,6350,,/api/v1/sentiment/INTU
sentiment_cold,2,222,1790795673958484392,200,95.241,6174,,/api/v1/sentiment/LCID
sentiment_cold,2,223,1790795676457656812,200,106.110,6717,,/api/v1/sentiment/LMT
sentiment_cold,2,224,1790795678957631681,200,114.675,6744,,/api/v1/sentiment/QQQ
sentiment_cold,2,225,1790795681457595092,200,114.074,6367,,/api/v1/sentiment/APP
sentiment_cold,2,226,1790795683959346278,200,97.767,6507,,/api/v1/sentiment/DELL
sentiment_cold,2,227,1790795686457807273,200,119.077,6690,,/api/v1/sentiment/HPE
sentiment_cold,2,228,1790795688957597892,200,91.837,6487,,/api/v1/sentiment/SMCI
sentiment_cold,2,229,1790795691457631428,200,104.154,6515,,/api/v1/sentiment/ABBV
sentiment_cold,2,230,1790795693957589522,200,153.756,6642,,/api/v1/sentiment/BX
sentiment_cold,2,231,1790795696457808007,200,126.511,6555,,/api/v1/sentiment/USA
sentiment_cold,2,232,1790795698957614393,200,99.427,6490,,/api/v1/sentiment/ACN
sentiment_cold,2,233,1790795701458265121,200,130.596,6462,,/api/v1/sentiment/DDOG
sentiment_cold,2,234,1790795703957713182,200,84.082,6330,,/api/v1/sentiment/AMC
sentiment_cold,2,235,1790795706459131251,200,95.603,6212,,/api/v1/sentiment/BSQKZ
sentiment_cold,2,236,1790795708958021704,200,109.742,6506,,/api/v1/sentiment/GM
sentiment_cold,2,237,1790795711458849898,200,115.982,6450,,/api/v1/sentiment/MCD
sentiment_cold,2,238,1790795713957390368,200,121.079,6647,,/api/v1/sentiment/NET
sentiment_cold,2,239,1790795716457650962,200,127.818,6674,,/api/v1/sentiment/SNDK
search_warm,2,0,1790796111315007823,200,296.710,863,,/api/v1/search/semantic?query=semiconductor%20export%20restrictions
search_warm,2,1,1790796113815815484,200,50.939,863,,/api/v1/search/semantic?query=semiconductor%20export%20restrictions
search_warm,2,2,1790796116315987253,200,52.372,863,,/api/v1/search/semantic?query=semiconductor%20export%20restrictions
search_warm,2,3,1790796118814521122,200,60.215,863,,/api/v1/search/semantic?query=semiconductor%20export%20restrictions
search_warm,2,4,1790796121315601217,200,53.821,863,,/api/v1/search/semantic?query=semiconductor%20export%20restrictions
search_warm,2,5,1790796123815359295,200,48.123,863,,/api/v1/search/semantic?query=semiconductor%20export%20restrictions
search_warm,2,6,1790796126315778014,200,48.870,863,,/api/v1/search/semantic?query=semiconductor%20export%20restrictions
search_warm,2,7,1790796128814334617,200,50.376,863,,/api/v1/search/semantic?query=semiconductor%20export%20restrictions
search_warm,2,8,1790796131315180594,200,47.863,863,,/api/v1/search/semantic?query=semiconductor%20export%20restrictions
search_warm,2,9,1790796133814282430,200,47.948,863,,/api/v1/search/semantic?query=semiconductor%20export%20restrictions
search_warm,2,10,1790796136315151141,200,51.682,863,,/api/v1/search/semantic?query=semiconductor%20export%20restrictions
search_warm,2,11,1790796138815941752,200,45.933,863,,/api/v1/search/semantic?query=semiconductor%20export%20restrictions
search_warm,2,12,1790796141314872263,200,52.170,863,,/api/v1/search/semantic?query=semiconductor%20export%20restrictions
search_warm,2,13,1790796143815112049,200,79.553,863,,/api/v1/search/semantic?query=semiconductor%20export%20restrictions
search_warm,2,14,1790796146315199302,200,50.181,863,,/api/v1/search/semantic?query=semiconductor%20export%20restrictions
search_warm,2,15,1790796148815357963,200,47.416,863,,/api/v1/search/semantic?query=semiconductor%20export%20restrictions
search_warm,2,16,1790796151315464832,200,49.312,863,,/api/v1/search/semantic?query=semiconductor%20export%20restrictions
search_warm,2,17,1790796153814070844,200,47.280,863,,/api/v1/search/semantic?query=semiconductor%20export%20restrictions
search_warm,2,18,1790796156315474979,200,47.947,863,,/api/v1/search/semantic?query=semiconductor%20export%20restrictions
search_warm,2,19,1790796158815309874,200,48.431,863,,/api/v1/search/semantic?query=semiconductor%20export%20restrictions
search_warm,2,20,1790796161315463677,200,53.742,863,,/api/v1/search/semantic?query=semiconductor%20export%20restrictions
search_warm,2,21,1790796163815379513,200,52.718,863,,/api/v1/search/semantic?query=semiconductor%20export%20restrictions
search_warm,2,22,1790796166314813090,200,48.452,863,,/api/v1/search/semantic?query=semiconductor%20export%20restrictions
search_warm,2,23,1790796168815370226,200,50.892,863,,/api/v1/search/semantic?query=semiconductor%20export%20restrictions
search_warm,2,24,1790796171314884654,200,47.675,863,,/api/v1/search/semantic?query=semiconductor%20export%20restrictions
search_warm,2,25,1790796173814794807,200,48.138,863,,/api/v1/search/semantic?query=semiconductor%20export%20restrictions
search_warm,2,26,1790796176315174659,200,48.892,863,,/api/v1/search/semantic?query=semiconductor%20export%20restrictions
search_warm,2,27,1790796178814318020,200,57.546,863,,/api/v1/search/semantic?query=semiconductor%20export%20restrictions
search_warm,2,28,1790796181315089840,200,48.482,863,,/api/v1/search/semantic?query=semiconductor%20export%20restrictions
search_warm,2,29,1790796183814487209,200,44.189,863,,/api/v1/search/semantic?query=semiconductor%20export%20restrictions
search_warm,2,30,1790796186315666028,200,63.203,863,,/api/v1/search/semantic?query=semiconductor%20export%20restrictions
search_warm,2,31,1790796188815313556,200,46.783,863,,/api/v1/search/semantic?query=semiconductor%20export%20restrictions
search_warm,2,32,1790796191314722659,200,73.311,863,,/api/v1/search/semantic?query=semiconductor%20export%20restrictions
search_warm,2,33,1790796193814978395,200,47.836,863,,/api/v1/search/semantic?query=semiconductor%20export%20restrictions
search_warm,2,34,1790796196315252739,200,45.596,863,,/api/v1/search/semantic?query=semiconductor%20export%20restrictions
search_warm,2,35,1790796198815224767,200,47.084,863,,/api/v1/search/semantic?query=semiconductor%20export%20restrictions
search_warm,2,36,1790796201314579053,200,50.555,863,,/api/v1/search/semantic?query=semiconductor%20export%20restrictions
search_warm,2,37,1790796203815412747,200,53.256,863,,/api/v1/search/semantic?query=semiconductor%20export%20restrictions
search_warm,2,38,1790796206314443175,200,50.205,863,,/api/v1/search/semantic?query=semiconductor%20export%20restrictions
search_warm,2,39,1790796208814473044,200,109.229,863,,/api/v1/search/semantic?query=semiconductor%20export%20restrictions
search_warm,2,40,1790796211314537655,200,49.341,863,,/api/v1/search/semantic?query=semiconductor%20export%20restrictions
search_warm,2,41,1790796213815384000,200,59.744,863,,/api/v1/search/semantic?query=semiconductor%20export%20restrictions
search_warm,2,42,1790796216314871661,200,71.507,863,,/api/v1/search/semantic?query=semiconductor%20export%20restrictions
search_warm,2,43,1790796218814145097,200,70.068,863,,/api/v1/search/semantic?query=semiconductor%20export%20restrictions
search_warm,2,44,1790796221314950833,200,77.342,863,,/api/v1/search/semantic?query=semiconductor%20export%20restrictions
search_warm,2,45,1790796223814626961,200,56.043,863,,/api/v1/search/semantic?query=semiconductor%20export%20restrictions
search_warm,2,46,1790796226313933305,200,50.405,863,,/api/v1/search/semantic?query=semiconductor%20export%20restrictions
search_warm,2,47,1790796228814737666,200,46.126,863,,/api/v1/search/semantic?query=semiconductor%20export%20restrictions
search_warm,2,48,1790796231314962419,200,48.595,863,,/api/v1/search/semantic?query=semiconductor%20export%20restrictions
search_warm,2,49,1790796233815426788,200,51.245,863,,/api/v1/search/semantic?query=semiconductor%20export%20restrictions
search_warm,2,50,1790796236315370674,200,53.932,863,,/api/v1/search/semantic?query=semiconductor%20export%20restrictions
search_warm,2,51,1790796238814314568,200,54.711,863,,/api/v1/search/semantic?query=semiconductor%20export%20restrictions
search_warm,2,52,1790796241314344896,200,48.529,863,,/api/v1/search/semantic?query=semiconductor%20export%20restrictions
search_warm,2,53,1790796243815206090,200,59.143,863,,/api/v1/search/semantic?query=semiconductor%20export%20restrictions
search_warm,2,54,1790796246314665976,200,87.702,863,,/api/v1/search/semantic?query=semiconductor%20export%20restrictions
search_warm,2,55,1790796248814689246,200,48.386,863,,/api/v1/search/semantic?query=semiconductor%20export%20restrictions
search_warm,2,56,1790796251315094765,200,46.864,863,,/api/v1/search/semantic?query=semiconductor%20export%20restrictions
search_warm,2,57,1790796253815565918,200,46.567,863,,/api/v1/search/semantic?query=semiconductor%20export%20restrictions
search_warm,2,58,1790796256314149012,200,45.110,863,,/api/v1/search/semantic?query=semiconductor%20export%20restrictions
search_warm,2,59,1790796258815690006,200,47.101,863,,/api/v1/search/semantic?query=semiconductor%20export%20restrictions
search_warm,2,60,1790796261315969209,200,59.674,863,,/api/v1/search/semantic?query=semiconductor%20export%20restrictions
search_warm,2,61,1790796263815422403,200,74.278,863,,/api/v1/search/semantic?query=semiconductor%20export%20restrictions
search_warm,2,62,1790796266314397281,200,47.257,863,,/api/v1/search/semantic?query=semiconductor%20export%20restrictions
search_warm,2,63,1790796268815752375,200,77.261,863,,/api/v1/search/semantic?query=semiconductor%20export%20restrictions
search_warm,2,64,1790796271315164961,200,45.095,863,,/api/v1/search/semantic?query=semiconductor%20export%20restrictions
search_warm,2,65,1790796273814230039,200,64.967,863,,/api/v1/search/semantic?query=semiconductor%20export%20restrictions
search_warm,2,66,1790796276314321142,200,56.432,863,,/api/v1/search/semantic?query=semiconductor%20export%20restrictions
search_warm,2,67,1790796278815873778,200,47.029,863,,/api/v1/search/semantic?query=semiconductor%20export%20restrictions
search_warm,2,68,1790796281315223480,200,49.674,863,,/api/v1/search/semantic?query=semiconductor%20export%20restrictions
search_warm,2,69,1790796283814981467,200,47.323,863,,/api/v1/search/semantic?query=semiconductor%20export%20restrictions
search_warm,2,70,1790796286315233169,200,49.070,863,,/api/v1/search/semantic?query=semiconductor%20export%20restrictions
search_warm,2,71,1790796288815098772,200,49.376,863,,/api/v1/search/semantic?query=semiconductor%20export%20restrictions
search_warm,2,72,1790796291315843641,200,48.031,863,,/api/v1/search/semantic?query=semiconductor%20export%20restrictions
search_warm,2,73,1790796293813946677,200,73.371,863,,/api/v1/search/semantic?query=semiconductor%20export%20restrictions
search_warm,2,74,1790796296314902655,200,50.311,863,,/api/v1/search/semantic?query=semiconductor%20export%20restrictions
search_warm,2,75,1790796298816068274,200,47.619,863,,/api/v1/search/semantic?query=semiconductor%20export%20restrictions
search_warm,2,76,1790796301315950835,200,48.103,863,,/api/v1/search/semantic?query=semiconductor%20export%20restrictions
search_warm,2,77,1790796303816044413,200,50.260,863,,/api/v1/search/semantic?query=semiconductor%20export%20restrictions
search_warm,2,78,1790796306314337657,200,47.101,863,,/api/v1/search/semantic?query=semiconductor%20export%20restrictions
search_warm,2,79,1790796308815869485,200,48.071,863,,/api/v1/search/semantic?query=semiconductor%20export%20restrictions
search_warm,2,80,1790796311315350179,200,74.477,863,,/api/v1/search/semantic?query=semiconductor%20export%20restrictions
search_warm,2,81,1790796313815285357,200,48.557,863,,/api/v1/search/semantic?query=semiconductor%20export%20restrictions
search_warm,2,82,1790796316315019051,200,48.652,863,,/api/v1/search/semantic?query=semiconductor%20export%20restrictions
search_warm,2,83,1790796318814138946,200,48.720,863,,/api/v1/search/semantic?query=semiconductor%20export%20restrictions
search_warm,2,84,1790796321314445282,200,50.230,863,,/api/v1/search/semantic?query=semiconductor%20export%20restrictions
search_warm,2,85,1790796323814828526,200,69.696,863,,/api/v1/search/semantic?query=semiconductor%20export%20restrictions
search_warm,2,86,1790796326316110012,200,47.791,863,,/api/v1/search/semantic?query=semiconductor%20export%20restrictions
search_warm,2,87,1790796328815316715,200,78.809,863,,/api/v1/search/semantic?query=semiconductor%20export%20restrictions
search_warm,2,88,1790796331315191301,200,49.687,863,,/api/v1/search/semantic?query=semiconductor%20export%20restrictions
search_warm,2,89,1790796333814954145,200,95.169,863,,/api/v1/search/semantic?query=semiconductor%20export%20restrictions
search_warm,2,90,1790796336315114640,200,50.318,863,,/api/v1/search/semantic?query=semiconductor%20export%20restrictions
search_warm,2,91,1790796338814475434,200,46.837,863,,/api/v1/search/semantic?query=semiconductor%20export%20restrictions
search_warm,2,92,1790796341315246795,200,46.366,863,,/api/v1/search/semantic?query=semiconductor%20export%20restrictions
search_warm,2,93,1790796343814867923,200,46.971,863,,/api/v1/search/semantic?query=semiconductor%20export%20restrictions
search_warm,2,94,1790796346314912092,200,46.889,863,,/api/v1/search/semantic?query=semiconductor%20export%20restrictions
search_warm,2,95,1790796348814940770,200,46.574,863,,/api/v1/search/semantic?query=semiconductor%20export%20restrictions
search_warm,2,96,1790796351315990156,200,56.881,863,,/api/v1/search/semantic?query=semiconductor%20export%20restrictions
search_warm,2,97,1790796353814477917,200,49.392,863,,/api/v1/search/semantic?query=semiconductor%20export%20restrictions
search_warm,2,98,1790796356315245978,200,63.459,863,,/api/v1/search/semantic?query=semiconductor%20export%20restrictions
search_warm,2,99,1790796358814714847,200,46.617,863,,/api/v1/search/semantic?query=semiconductor%20export%20restrictions
search_warm,2,100,1790796361313879841,200,48.003,863,,/api/v1/search/semantic?query=semiconductor%20export%20restrictions
search_warm,2,101,1790796363814775227,200,45.760,863,,/api/v1/search/semantic?query=semiconductor%20export%20restrictions
search_warm,2,102,1790796366315305780,200,47.140,863,,/api/v1/search/semantic?query=semiconductor%20export%20restrictions
search_warm,2,103,1790796368815300174,200,46.461,863,,/api/v1/search/semantic?query=semiconductor%20export%20restrictions
search_warm,2,104,1790796371315913410,200,47.141,863,,/api/v1/search/semantic?query=semiconductor%20export%20restrictions
search_warm,2,105,1790796373814588263,200,45.292,863,,/api/v1/search/semantic?query=semiconductor%20export%20restrictions
search_warm,2,106,1790796376314147791,200,49.857,863,,/api/v1/search/semantic?query=semiconductor%20export%20restrictions
search_warm,2,107,1790796378815291685,200,101.479,863,,/api/v1/search/semantic?query=semiconductor%20export%20restrictions
search_warm,2,108,1790796381315348046,200,59.040,863,,/api/v1/search/semantic?query=semiconductor%20export%20restrictions
search_warm,2,109,1790796383814409457,200,157.588,863,,/api/v1/search/semantic?query=semiconductor%20export%20restrictions
search_warm,2,110,1790796386314662535,200,71.310,863,,/api/v1/search/semantic?query=semiconductor%20export%20restrictions
search_warm,2,111,1790796388815712838,200,113.143,863,,/api/v1/search/semantic?query=semiconductor%20export%20restrictions
search_warm,2,112,1790796391314938974,200,47.183,863,,/api/v1/search/semantic?query=semiconductor%20export%20restrictions
search_warm,2,113,1790796393815278035,200,50.558,863,,/api/v1/search/semantic?query=semiconductor%20export%20restrictions
search_warm,2,114,1790796396315657521,200,48.420,863,,/api/v1/search/semantic?query=semiconductor%20export%20restrictions
search_warm,2,115,1790796398814899332,200,53.579,863,,/api/v1/search/semantic?query=semiconductor%20export%20restrictions
search_warm,2,116,1790796401316334084,200,69.002,863,,/api/v1/search/semantic?query=semiconductor%20export%20restrictions
search_warm,2,117,1790796403815087679,200,44.884,863,,/api/v1/search/semantic?query=semiconductor%20export%20restrictions
search_warm,2,118,1790796406315283373,200,75.157,863,,/api/v1/search/semantic?query=semiconductor%20export%20restrictions
search_warm,2,119,1790796408814096093,200,47.720,863,,/api/v1/search/semantic?query=semiconductor%20export%20restrictions
search_warm,2,120,1790796411315591620,200,47.902,863,,/api/v1/search/semantic?query=semiconductor%20export%20restrictions
search_warm,2,121,1790796413815299373,200,52.248,863,,/api/v1/search/semantic?query=semiconductor%20export%20restrictions
search_warm,2,122,1790796416314480042,200,48.004,863,,/api/v1/search/semantic?query=semiconductor%20export%20restrictions
search_warm,2,123,1790796418815605145,200,52.852,863,,/api/v1/search/semantic?query=semiconductor%20export%20restrictions
search_warm,2,124,1790796421315055223,200,47.910,863,,/api/v1/search/semantic?query=semiconductor%20export%20restrictions
search_warm,2,125,1790796423815091417,200,55.790,863,,/api/v1/search/semantic?query=semiconductor%20export%20restrictions
search_warm,2,126,1790796426314985253,200,47.829,863,,/api/v1/search/semantic?query=semiconductor%20export%20restrictions
search_warm,2,127,1790796428815062422,200,49.130,863,,/api/v1/search/semantic?query=semiconductor%20export%20restrictions
search_warm,2,128,1790796431314979175,200,51.126,863,,/api/v1/search/semantic?query=semiconductor%20export%20restrictions
search_warm,2,129,1790796433815157178,200,51.329,863,,/api/v1/search/semantic?query=semiconductor%20export%20restrictions
search_warm,2,130,1790796436314646855,200,101.039,863,,/api/v1/search/semantic?query=semiconductor%20export%20restrictions
search_warm,2,131,1790796438814920008,200,50.540,863,,/api/v1/search/semantic?query=semiconductor%20export%20restrictions
search_warm,2,132,1790796441315458536,200,47.323,863,,/api/v1/search/semantic?query=semiconductor%20export%20restrictions
search_warm,2,133,1790796443815668347,200,54.860,863,,/api/v1/search/semantic?query=semiconductor%20export%20restrictions
search_warm,2,134,1790796446315572816,200,46.730,863,,/api/v1/search/semantic?query=semiconductor%20export%20restrictions
search_warm,2,135,1790796448815269660,200,297.178,863,,/api/v1/search/semantic?query=semiconductor%20export%20restrictions
search_warm,2,136,1790796451315240955,200,268.231,863,,/api/v1/search/semantic?query=semiconductor%20export%20restrictions
search_warm,2,137,1790796453814368183,200,70.217,863,,/api/v1/search/semantic?query=semiconductor%20export%20restrictions
search_warm,2,138,1790796456315252385,200,48.337,863,,/api/v1/search/semantic?query=semiconductor%20export%20restrictions
search_warm,2,139,1790796458815228904,200,50.971,863,,/api/v1/search/semantic?query=semiconductor%20export%20restrictions
search_warm,2,140,1790796461314346691,200,46.668,863,,/api/v1/search/semantic?query=semiconductor%20export%20restrictions
search_warm,2,141,1790796463815514785,200,45.718,863,,/api/v1/search/semantic?query=semiconductor%20export%20restrictions
search_warm,2,142,1790796466315086046,200,47.432,863,,/api/v1/search/semantic?query=semiconductor%20export%20restrictions
search_warm,2,143,1790796468815083557,200,46.757,863,,/api/v1/search/semantic?query=semiconductor%20export%20restrictions
search_warm,2,144,1790796471315086935,200,49.227,863,,/api/v1/search/semantic?query=semiconductor%20export%20restrictions
search_warm,2,145,1790796473815612629,200,47.710,863,,/api/v1/search/semantic?query=semiconductor%20export%20restrictions
search_warm,2,146,1790796476315344673,200,56.965,863,,/api/v1/search/semantic?query=semiconductor%20export%20restrictions
search_warm,2,147,1790796478815382609,200,73.336,863,,/api/v1/search/semantic?query=semiconductor%20export%20restrictions
search_warm,2,148,1790796481314855145,200,62.798,863,,/api/v1/search/semantic?query=semiconductor%20export%20restrictions
search_warm,2,149,1790796483814029948,200,48.102,863,,/api/v1/search/semantic?query=semiconductor%20export%20restrictions
search_warm,2,150,1790796486314156984,200,70.794,863,,/api/v1/search/semantic?query=semiconductor%20export%20restrictions
search_warm,2,151,1790796488814965653,200,47.664,863,,/api/v1/search/semantic?query=semiconductor%20export%20restrictions
search_warm,2,152,1790796491315811814,200,49.015,863,,/api/v1/search/semantic?query=semiconductor%20export%20restrictions
search_warm,2,153,1790796493816204409,200,51.288,863,,/api/v1/search/semantic?query=semiconductor%20export%20restrictions
search_warm,2,154,1790796496314877153,200,64.364,863,,/api/v1/search/semantic?query=semiconductor%20export%20restrictions
search_warm,2,155,1790796498815003089,200,49.990,863,,/api/v1/search/semantic?query=semiconductor%20export%20restrictions
search_warm,2,156,1790796501314987583,200,46.712,863,,/api/v1/search/semantic?query=semiconductor%20export%20restrictions
search_warm,2,157,1790796503815837503,200,47.255,863,,/api/v1/search/semantic?query=semiconductor%20export%20restrictions
search_warm,2,158,1790796506314304456,200,64.048,863,,/api/v1/search/semantic?query=semiconductor%20export%20restrictions
search_warm,2,159,1790796508814602633,200,49.248,863,,/api/v1/search/semantic?query=semiconductor%20export%20restrictions
search_warm,2,160,1790796511314287561,200,46.427,863,,/api/v1/search/semantic?query=semiconductor%20export%20restrictions
search_warm,2,161,1790796513815887680,200,46.358,863,,/api/v1/search/semantic?query=semiconductor%20export%20restrictions
search_warm,2,162,1790796516315812225,200,48.647,863,,/api/v1/search/semantic?query=semiconductor%20export%20restrictions
search_warm,2,163,1790796518815235902,200,47.990,863,,/api/v1/search/semantic?query=semiconductor%20export%20restrictions
search_warm,2,164,1790796521315009838,200,46.303,863,,/api/v1/search/semantic?query=semiconductor%20export%20restrictions
search_warm,2,165,1790796523814711083,200,45.992,863,,/api/v1/search/semantic?query=semiconductor%20export%20restrictions
search_warm,2,166,1790796526314566602,200,73.789,863,,/api/v1/search/semantic?query=semiconductor%20export%20restrictions
search_warm,2,167,1790796528815623963,200,48.126,863,,/api/v1/search/semantic?query=semiconductor%20export%20restrictions
search_warm,2,168,1790796531314688491,200,63.733,863,,/api/v1/search/semantic?query=semiconductor%20export%20restrictions
search_warm,2,169,1790796533815496977,200,49.753,863,,/api/v1/search/semantic?query=semiconductor%20export%20restrictions
search_warm,2,170,1790796536313963563,200,71.393,863,,/api/v1/search/semantic?query=semiconductor%20export%20restrictions
search_warm,2,171,1790796538815314715,200,47.911,863,,/api/v1/search/semantic?query=semiconductor%20export%20restrictions
search_warm,2,172,1790796541315605101,200,47.561,863,,/api/v1/search/semantic?query=semiconductor%20export%20restrictions
search_warm,2,173,1790796543815083504,200,46.544,863,,/api/v1/search/semantic?query=semiconductor%20export%20restrictions
search_warm,2,174,1790796546315980448,200,92.637,863,,/api/v1/search/semantic?query=semiconductor%20export%20restrictions
search_warm,2,175,1790796548815224918,200,46.975,863,,/api/v1/search/semantic?query=semiconductor%20export%20restrictions
search_warm,2,176,1790796551313872362,200,69.632,863,,/api/v1/search/semantic?query=semiconductor%20export%20restrictions
search_warm,2,177,1790796553815845931,200,55.200,863,,/api/v1/search/semantic?query=semiconductor%20export%20restrictions
search_warm,2,178,1790796556314916968,200,45.100,863,,/api/v1/search/semantic?query=semiconductor%20export%20restrictions
search_warm,2,179,1790796558815132553,200,48.233,863,,/api/v1/search/semantic?query=semiconductor%20export%20restrictions
search_warm,2,180,1790796561314891731,200,77.227,863,,/api/v1/search/semantic?query=semiconductor%20export%20restrictions
search_warm,2,181,1790796563814925359,200,48.210,863,,/api/v1/search/semantic?query=semiconductor%20export%20restrictions
search_warm,2,182,1790796566315198603,200,47.294,863,,/api/v1/search/semantic?query=semiconductor%20export%20restrictions
search_warm,2,183,1790796568815857397,200,47.052,863,,/api/v1/search/semantic?query=semiconductor%20export%20restrictions
search_warm,2,184,1790796571314656275,200,47.382,863,,/api/v1/search/semantic?query=semiconductor%20export%20restrictions
search_warm,2,185,1790796573815125870,200,47.109,863,,/api/v1/search/semantic?query=semiconductor%20export%20restrictions
search_warm,2,186,1790796576315816564,200,46.316,863,,/api/v1/search/semantic?query=semiconductor%20export%20restrictions
search_warm,2,187,1790796578815017767,200,47.402,863,,/api/v1/search/semantic?query=semiconductor%20export%20restrictions
search_warm,2,188,1790796581315304394,200,76.458,863,,/api/v1/search/semantic?query=semiconductor%20export%20restrictions
search_warm,2,189,1790796583815094005,200,48.369,863,,/api/v1/search/semantic?query=semiconductor%20export%20restrictions
search_warm,2,190,1790796586315793958,200,80.944,863,,/api/v1/search/semantic?query=semiconductor%20export%20restrictions
search_warm,2,191,1790796588815661211,200,46.346,863,,/api/v1/search/semantic?query=semiconductor%20export%20restrictions
search_warm,2,192,1790796591315555872,200,90.339,863,,/api/v1/search/semantic?query=semiconductor%20export%20restrictions
search_warm,2,193,1790796593814760924,200,49.323,863,,/api/v1/search/semantic?query=semiconductor%20export%20restrictions
search_warm,2,194,1790796596315216585,200,48.811,863,,/api/v1/search/semantic?query=semiconductor%20export%20restrictions
search_warm,2,195,1790796598814960088,200,48.712,863,,/api/v1/search/semantic?query=semiconductor%20export%20restrictions
search_warm,2,196,1790796601315435274,200,49.592,863,,/api/v1/search/semantic?query=semiconductor%20export%20restrictions
search_warm,2,197,1790796603815546360,200,47.732,863,,/api/v1/search/semantic?query=semiconductor%20export%20restrictions
search_warm,2,198,1790796606314481546,200,47.726,863,,/api/v1/search/semantic?query=semiconductor%20export%20restrictions
search_warm,2,199,1790796608815423224,200,56.273,863,,/api/v1/search/semantic?query=semiconductor%20export%20restrictions
search_warm,2,200,1790796611315366193,200,46.426,863,,/api/v1/search/semantic?query=semiconductor%20export%20restrictions
search_warm,2,201,1790796613816088971,200,58.764,863,,/api/v1/search/semantic?query=semiconductor%20export%20restrictions
search_warm,2,202,1790796616314603132,200,46.607,863,,/api/v1/search/semantic?query=semiconductor%20export%20restrictions
search_warm,2,203,1790796618813918826,200,48.293,863,,/api/v1/search/semantic?query=semiconductor%20export%20restrictions
search_warm,2,204,1790796621314269254,200,47.862,863,,/api/v1/search/semantic?query=semiconductor%20export%20restrictions
search_warm,2,205,1790796623814420123,200,49.167,863,,/api/v1/search/semantic?query=semiconductor%20export%20restrictions
search_warm,2,206,1790796626314448068,200,48.143,863,,/api/v1/search/semantic?query=semiconductor%20export%20restrictions
search_warm,2,207,1790796628815694720,200,50.737,863,,/api/v1/search/semantic?query=semiconductor%20export%20restrictions
search_warm,2,208,1790796631314610290,200,45.981,863,,/api/v1/search/semantic?query=semiconductor%20export%20restrictions
search_warm,2,209,1790796633815638776,200,47.622,863,,/api/v1/search/semantic?query=semiconductor%20export%20restrictions
search_warm,2,210,1790796636314827695,200,47.839,863,,/api/v1/search/semantic?query=semiconductor%20export%20restrictions
search_warm,2,211,1790796638815697048,200,50.804,863,,/api/v1/search/semantic?query=semiconductor%20export%20restrictions
search_warm,2,212,1790796641314804751,200,61.996,863,,/api/v1/search/semantic?query=semiconductor%20export%20restrictions
search_warm,2,213,1790796643814714903,200,51.362,863,,/api/v1/search/semantic?query=semiconductor%20export%20restrictions
search_warm,2,214,1790796646315218689,200,47.122,863,,/api/v1/search/semantic?query=semiconductor%20export%20restrictions
search_warm,2,215,1790796648814730917,200,70.452,863,,/api/v1/search/semantic?query=semiconductor%20export%20restrictions
search_warm,2,216,1790796651315345620,200,48.080,863,,/api/v1/search/semantic?query=semiconductor%20export%20restrictions
search_warm,2,217,1790796653815454689,200,47.821,863,,/api/v1/search/semantic?query=semiconductor%20export%20restrictions
search_warm,2,218,1790796656315367592,200,49.786,863,,/api/v1/search/semantic?query=semiconductor%20export%20restrictions
search_warm,2,219,1790796658815058111,200,47.804,863,,/api/v1/search/semantic?query=semiconductor%20export%20restrictions
search_warm,2,220,1790796661315581422,200,123.018,863,,/api/v1/search/semantic?query=semiconductor%20export%20restrictions
search_warm,2,221,1790796663815475166,200,46.930,863,,/api/v1/search/semantic?query=semiconductor%20export%20restrictions
search_warm,2,222,1790796666315633644,200,134.175,863,,/api/v1/search/semantic?query=semiconductor%20export%20restrictions
search_warm,2,223,1790796668814796530,200,47.040,863,,/api/v1/search/semantic?query=semiconductor%20export%20restrictions
search_warm,2,224,1790796671315227441,200,48.860,863,,/api/v1/search/semantic?query=semiconductor%20export%20restrictions
search_warm,2,225,1790796673814641769,200,49.739,863,,/api/v1/search/semantic?query=semiconductor%20export%20restrictions
search_warm,2,226,1790796676314731038,200,47.715,863,,/api/v1/search/semantic?query=semiconductor%20export%20restrictions
search_warm,2,227,1790796678815351699,200,46.304,863,,/api/v1/search/semantic?query=semiconductor%20export%20restrictions
search_warm,2,228,1790796681315883260,200,51.472,863,,/api/v1/search/semantic?query=semiconductor%20export%20restrictions
search_warm,2,229,1790796683815181721,200,47.444,863,,/api/v1/search/semantic?query=semiconductor%20export%20restrictions
search_warm,2,230,1790796686315709707,200,46.721,863,,/api/v1/search/semantic?query=semiconductor%20export%20restrictions
search_warm,2,231,1790796688815531035,200,46.783,863,,/api/v1/search/semantic?query=semiconductor%20export%20restrictions
search_warm,2,232,1790796691315500312,200,49.296,863,,/api/v1/search/semantic?query=semiconductor%20export%20restrictions
search_warm,2,233,1790796693815846798,200,48.115,863,,/api/v1/search/semantic?query=semiconductor%20export%20restrictions
search_warm,2,234,1790796696314334376,200,48.292,863,,/api/v1/search/semantic?query=semiconductor%20export%20restrictions
search_warm,2,235,1790796698815972171,200,46.103,863,,/api/v1/search/semantic?query=semiconductor%20export%20restrictions
search_warm,2,236,1790796701315536373,200,114.428,863,,/api/v1/search/semantic?query=semiconductor%20export%20restrictions
search_warm,2,237,1790796703814007451,200,45.965,863,,/api/v1/search/semantic?query=semiconductor%20export%20restrictions
search_warm,2,238,1790796706314822720,200,58.314,863,,/api/v1/search/semantic?query=semiconductor%20export%20restrictions
search_warm,2,239,1790796708814576215,200,49.776,863,,/api/v1/search/semantic?query=semiconductor%20export%20restrictions
search_cold,2,0,1790797103518688359,200,306.661,883,,/api/v1/search/semantic?query=GLP%20lawsuit
search_cold,2,1,1790797106019139987,200,199.467,877,,/api/v1/search/semantic?query=AAPL%20regulatory%20probe
search_cold,2,2,1790797108518182606,200,79.356,739,,/api/v1/search/semantic?query=META%20product%20launch
search_cold,2,3,1790797111019060850,200,71.194,765,,/api/v1/search/semantic?query=DELL%20share%20buyback
search_cold,2,4,1790797113519033703,200,87.369,733,,/api/v1/search/semantic?query=AMD%20share%20buyback
search_cold,2,5,1790797116017601764,200,77.680,740,,/api/v1/search/semantic?query=NKE%20merger%20talks
search_cold,2,6,1790797118519376875,200,71.964,680,,/api/v1/search/semantic?query=ACN%20supply%20chain%20risk
search_cold,2,7,1790797121018254678,200,97.254,768,,/api/v1/search/semantic?query=RBC%20merger%20talks
search_cold,2,8,1790797123519614997,200,90.708,792,,/api/v1/search/semantic?query=MS%20share%20buyback
search_cold,2,9,1790797126018881558,200,106.440,824,,/api/v1/search/semantic?query=COST%20earnings%20guidance
search_cold,2,10,1790797128519194219,200,73.349,721,,/api/v1/search/semantic?query=ARM%20supply%20chain%20risk
search_cold,2,11,1790797131019546755,200,68.466,686,,/api/v1/search/semantic?query=COHR%20analyst%20downgrade
search_cold,2,12,1790797133517680775,200,97.104,671,,/api/v1/search/semantic?query=RMD%20analyst%20downgrade
search_cold,2,13,1790797136018857302,200,87.066,674,,/api/v1/search/semantic?query=GILD%20record%20quarter
search_cold,2,14,1790797138519423055,200,81.813,790,,/api/v1/search/semantic?query=JNJ%20dividend%20increase
search_cold,2,15,1790797141018018249,200,72.032,730,,/api/v1/search/semantic?query=SAP%20dividend%20increase
search_cold,2,16,1790797143518816744,200,115.321,850,,/api/v1/search/semantic?query=AAL%20dividend%20increase
search_cold,2,17,1790797146018254630,200,72.546,710,,/api/v1/search/semantic?query=ACHR%20record%20quarter
search_cold,2,18,1790797148517527332,200,66.370,793,,/api/v1/search/semantic?query=SOFI%20merger%20talks
search_cold,2,19,1790797151017871710,200,76.031,672,,/api/v1/search/semantic?query=MSFT%20analyst%20downgrade
search_cold,2,20,1790797153517953646,200,87.756,754,,/api/v1/search/semantic?query=MRVL%20analyst%20downgrade
search_cold,2,21,1790797156018830424,200,77.639,713,,/api/v1/search/semantic?query=BPOPM%20earnings%20guidance
search_cold,2,22,1790797158519113201,200,92.085,716,,/api/v1/search/semantic?query=HOOD%20layoffs
search_cold,2,23,1790797161018542562,200,75.402,768,,/api/v1/search/semantic?query=WDAY%20lawsuit
search_cold,2,24,1790797163518661898,200,66.441,787,,/api/v1/search/semantic?query=HAPN%20dividend%20increase
search_cold,2,25,1790797166018586534,200,85.681,794,,/api/v1/search/semantic?query=WMT%20share%20buyback
search_cold,2,26,1790797168519143120,200,103.210,734,,/api/v1/search/semantic?query=CRM%20lawsuit
search_cold,2,27,1790797171018512990,200,76.204,812,,/api/v1/search/semantic?query=TXN%20share%20buyback
search_cold,2,28,1790797173518598134,200,99.528,755,,/api/v1/search/semantic?query=DIS%20merger%20talks
search_cold,2,29,1790797176017938670,200,91.775,772,,/api/v1/search/semantic?query=PEP%20revenue%20miss
search_cold,2,30,1790797178518876406,200,71.083,669,,/api/v1/search/semantic?query=LLY%20revenue%20miss
search_cold,2,31,1790797181018010417,200,88.533,813,,/api/v1/search/semantic?query=ABT%20lawsuit
search_cold,2,32,1790797183517613945,200,76.532,762,,/api/v1/search/semantic?query=SNDK%20regulatory%20probe
search_cold,2,33,1790797186019416006,200,100.599,710,,/api/v1/search/semantic?query=QBTS%20record%20quarter
search_cold,2,34,1790797188519337892,200,117.111,731,,/api/v1/search/semantic?query=TJX%20layoffs
search_cold,2,35,1790797191018950128,200,81.508,723,,/api/v1/search/semantic?query=BLK%20record%20quarter
search_cold,2,36,1790797193518552831,200,121.160,733,,/api/v1/search/semantic?query=NKE%20revenue%20miss
search_cold,2,37,1790797196018818008,200,67.691,769,,/api/v1/search/semantic?query=COST%20dividend%20increase
search_cold,2,38,1790797198519075119,200,83.262,698,,/api/v1/search/semantic?query=HPE%20regulatory%20probe
search_cold,2,39,1790797201017895814,200,77.408,674,,/api/v1/search/semantic?query=ARM%20revenue%20miss
search_cold,2,40,1790797203518186933,200,89.609,721,,/api/v1/search/semantic?query=PPLI%20supply%20chain%20risk
search_cold,2,41,1790797206018822811,200,85.431,711,,/api/v1/search/semantic?query=BPOPM%20merger%20talks
search_cold,2,42,1790797208519363630,200,83.420,674,,/api/v1/search/semantic?query=PG%20analyst%20downgrade
search_cold,2,43,1790797211017854324,200,75.632,735,,/api/v1/search/semantic?query=ABT%20supply%20chain%20risk
search_cold,2,44,1790797213519493310,200,66.006,831,,/api/v1/search/semantic?query=LCID%20merger%20talks
search_cold,2,45,1790797216018686171,200,85.479,652,,/api/v1/search/semantic?query=XRP%20regulatory%20probe
search_cold,2,46,1790797218518050907,200,73.904,861,,/api/v1/search/semantic?query=AAL%20share%20buyback
search_cold,2,47,1790797221018809985,200,93.865,817,,/api/v1/search/semantic?query=APP%20product%20launch
search_cold,2,48,1790797223519057471,200,75.353,782,,/api/v1/search/semantic?query=LUNR%20dividend%20increase
search_cold,2,49,1790797226019856332,200,66.500,822,,/api/v1/search/semantic?query=MRVL%20product%20launch
search_cold,2,50,1790797228519765568,200,68.381,774,,/api/v1/search/semantic?query=ABNB%20product%20launch
search_cold,2,51,1790797231018903154,200,70.863,682,,/api/v1/search/semantic?query=XRP%20share%20buyback
search_cold,2,52,1790797233517977398,200,73.309,785,,/api/v1/search/semantic?query=AAL%20revenue%20miss
search_cold,2,53,1790797236018708884,200,79.400,697,,/api/v1/search/semantic?query=HSBC%20revenue%20miss
search_cold,2,54,1790797238518775145,200,79.544,709,,/api/v1/search/semantic?query=PG%20merger%20talks
search_cold,2,55,1790797241018868906,200,88.222,776,,/api/v1/search/semantic?query=ABT%20share%20buyback
search_cold,2,56,1790797243518574001,200,80.727,689,,/api/v1/search/semantic?query=DAL%20earnings%20guidance
search_cold,2,57,1790797246019475803,200,93.138,743,,/api/v1/search/semantic?query=V%20supply%20chain%20risk
search_cold,2,58,1790797248518522731,200,67.627,792,,/api/v1/search/semantic?query=BRK.B%20share%20buyback
search_cold,2,59,1790797251018637392,200,101.610,685,,/api/v1/search/semantic?query=WNRS%20regulatory%20probe
search_cold,2,60,1790797253518238445,200,82.848,820,,/api/v1/search/semantic?query=GOOGN%20share%20buyback
search_cold,2,61,1790797256018789164,200,74.516,849,,/api/v1/search/semantic?query=V%20merger%20talks
search_cold,2,62,1790797258519685100,200,169.001,745,,/api/v1/search/semantic?query=T%20earnings%20guidance
search_cold,2,63,1790797261017642020,200,67.604,764,,/api/v1/search/semantic?query=WBD%20lawsuit
search_cold,2,64,1790797263519322439,200,85.979,749,,/api/v1/search/semantic?query=HPE%20earnings%20guidance
search_cold,2,65,1790797266019402083,200,77.709,602,,/api/v1/search/semantic?query=RTX%20lawsuit
search_cold,2,66,1790797268519478428,200,82.402,801,,/api/v1/search/semantic?query=COO%20merger%20talks
search_cold,2,67,1790797271018088197,200,96.244,741,,/api/v1/search/semantic?query=TSM%20layoffs
search_cold,2,68,1790797273519271050,200,73.783,751,,/api/v1/search/semantic?query=CVX%20share%20buyback
search_cold,2,69,1790797276019786202,200,69.764,731,,/api/v1/search/semantic?query=ABT%20product%20launch
search_cold,2,70,1790797278518103097,200,77.983,744,,/api/v1/search/semantic?query=INTC%20share%20buyback
search_cold,2,71,1790797281019325641,200,76.167,709,,/api/v1/search/semantic?query=PANW%20record%20quarter
search_cold,2,72,1790797283519881035,200,82.270,820,,/api/v1/search/semantic?query=RMD%20dividend%20increase
search_cold,2,73,1790797286018498505,200,75.213,861,,/api/v1/search/semantic?query=SMCIP%20product%20launch
search_cold,2,74,1790797288518723257,200,75.214,679,,/api/v1/search/semantic?query=DIS%20analyst%20downgrade
search_cold,2,75,1790797291019273060,200,85.904,657,,/api/v1/search/semantic?query=JOBY%20revenue%20miss
search_cold,2,76,1790797293519456563,200,78.262,810,,/api/v1/search/semantic?query=META%20supply%20chain%20risk
search_cold,2,77,1790797296018931665,200,112.725,708,,/api/v1/search/semantic?query=PG%20revenue%20miss
search_cold,2,78,1790797298518649502,200,84.736,726,,/api/v1/search/semantic?query=BSQKZ%20layoffs
search_cold,2,79,1790797301019268329,200,78.493,803,,/api/v1/search/semantic?query=T%20share%20buyback
search_cold,2,80,1790797303519024757,200,93.526,733,,/api/v1/search/semantic?query=CRWV%20layoffs
search_cold,2,81,1790797306019906393,200,78.447,769,,/api/v1/search/semantic?query=SMCI%20supply%20chain%20risk
search_cold,2,82,1790797308518651554,200,74.112,797,,/api/v1/search/semantic?query=WBD%20product%20launch
search_cold,2,83,1790797311018801965,200,82.445,708,,/api/v1/search/semantic?query=BAC%20analyst%20downgrade
search_cold,2,84,1790797313519326468,200,79.261,727,,/api/v1/search/semantic?query=PLTR%20record%20quarter
search_cold,2,85,1790797316019394379,200,75.636,840,,/api/v1/search/semantic?query=PFE%20regulatory%20probe
search_cold,2,86,1790797318519047773,200,78.226,722,,/api/v1/search/semantic?query=WDAY%20regulatory%20probe
search_cold,2,87,1790797321018932626,200,73.927,747,,/api/v1/search/semantic?query=META%20revenue%20miss
search_cold,2,88,1790797323518146753,200,74.498,754,,/api/v1/search/semantic?query=F%20lawsuit
search_cold,2,89,1790797326018171489,200,73.639,707,,/api/v1/search/semantic?query=UNH%20record%20quarter
search_cold,2,90,1790797328517806367,200,80.782,711,,/api/v1/search/semantic?query=ADBE%20layoffs
search_cold,2,91,1790797331018339120,200,83.302,830,,/api/v1/search/semantic?query=AAPL%20dividend%20increase
search_cold,2,92,1790797333518297581,200,88.498,787,,/api/v1/search/semantic?query=ABNB%20layoffs
search_cold,2,93,1790797336018426358,200,73.686,712,,/api/v1/search/semantic?query=ISRG%20layoffs
search_cold,2,94,1790797338518029611,200,74.626,755,,/api/v1/search/semantic?query=F%20layoffs
search_cold,2,95,1790797341018359139,200,84.677,772,,/api/v1/search/semantic?query=CVS%20dividend%20increase
search_cold,2,96,1790797343518670883,200,73.938,680,,/api/v1/search/semantic?query=ASML%20merger%20talks
search_cold,2,97,1790797346019383119,200,81.367,841,,/api/v1/search/semantic?query=QBTS%20merger%20talks
search_cold,2,98,1790797348518712838,200,95.002,902,,/api/v1/search/semantic?query=GOOGN%20product%20launch
search_cold,2,99,1790797351018723733,200,119.480,731,,/api/v1/search/semantic?query=IREN%20share%20buyback
search_cold,2,100,1790797353519102944,200,105.145,750,,/api/v1/search/semantic?query=DELL%20dividend%20increase
search_cold,2,101,1790797356018129430,200,63.709,777,,/api/v1/search/semantic?query=RMD%20lawsuit
search_cold,2,102,1790797358518917566,200,74.426,816,,/api/v1/search/semantic?query=NOW%20lawsuit
search_cold,2,103,1790797361017766127,200,74.111,769,,/api/v1/search/semantic?query=IBM%20regulatory%20probe
search_cold,2,104,1790797363518750063,200,67.061,686,,/api/v1/search/semantic?query=MA%20merger%20talks
search_cold,2,105,1790797366018071349,200,68.009,698,,/api/v1/search/semantic?query=COHR%20product%20launch
search_cold,2,106,1790797368519387027,200,78.524,759,,/api/v1/search/semantic?query=HPE%20supply%20chain%20risk
search_cold,2,107,1790797371019743596,200,88.357,839,,/api/v1/search/semantic?query=CRWD%20product%20launch
search_cold,2,108,1790797373518366932,200,80.699,802,,/api/v1/search/semantic?query=CVS%20share%20buyback
search_cold,2,109,1790797376018900235,200,76.530,764,,/api/v1/search/semantic?query=COO%20layoffs
search_cold,2,110,1790797378518411638,200,77.166,673,,/api/v1/search/semantic?query=LUNR%20regulatory%20probe
search_cold,2,111,1790797381018779207,200,83.282,738,,/api/v1/search/semantic?query=HSBC%20supply%20chain%20risk
search_cold,2,112,1790797383519178401,200,76.288,721,,/api/v1/search/semantic?query=ICE%20earnings%20guidance
search_cold,2,113,1790797386018606571,200,78.794,804,,/api/v1/search/semantic?query=UBER%20share%20buyback
search_cold,2,114,1790797388519343465,200,73.374,708,,/api/v1/search/semantic?query=HPE%20layoffs
search_cold,2,115,1790797391018910509,200,104.867,738,,/api/v1/search/semantic?query=QUBT%20supply%20chain%20risk
search_cold,2,116,1790797393517585912,200,104.071,704,,/api/v1/search/semantic?query=DAL%20regulatory%20probe
search_cold,2,117,1790797396018767481,200,102.283,757,,/api/v1/search/semantic?query=LNG%20layoffs
search_cold,2,118,1790797398518201701,200,59.090,762,,/api/v1/search/semantic?query=COIN%20layoffs
search_cold,2,119,1790797401018211312,200,91.404,738,,/api/v1/search/semantic?query=SMCI%20lawsuit
search_cold,2,120,1790797403518852231,200,76.661,827,,/api/v1/search/semantic?query=HD%20dividend%20increase
search_cold,2,121,1790797406018353917,200,84.514,809,,/api/v1/search/semantic?query=QCOM%20dividend%20increase
search_cold,2,122,1790797408518301561,200,79.302,817,,/api/v1/search/semantic?query=MSFT%20earnings%20guidance
search_cold,2,123,1790797411018978047,200,92.239,765,,/api/v1/search/semantic?query=ANET%20revenue%20miss
search_cold,2,124,1790797413517979692,200,81.348,723,,/api/v1/search/semantic?query=TXN%20layoffs
search_cold,2,125,1790797416018049894,200,62.707,733,,/api/v1/search/semantic?query=LMT%20analyst%20downgrade
search_cold,2,126,1790797418518957289,200,81.490,742,,/api/v1/search/semantic?query=UBS%20merger%20talks
search_cold,2,127,1790797421018929591,200,79.002,711,,/api/v1/search/semantic?query=SNPS%20share%20buyback
search_cold,2,128,1790797423519349502,200,63.156,819,,/api/v1/search/semantic?query=PFE%20dividend%20increase
search_cold,2,129,1790797426019508072,200,83.337,835,,/api/v1/search/semantic?query=TXN%20revenue%20miss
search_cold,2,130,1790797428519001600,200,79.581,769,,/api/v1/search/semantic?query=GOOGL%20record%20quarter
search_cold,2,131,1790797431018145144,200,70.809,843,,/api/v1/search/semantic?query=META%20regulatory%20probe
search_cold,2,132,1790797433518873055,200,85.386,792,,/api/v1/search/semantic?query=PLTR%20share%20buyback
search_cold,2,133,1790797436018400683,200,74.865,753,,/api/v1/search/semantic?query=UBER%20supply%20chain%20risk
search_cold,2,134,1790797438519207519,200,115.184,789,,/api/v1/search/semantic?query=OKLO%20layoffs
search_cold,2,135,1790797441019432913,200,69.022,822,,/api/v1/search/semantic?query=LCID%20regulatory%20probe
search_cold,2,136,1790797443519558574,200,93.726,810,,/api/v1/search/semantic?query=ABNB%20merger%20talks
search_cold,2,137,1790797446018322068,200,109.255,699,,/api/v1/search/semantic?query=ETH%20regulatory%20probe
search_cold,2,138,1790797448518936404,200,102.267,719,,/api/v1/search/semantic?query=SNDK%20merger%20talks
search_cold,2,139,1790797451018750949,200,118.345,706,,/api/v1/search/semantic?query=ANET%20record%20quarter
search_cold,2,140,1790797453517873135,200,76.668,664,,/api/v1/search/semantic?query=LUNR%20product%20launch
search_cold,2,141,1790797456018049487,200,109.230,720,,/api/v1/search/semantic?query=SNPS%20merger%20talks
search_cold,2,142,1790797458519445190,200,82.123,723,,/api/v1/search/semantic?query=F%20record%20quarter
search_cold,2,143,1790797461018831193,200,78.760,817,,/api/v1/search/semantic?query=GOOGN%20regulatory%20probe
search_cold,2,144,1790797463518472120,200,76.787,754,,/api/v1/search/semantic?query=MRNA%20analyst%20downgrade
search_cold,2,145,1790797466019377131,200,75.056,777,,/api/v1/search/semantic?query=PPLI%20merger%20talks
search_cold,2,146,1790797468518451284,200,73.606,779,,/api/v1/search/semantic?query=RMD%20record%20quarter
search_cold,2,147,1790797471019382787,200,88.312,717,,/api/v1/search/semantic?query=TSLA%20record%20quarter
search_cold,2,148,1790797473518328423,200,82.589,711,,/api/v1/search/semantic?query=MU%20layoffs
search_cold,2,149,1790797476019038459,200,78.784,761,,/api/v1/search/semantic?query=MCD%20revenue%20miss
search_cold,2,150,1790797478519213803,200,86.973,783,,/api/v1/search/semantic?query=MSFT%20revenue%20miss
search_cold,2,151,1790797481019281256,200,65.085,774,,/api/v1/search/semantic?query=MU%20supply%20chain%20risk
search_cold,2,152,1790797483519728025,200,95.852,768,,/api/v1/search/semantic?query=BAC%20regulatory%20probe
search_cold,2,153,1790797486017611520,200,79.656,713,,/api/v1/search/semantic?query=WDAY%20earnings%20guidance
search_cold,2,154,1790797488519124831,200,69.507,767,,/api/v1/search/semantic?query=QBTS%20share%20buyback
search_cold,2,155,1790797491019055975,200,82.943,725,,/api/v1/search/semantic?query=DDOG%20supply%20chain%20risk
search_cold,2,156,1790797493519271194,200,87.663,775,,/api/v1/search/semantic?query=SPCX%20revenue%20miss
search_cold,2,157,1790797496018679014,200,73.072,757,,/api/v1/search/semantic?query=MA%20regulatory%20probe
search_cold,2,158,1790797498517972983,200,142.813,782,,/api/v1/search/semantic?query=DASH%20merger%20talks
search_cold,2,159,1790797501019141902,200,72.310,803,,/api/v1/search/semantic?query=BX%20share%20buyback
search_cold,2,160,1790797503519604805,200,93.424,865,,/api/v1/search/semantic?query=NKE%20dividend%20increase
search_cold,2,161,1790797506018260866,200,75.194,684,,/api/v1/search/semantic?query=INTU%20lawsuit
search_cold,2,162,1790797508519481760,200,82.561,729,,/api/v1/search/semantic?query=COO%20product%20launch
search_cold,2,163,1790797511017887388,200,77.121,857,,/api/v1/search/semantic?query=IBM%20product%20launch
search_cold,2,164,1790797513519066207,200,125.563,799,,/api/v1/search/semantic?query=LCID%20revenue%20miss
search_cold,2,165,1790797516018756635,200,78.101,745,,/api/v1/search/semantic?query=PARA%20product%20launch
search_cold,2,166,1790797518517690996,200,79.001,716,,/api/v1/search/semantic?query=DIS%20supply%20chain%20risk
search_cold,2,167,1790797521018687490,200,78.093,775,,/api/v1/search/semantic?query=PANW%20layoffs
search_cold,2,168,1790797523518743485,200,83.308,715,,/api/v1/search/semantic?query=AMZN%20analyst%20downgrade
search_cold,2,169,1790797526018514579,200,85.614,789,,/api/v1/search/semantic?query=NOW%20merger%20talks
search_cold,2,170,1790797528518692490,200,97.157,772,,/api/v1/search/semantic?query=PG%20lawsuit
search_cold,2,171,1790797531017997460,200,85.813,699,,/api/v1/search/semantic?query=WNRS%20supply%20chain%20risk
search_cold,2,172,1790797533517913479,200,105.950,815,,/api/v1/search/semantic?query=MCD%20dividend%20increase
search_cold,2,173,1790797536018333390,200,73.382,692,,/api/v1/search/semantic?query=PPLI%20revenue%20miss
search_cold,2,174,1790797538519460326,200,80.451,734,,/api/v1/search/semantic?query=GM%20merger%20talks
search_cold,2,175,1790797541018718087,200,74.812,743,,/api/v1/search/semantic?query=TSM%20record%20quarter
search_cold,2,176,1790797543518743648,200,73.348,838,,/api/v1/search/semantic?query=RDDT%20lawsuit
search_cold,2,177,1790797546018411067,200,81.453,730,,/api/v1/search/semantic?query=QUBT%20revenue%20miss
search_cold,2,178,1790797548518186562,200,77.614,707,,/api/v1/search/semantic?query=CMCSA%20revenue%20miss
search_cold,2,179,1790797551018632048,200,77.470,812,,/api/v1/search/semantic?query=GOOG%20dividend%20increase
search_cold,2,180,1790797553519078175,200,74.980,772,,/api/v1/search/semantic?query=XOM%20merger%20talks
search_cold,2,181,1790797556019160753,200,78.124,680,,/api/v1/search/semantic?query=LRCX%20earnings%20guidance
search_cold,2,182,1790797558519462689,200,75.483,828,,/api/v1/search/semantic?query=CRM%20regulatory%20probe
search_cold,2,183,1790797561018180625,200,88.331,739,,/api/v1/search/semantic?query=NKE%20regulatory%20probe
search_cold,2,184,1790797563518345244,200,78.859,797,,/api/v1/search/semantic?query=WNRS%20merger%20talks
search_cold,2,185,1790797566018722622,200,77.743,749,,/api/v1/search/semantic?query=ASML%20product%20launch
search_cold,2,186,1790797568519325316,200,81.576,695,,/api/v1/search/semantic?query=NVDA%20lawsuit
search_cold,2,187,1790797571019291111,200,82.505,762,,/api/v1/search/semantic?query=RMD%20supply%20chain%20risk
search_cold,2,188,1790797573518616522,200,79.241,821,,/api/v1/search/semantic?query=OKTA%20layoffs
search_cold,2,189,1790797576018752358,200,76.477,727,,/api/v1/search/semantic?query=LLY%20layoffs
search_cold,2,190,1790797578519321777,200,76.529,760,,/api/v1/search/semantic?query=MRVL%20record%20quarter
search_cold,2,191,1790797581019020180,200,75.048,712,,/api/v1/search/semantic?query=CAT%20analyst%20downgrade
search_cold,2,192,1790797583519061966,200,74.910,779,,/api/v1/search/semantic?query=BTC%20regulatory%20probe
search_cold,2,193,1790797586019646052,200,79.646,896,,/api/v1/search/semantic?query=AVGO%20dividend%20increase
search_cold,2,194,1790797588517981463,200,80.273,708,,/api/v1/search/semantic?query=RBC%20layoffs
search_cold,2,195,1790797591019582865,200,66.836,787,,/api/v1/search/semantic?query=GLP%20layoffs
search_cold,2,196,1790797593519545726,200,83.686,741,,/api/v1/search/semantic?query=RBC%20dividend%20increase
search_cold,2,197,1790797596019559096,200,85.570,771,,/api/v1/search/semantic?query=OKLO%20earnings%20guidance
search_cold,2,198,1790797598518691549,200,74.183,672,,/api/v1/search/semantic?query=WBD%20record%20quarter
search_cold,2,199,1790797601018830593,200,77.477,750,,/api/v1/search/semantic?query=AAL%20analyst%20downgrade
search_cold,2,200,1790797603518076987,200,75.487,828,,/api/v1/search/semantic?query=WMT%20dividend%20increase
search_cold,2,201,1790797606018666390,200,77.116,652,,/api/v1/search/semantic?query=XRP%20product%20launch
search_cold,2,202,1790797608519248826,200,78.201,814,,/api/v1/search/semantic?query=COHR%20dividend%20increase
search_cold,2,203,1790797611019499887,200,118.560,744,,/api/v1/search/semantic?query=DELL%20revenue%20miss
search_cold,2,204,1790797613519346606,200,78.337,689,,/api/v1/search/semantic?query=SNPS%20revenue%20miss
search_cold,2,205,1790797616018578609,200,104.444,699,,/api/v1/search/semantic?query=SHOP%20analyst%20downgrade
search_cold,2,206,1790797618517931245,200,78.219,710,,/api/v1/search/semantic?query=DIS%20record%20quarter
search_cold,2,207,1790797621019532281,200,80.000,816,,/api/v1/search/semantic?query=HAPN%20product%20launch
search_cold,2,208,1790797623518331067,200,74.172,684,,/api/v1/search/semantic?query=SNPS%20supply%20chain%20risk
search_cold,2,209,1790797626019569561,200,72.075,828,,/api/v1/search/semantic?query=MSFT%20product%20launch
search_cold,2,210,1790797628519153381,200,74.050,713,,/api/v1/search/semantic?query=ABT%20record%20quarter
search_cold,2,211,1790797631019263917,200,72.659,774,,/api/v1/search/semantic?query=LUNR%20merger%20talks
search_cold,2,212,1790797633518339811,200,89.095,667,,/api/v1/search/semantic?query=SOFI%20regulatory%20probe
search_cold,2,213,1790797636018994205,200,79.350,765,,/api/v1/search/semantic?query=OKLO%20supply%20chain%20risk
search_cold,2,214,1790797638519534383,200,76.072,775,,/api/v1/search/semantic?query=AMD%20lawsuit
search_cold,2,215,1790797641018742002,200,91.508,720,,/api/v1/search/semantic?query=XOM%20analyst%20downgrade
search_cold,2,216,1790797643517915064,200,77.942,812,,/api/v1/search/semantic?query=GOOG%20revenue%20miss
search_cold,2,217,1790797646018222775,200,76.407,747,,/api/v1/search/semantic?query=UPS%20layoffs
search_cold,2,218,1790797648519256760,200,83.354,834,,/api/v1/search/semantic?query=BABA%20merger%20talks
search_cold,2,219,1790797651019041971,200,70.006,702,,/api/v1/search/semantic?query=DELL%20record%20quarter
search_cold,2,220,1790797653519027474,200,93.570,860,,/api/v1/search/semantic?query=CRWV%20product%20launch
search_cold,2,221,1790797656018610194,200,76.714,835,,/api/v1/search/semantic?query=APP%20lawsuit
search_cold,2,222,1790797658518898105,200,83.984,740,,/api/v1/search/semantic?query=OKLO%20lawsuit
search_cold,2,223,1790797661019057224,200,80.468,708,,/api/v1/search/semantic?query=SAP%20layoffs
search_cold,2,224,1790797663519068943,200,90.079,736,,/api/v1/search/semantic?query=COST%20record%20quarter
search_cold,2,225,1790797666017673488,200,79.055,747,,/api/v1/search/semantic?query=NKE%20supply%20chain%20risk
search_cold,2,226,1790797668517958465,200,85.343,693,,/api/v1/search/semantic?query=PYPL%20analyst%20downgrade
search_cold,2,227,1790797671019349218,200,77.094,737,,/api/v1/search/semantic?query=PARA%20layoffs
search_cold,2,228,1790797673519616687,200,72.950,819,,/api/v1/search/semantic?query=ETH%20lawsuit
search_cold,2,229,1790797676018406490,200,80.871,732,,/api/v1/search/semantic?query=BX%20analyst%20downgrade
search_cold,2,230,1790797678519317276,200,78.766,697,,/api/v1/search/semantic?query=ORCL%20layoffs
search_cold,2,231,1790797681017808795,200,79.835,843,,/api/v1/search/semantic?query=CVX%20lawsuit
search_cold,2,232,1790797683517968831,200,74.859,734,,/api/v1/search/semantic?query=BSQKZ%20analyst%20downgrade
search_cold,2,233,1790797686017759359,200,96.096,738,,/api/v1/search/semantic?query=ADBE%20supply%20chain%20risk
search_cold,2,234,1790797688518179087,200,76.981,709,,/api/v1/search/semantic?query=DELL%20regulatory%20probe
search_cold,2,235,1790797691018943298,200,84.917,699,,/api/v1/search/semantic?query=MRK%20layoffs
search_cold,2,236,1790797693518589450,200,81.137,666,,/api/v1/search/semantic?query=BX%20lawsuit
search_cold,2,237,1790797696019645986,200,85.995,706,,/api/v1/search/semantic?query=HSBC%20layoffs
search_cold,2,238,1790797698519149047,200,74.953,740,,/api/v1/search/semantic?query=WMT%20earnings%20guidance
search_cold,2,239,1790797701018977158,200,77.014,792,,/api/v1/search/semantic?query=MSTR%20revenue%20miss
sentiment_warm,3,0,1790798708692865670,200,419.691,6972,,/api/v1/sentiment/NVDA
sentiment_warm,3,1,1790798711192719998,200,50.569,6972,,/api/v1/sentiment/NVDA
sentiment_warm,3,2,1790798713693024409,200,49.301,6972,,/api/v1/sentiment/NVDA
sentiment_warm,3,3,1790798716193534153,200,50.944,6972,,/api/v1/sentiment/NVDA
sentiment_warm,3,4,1790798718691572289,200,49.468,6972,,/api/v1/sentiment/NVDA
sentiment_warm,3,5,1790798721193011992,200,44.798,6972,,/api/v1/sentiment/NVDA
sentiment_warm,3,6,1790798723692521653,200,49.400,6972,,/api/v1/sentiment/NVDA
sentiment_warm,3,7,1790798726192321072,200,50.808,6972,,/api/v1/sentiment/NVDA
sentiment_warm,3,8,1790798728692059992,200,55.416,6972,,/api/v1/sentiment/NVDA
sentiment_warm,3,9,1790798731191977844,200,50.692,6972,,/api/v1/sentiment/NVDA
sentiment_warm,3,10,1790798733692922822,200,58.997,6972,,/api/v1/sentiment/NVDA
sentiment_warm,3,11,1790798736192979733,200,51.577,6972,,/api/v1/sentiment/NVDA
sentiment_warm,3,12,1790798738693241428,200,49.058,6972,,/api/v1/sentiment/NVDA
sentiment_warm,3,13,1790798741192405139,200,56.798,6972,,/api/v1/sentiment/NVDA
sentiment_warm,3,14,1790798743692674166,200,52.316,6972,,/api/v1/sentiment/NVDA
sentiment_warm,3,15,1790798746191602844,200,48.359,6972,,/api/v1/sentiment/NVDA
sentiment_warm,3,16,1790798748692267872,200,54.660,6972,,/api/v1/sentiment/NVDA
sentiment_warm,3,17,1790798751192689066,200,75.841,6972,,/api/v1/sentiment/NVDA
sentiment_warm,3,18,1790798753692159310,200,49.974,6972,,/api/v1/sentiment/NVDA
sentiment_warm,3,19,1790798756193546671,200,92.677,6972,,/api/v1/sentiment/NVDA
sentiment_warm,3,20,1790798758692089341,200,48.470,6972,,/api/v1/sentiment/NVDA
sentiment_warm,3,21,1790798761192703310,200,49.881,6972,,/api/v1/sentiment/NVDA
sentiment_warm,3,22,1790798763693746738,200,49.236,6972,,/api/v1/sentiment/NVDA
sentiment_warm,3,23,1790798766193316990,200,54.980,6972,,/api/v1/sentiment/NVDA
sentiment_warm,3,24,1790798768693252351,200,49.947,6972,,/api/v1/sentiment/NVDA
sentiment_warm,3,25,1790798771191653029,200,48.752,6972,,/api/v1/sentiment/NVDA
sentiment_warm,3,26,1790798773691637707,200,48.251,6972,,/api/v1/sentiment/NVDA
sentiment_warm,3,27,1790798776191861635,200,48.642,6972,,/api/v1/sentiment/NVDA
sentiment_warm,3,28,1790798778692622729,200,49.317,6972,,/api/v1/sentiment/NVDA
sentiment_warm,3,29,1790798781193252740,200,62.968,6972,,/api/v1/sentiment/NVDA
sentiment_warm,3,30,1790798783692326984,200,72.167,6972,,/api/v1/sentiment/NVDA
sentiment_warm,3,31,1790798786192642120,200,61.819,6972,,/api/v1/sentiment/NVDA
sentiment_warm,3,32,1790798788692454281,200,49.595,6972,,/api/v1/sentiment/NVDA
sentiment_warm,3,33,1790798791192965859,200,86.680,6972,,/api/v1/sentiment/NVDA
sentiment_warm,3,34,1790798793692793787,200,51.607,6972,,/api/v1/sentiment/NVDA
sentiment_warm,3,35,1790798796193241656,200,55.640,6972,,/api/v1/sentiment/NVDA
sentiment_warm,3,36,1790798798691623359,200,59.309,6972,,/api/v1/sentiment/NVDA
sentiment_warm,3,37,1790798801192776053,200,61.925,6972,,/api/v1/sentiment/NVDA
sentiment_warm,3,38,1790798803692854689,200,50.067,6972,,/api/v1/sentiment/NVDA
sentiment_warm,3,39,1790798806192363067,200,68.915,6972,,/api/v1/sentiment/NVDA
sentiment_warm,3,40,1790798808693269636,200,52.283,6972,,/api/v1/sentiment/NVDA
sentiment_warm,3,41,1790798811192855014,200,49.268,6972,,/api/v1/sentiment/NVDA
sentiment_warm,3,42,1790798813692917425,200,48.469,6972,,/api/v1/sentiment/NVDA
sentiment_warm,3,43,1790798816192609319,200,53.678,6972,,/api/v1/sentiment/NVDA
sentiment_warm,3,44,1790798818692525338,200,56.952,6972,,/api/v1/sentiment/NVDA
sentiment_warm,3,45,1790798821192614516,200,49.133,6972,,/api/v1/sentiment/NVDA
sentiment_warm,3,46,1790798823692341152,200,60.037,6972,,/api/v1/sentiment/NVDA
sentiment_warm,3,47,1790798826191378363,200,49.585,6972,,/api/v1/sentiment/NVDA
sentiment_warm,3,48,1790798828691594041,200,66.031,6972,,/api/v1/sentiment/NVDA
sentiment_warm,3,49,1790798831192548644,200,48.076,6972,,/api/v1/sentiment/NVDA
sentiment_warm,3,50,1790798833693148771,200,67.257,6972,,/api/v1/sentiment/NVDA
sentiment_warm,3,51,1790798836192009707,200,51.365,6972,,/api/v1/sentiment/NVDA
sentiment_warm,3,52,1790798838693030035,200,71.040,6972,,/api/v1/sentiment/NVDA
sentiment_warm,3,53,1790798841192058446,200,49.268,6972,,/api/v1/sentiment/NVDA
sentiment_warm,3,54,1790798843692363957,200,52.674,6972,,/api/v1/sentiment/NVDA
sentiment_warm,3,55,1790798846192882685,200,50.477,6972,,/api/v1/sentiment/NVDA
sentiment_warm,3,56,1790798848693660829,200,51.337,6972,,/api/v1/sentiment/NVDA
sentiment_warm,3,57,1790798851192710873,200,76.041,6972,,/api/v1/sentiment/NVDA
sentiment_warm,3,58,1790798853692296434,200,47.398,6972,,/api/v1/sentiment/NVDA
sentiment_warm,3,59,1790798856193280370,200,79.547,6972,,/api/v1/sentiment/NVDA
sentiment_warm,3,60,1790798858692614581,200,53.897,6972,,/api/v1/sentiment/NVDA
sentiment_warm,3,61,1790798861193294917,200,90.474,6972,,/api/v1/sentiment/NVDA
sentiment_warm,3,62,1790798863691931087,200,53.174,6972,,/api/v1/sentiment/NVDA
sentiment_warm,3,63,1790798866192965714,200,80.598,6972,,/api/v1/sentiment/NVDA
sentiment_warm,3,64,1790798868692342917,200,52.026,6972,,/api/v1/sentiment/NVDA
sentiment_warm,3,65,1790798871192079912,200,65.212,6972,,/api/v1/sentiment/NVDA
sentiment_warm,3,66,1790798873692658406,200,70.435,6972,,/api/v1/sentiment/NVDA
sentiment_warm,3,67,1790798876192037717,200,50.662,6972,,/api/v1/sentiment/NVDA
sentiment_warm,3,68,1790798878692197386,200,48.723,6972,,/api/v1/sentiment/NVDA
sentiment_warm,3,69,1790798881191895606,200,50.590,6972,,/api/v1/sentiment/NVDA
sentiment_warm,3,70,1790798883693520566,200,95.589,6972,,/api/v1/sentiment/NVDA
sentiment_warm,3,71,1790798886192737536,200,51.942,6972,,/api/v1/sentiment/NVDA
sentiment_warm,3,72,1790798888692788030,200,50.729,6972,,/api/v1/sentiment/NVDA
sentiment_warm,3,73,1790798891193202991,200,50.144,6972,,/api/v1/sentiment/NVDA
sentiment_warm,3,74,1790798893693434069,200,52.294,6972,,/api/v1/sentiment/NVDA
sentiment_warm,3,75,1790798896192772405,200,51.321,6972,,/api/v1/sentiment/NVDA
sentiment_warm,3,76,1790798898691975349,200,48.715,6972,,/api/v1/sentiment/NVDA
sentiment_warm,3,77,1790798901192267569,200,50.853,6972,,/api/v1/sentiment/NVDA
sentiment_warm,3,78,1790798903692384888,200,54.635,6972,,/api/v1/sentiment/NVDA
sentiment_warm,3,79,1790798906193040107,200,49.595,6972,,/api/v1/sentiment/NVDA
sentiment_warm,3,80,1790798908692903418,200,56.561,6972,,/api/v1/sentiment/NVDA
sentiment_warm,3,81,1790798911192202155,200,71.899,6972,,/api/v1/sentiment/NVDA
sentiment_warm,3,82,1790798913692811999,200,67.372,6972,,/api/v1/sentiment/NVDA
sentiment_warm,3,83,1790798916193304510,200,52.314,6972,,/api/v1/sentiment/NVDA
sentiment_warm,3,84,1790798918691867988,200,55.225,6972,,/api/v1/sentiment/NVDA
sentiment_warm,3,85,1790798921192214932,200,74.997,6972,,/api/v1/sentiment/NVDA
sentiment_warm,3,86,1790798923693297409,200,47.083,6972,,/api/v1/sentiment/NVDA
sentiment_warm,3,87,1790798926192124337,200,48.339,6972,,/api/v1/sentiment/NVDA
sentiment_warm,3,88,1790798928692891298,200,49.629,6972,,/api/v1/sentiment/NVDA
sentiment_warm,3,89,1790798931192018526,200,49.490,6972,,/api/v1/sentiment/NVDA
sentiment_warm,3,90,1790798933692838837,200,56.433,6972,,/api/v1/sentiment/NVDA
sentiment_warm,3,91,1790798936191481148,200,49.307,6972,,/api/v1/sentiment/NVDA
sentiment_warm,3,92,1790798938691436034,200,46.594,6972,,/api/v1/sentiment/NVDA
sentiment_warm,3,93,1790798941192468003,200,49.278,6972,,/api/v1/sentiment/NVDA
sentiment_warm,3,94,1790798943693287764,200,46.452,6972,,/api/v1/sentiment/NVDA
sentiment_warm,3,95,1790798946192446250,200,47.740,6972,,/api/v1/sentiment/NVDA
sentiment_warm,3,96,1790798948692521861,200,47.805,6972,,/api/v1/sentiment/NVDA
sentiment_warm,3,97,1790798951192793822,200,48.301,6972,,/api/v1/sentiment/NVDA
sentiment_warm,3,98,1790798953693068258,200,50.932,6972,,/api/v1/sentiment/NVDA
sentiment_warm,3,99,1790798956193239936,200,61.200,6972,,/api/v1/sentiment/NVDA
sentiment_warm,3,100,1790798958693587247,200,67.614,6972,,/api/v1/sentiment/NVDA
sentiment_warm,3,101,1790798961193252833,200,48.732,6972,,/api/v1/sentiment/NVDA
sentiment_warm,3,102,1790798963692249528,200,73.638,6972,,/api/v1/sentiment/NVDA
sentiment_warm,3,103,1790798966192336047,200,145.931,6972,,/api/v1/sentiment/NVDA
sentiment_warm,3,104,1790798968692115025,200,49.003,6972,,/api/v1/sentiment/NVDA
sentiment_warm,3,105,1790798971192458486,200,51.118,6972,,/api/v1/sentiment/NVDA
sentiment_warm,3,106,1790798973692698272,200,48.977,6972,,/api/v1/sentiment/NVDA
sentiment_warm,3,107,1790798976192281449,200,47.058,6972,,/api/v1/sentiment/NVDA
sentiment_warm,3,108,1790798978692620052,200,56.331,6972,,/api/v1/sentiment/NVDA
sentiment_warm,3,109,1790798981192952055,200,49.863,6972,,/api/v1/sentiment/NVDA
sentiment_warm,3,110,1790798983691851583,200,48.543,6972,,/api/v1/sentiment/NVDA
sentiment_warm,3,111,1790798986193548868,200,130.616,6972,,/api/v1/sentiment/NVDA
sentiment_warm,3,112,1790798988693102163,200,50.965,6972,,/api/v1/sentiment/NVDA
sentiment_warm,3,113,1790798991191694882,200,54.888,6972,,/api/v1/sentiment/NVDA
sentiment_warm,3,114,1790798993692514643,200,60.843,6972,,/api/v1/sentiment/NVDA
sentiment_warm,3,115,1790798996193342837,200,57.566,6972,,/api/v1/sentiment/NVDA
sentiment_warm,3,116,1790798998692626540,200,60.267,6972,,/api/v1/sentiment/NVDA
sentiment_warm,3,117,1790799001192149676,200,49.420,6972,,/api/v1/sentiment/NVDA
sentiment_warm,3,118,1790799003692838904,200,47.954,6972,,/api/v1/sentiment/NVDA
sentiment_warm,3,119,1790799006191605515,200,54.011,6972,,/api/v1/sentiment/NVDA
sentiment_warm,3,120,1790799008693278051,200,47.116,6972,,/api/v1/sentiment/NVDA
sentiment_warm,3,121,1790799011192668820,200,50.333,6972,,/api/v1/sentiment/NVDA
sentiment_warm,3,122,1790799013693005956,200,50.074,6972,,/api/v1/sentiment/NVDA
sentiment_warm,3,123,1790799016193161134,200,50.137,6972,,/api/v1/sentiment/NVDA
sentiment_warm,3,124,1790799018692428428,200,56.834,6972,,/api/v1/sentiment/NVDA
sentiment_warm,3,125,1790799021193209506,200,47.558,6972,,/api/v1/sentiment/NVDA
sentiment_warm,3,126,1790799023693172917,200,48.954,6972,,/api/v1/sentiment/NVDA
sentiment_warm,3,127,1790799026192123228,200,50.839,6972,,/api/v1/sentiment/NVDA
sentiment_warm,3,128,1790799028693394172,200,74.871,6972,,/api/v1/sentiment/NVDA
sentiment_warm,3,129,1790799031191842975,200,48.393,6972,,/api/v1/sentiment/NVDA
sentiment_warm,3,130,1790799033692793728,200,72.800,6972,,/api/v1/sentiment/NVDA
sentiment_warm,3,131,1790799036191768881,200,52.732,6972,,/api/v1/sentiment/NVDA
sentiment_warm,3,132,1790799038692842100,200,51.773,6972,,/api/v1/sentiment/NVDA
sentiment_warm,3,133,1790799041191985003,200,50.738,6972,,/api/v1/sentiment/NVDA
sentiment_warm,3,134,1790799043693173813,200,50.947,6972,,/api/v1/sentiment/NVDA
sentiment_warm,3,135,1790799046191840416,200,55.140,6972,,/api/v1/sentiment/NVDA
sentiment_warm,3,136,1790799048692976152,200,79.465,6972,,/api/v1/sentiment/NVDA
sentiment_warm,3,137,1790799051192382780,200,79.548,6972,,/api/v1/sentiment/NVDA
sentiment_warm,3,138,1790799053692553816,200,50.548,6972,,/api/v1/sentiment/NVDA
sentiment_warm,3,139,1790799056191589652,200,50.897,6972,,/api/v1/sentiment/NVDA
sentiment_warm,3,140,1790799058693453405,200,56.314,6972,,/api/v1/sentiment/NVDA
sentiment_warm,3,141,1790799061193012016,200,55.624,6972,,/api/v1/sentiment/NVDA
sentiment_warm,3,142,1790799063693255010,200,65.032,6972,,/api/v1/sentiment/NVDA
sentiment_warm,3,143,1790799066192430638,200,50.376,6972,,/api/v1/sentiment/NVDA
sentiment_warm,3,144,1790799068693095390,200,54.116,6972,,/api/v1/sentiment/NVDA
sentiment_warm,3,145,1790799071192283760,200,50.846,6972,,/api/v1/sentiment/NVDA
sentiment_warm,3,146,1790799073693129829,200,50.470,6972,,/api/v1/sentiment/NVDA
sentiment_warm,3,147,1790799076192294549,200,47.994,6972,,/api/v1/sentiment/NVDA
sentiment_warm,3,148,1790799078691402801,200,52.100,6972,,/api/v1/sentiment/NVDA
sentiment_warm,3,149,1790799081192622687,200,53.201,6972,,/api/v1/sentiment/NVDA
sentiment_warm,3,150,1790799083692309357,200,49.202,6972,,/api/v1/sentiment/NVDA
sentiment_warm,3,151,1790799086193688101,200,58.014,6972,,/api/v1/sentiment/NVDA
sentiment_warm,3,152,1790799088692523829,200,49.143,6972,,/api/v1/sentiment/NVDA
sentiment_warm,3,153,1790799091192873981,200,59.734,6972,,/api/v1/sentiment/NVDA
sentiment_warm,3,154,1790799093693704834,200,49.363,6972,,/api/v1/sentiment/NVDA
sentiment_warm,3,155,1790799096193248595,200,49.951,6972,,/api/v1/sentiment/NVDA
sentiment_warm,3,156,1790799098691616548,200,48.734,6972,,/api/v1/sentiment/NVDA
sentiment_warm,3,157,1790799101192225659,200,47.580,6972,,/api/v1/sentiment/NVDA
sentiment_warm,3,158,1790799103691874286,200,48.656,6972,,/api/v1/sentiment/NVDA
sentiment_warm,3,159,1790799106192777281,200,52.965,6972,,/api/v1/sentiment/NVDA
sentiment_warm,3,160,1790799108692883142,200,48.181,6972,,/api/v1/sentiment/NVDA
sentiment_warm,3,161,1790799111192741044,200,50.547,6972,,/api/v1/sentiment/NVDA
sentiment_warm,3,162,1790799113691881289,200,73.447,6972,,/api/v1/sentiment/NVDA
sentiment_warm,3,163,1790799116193383416,200,50.271,6972,,/api/v1/sentiment/NVDA
sentiment_warm,3,164,1790799118692859711,200,80.560,6972,,/api/v1/sentiment/NVDA
sentiment_warm,3,165,1790799121191943213,200,52.187,6972,,/api/v1/sentiment/NVDA
sentiment_warm,3,166,1790799123692725666,200,48.944,6972,,/api/v1/sentiment/NVDA
sentiment_warm,3,167,1790799126192264752,200,52.186,6972,,/api/v1/sentiment/NVDA
sentiment_warm,3,168,1790799128691677796,200,55.705,6972,,/api/v1/sentiment/NVDA
sentiment_warm,3,169,1790799131193442182,200,48.823,6972,,/api/v1/sentiment/NVDA
sentiment_warm,3,170,1790799133692599843,200,59.969,6972,,/api/v1/sentiment/NVDA
sentiment_warm,3,171,1790799136193333804,200,72.238,6972,,/api/v1/sentiment/NVDA
sentiment_warm,3,172,1790799138691724857,200,49.891,6972,,/api/v1/sentiment/NVDA
sentiment_warm,3,173,1790799141191421977,200,50.915,6972,,/api/v1/sentiment/NVDA
sentiment_warm,3,174,1790799143693339079,200,49.312,6972,,/api/v1/sentiment/NVDA
sentiment_warm,3,175,1790799146193635057,200,84.920,6972,,/api/v1/sentiment/NVDA
sentiment_warm,3,176,1790799148692378293,200,49.306,6972,,/api/v1/sentiment/NVDA
sentiment_warm,3,177,1790799151192637696,200,50.224,6972,,/api/v1/sentiment/NVDA
sentiment_warm,3,178,1790799153692319598,200,48.469,6972,,/api/v1/sentiment/NVDA
sentiment_warm,3,179,1790799156192817518,200,51.607,6972,,/api/v1/sentiment/NVDA
sentiment_warm,3,180,1790799158691588804,200,51.129,6972,,/api/v1/sentiment/NVDA
sentiment_warm,3,181,1790799161192841231,200,243.624,6972,,/api/v1/sentiment/NVDA
sentiment_warm,3,182,1790799163691701434,200,48.312,6972,,/api/v1/sentiment/NVDA
sentiment_warm,3,183,1790799166191763478,200,50.959,6972,,/api/v1/sentiment/NVDA
sentiment_warm,3,184,1790799168692669498,200,51.311,6972,,/api/v1/sentiment/NVDA
sentiment_warm,3,185,1790799171193152109,200,56.771,6972,,/api/v1/sentiment/NVDA
sentiment_warm,3,186,1790799173693065195,200,99.052,6972,,/api/v1/sentiment/NVDA
sentiment_warm,3,187,1790799176192830606,200,47.937,6972,,/api/v1/sentiment/NVDA
sentiment_warm,3,188,1790799178691837750,200,67.255,6972,,/api/v1/sentiment/NVDA
sentiment_warm,3,189,1790799181193313386,200,48.965,6972,,/api/v1/sentiment/NVDA
sentiment_warm,3,190,1790799183693320339,200,68.972,6972,,/api/v1/sentiment/NVDA
sentiment_warm,3,191,1790799186193117100,200,47.391,6972,,/api/v1/sentiment/NVDA
sentiment_warm,3,192,1790799188692820544,200,97.319,6972,,/api/v1/sentiment/NVDA
sentiment_warm,3,193,1790799191193125689,200,50.772,6972,,/api/v1/sentiment/NVDA
sentiment_warm,3,194,1790799193692494916,200,59.663,6972,,/api/v1/sentiment/NVDA
sentiment_warm,3,195,1790799196193114294,200,50.466,6972,,/api/v1/sentiment/NVDA
sentiment_warm,3,196,1790799198693279830,200,51.348,6972,,/api/v1/sentiment/NVDA
sentiment_warm,3,197,1790799201192292016,200,51.230,6972,,/api/v1/sentiment/NVDA
sentiment_warm,3,198,1790799203692004444,200,75.390,6972,,/api/v1/sentiment/NVDA
sentiment_warm,3,199,1790799206193541955,200,50.972,6972,,/api/v1/sentiment/NVDA
sentiment_warm,3,200,1790799208692351374,200,49.543,6972,,/api/v1/sentiment/NVDA
sentiment_warm,3,201,1790799211193203768,200,51.573,6972,,/api/v1/sentiment/NVDA
sentiment_warm,3,202,1790799213692058288,200,56.324,6972,,/api/v1/sentiment/NVDA
sentiment_warm,3,203,1790799216191724699,200,48.321,6972,,/api/v1/sentiment/NVDA
sentiment_warm,3,204,1790799218692324093,200,126.909,6972,,/api/v1/sentiment/NVDA
sentiment_warm,3,205,1790799221193003237,200,65.877,6972,,/api/v1/sentiment/NVDA
sentiment_warm,3,206,1790799223692148248,200,69.963,6972,,/api/v1/sentiment/NVDA
sentiment_warm,3,207,1790799226192970209,200,102.498,6972,,/api/v1/sentiment/NVDA
sentiment_warm,3,208,1790799228691881196,200,49.365,6972,,/api/v1/sentiment/NVDA
sentiment_warm,3,209,1790799231193381856,200,48.972,6972,,/api/v1/sentiment/NVDA
sentiment_warm,3,210,1790799233693044601,200,66.954,6972,,/api/v1/sentiment/NVDA
sentiment_warm,3,211,1790799236193045962,200,60.785,6972,,/api/v1/sentiment/NVDA
sentiment_warm,3,212,1790799238692364131,200,49.669,6972,,/api/v1/sentiment/NVDA
sentiment_warm,3,213,1790799241192944550,200,48.678,6972,,/api/v1/sentiment/NVDA
sentiment_warm,3,214,1790799243693245203,200,50.054,6972,,/api/v1/sentiment/NVDA
sentiment_warm,3,215,1790799246192608931,200,51.247,6972,,/api/v1/sentiment/NVDA
sentiment_warm,3,216,1790799248692405967,200,48.350,6972,,/api/v1/sentiment/NVDA
sentiment_warm,3,217,1790799251192280920,200,46.296,6972,,/api/v1/sentiment/NVDA
sentiment_warm,3,218,1790799253691888297,200,52.511,6972,,/api/v1/sentiment/NVDA
sentiment_warm,3,219,1790799256192884333,200,55.260,6972,,/api/v1/sentiment/NVDA
sentiment_warm,3,220,1790799258692363836,200,72.920,6972,,/api/v1/sentiment/NVDA
sentiment_warm,3,221,1790799261193304964,200,62.653,6972,,/api/v1/sentiment/NVDA
sentiment_warm,3,222,1790799263692763841,200,113.244,6972,,/api/v1/sentiment/NVDA
sentiment_warm,3,223,1790799266193067244,200,50.110,6972,,/api/v1/sentiment/NVDA
sentiment_warm,3,224,1790799268692230863,200,47.524,6972,,/api/v1/sentiment/NVDA
sentiment_warm,3,225,1790799271192352216,200,48.847,6972,,/api/v1/sentiment/NVDA
sentiment_warm,3,226,1790799273692382727,200,47.756,6972,,/api/v1/sentiment/NVDA
sentiment_warm,3,227,1790799276191814655,200,77.066,6972,,/api/v1/sentiment/NVDA
sentiment_warm,3,228,1790799278692072866,200,50.250,6972,,/api/v1/sentiment/NVDA
sentiment_warm,3,229,1790799281192681243,200,55.084,6972,,/api/v1/sentiment/NVDA
sentiment_warm,3,230,1790799283692770238,200,51.326,6972,,/api/v1/sentiment/NVDA
sentiment_warm,3,231,1790799286192370832,200,49.633,6972,,/api/v1/sentiment/NVDA
sentiment_warm,3,232,1790799288692524451,200,52.963,6972,,/api/v1/sentiment/NVDA
sentiment_warm,3,233,1790799291192682287,200,49.436,6972,,/api/v1/sentiment/NVDA
sentiment_warm,3,234,1790799293692388024,200,48.217,6972,,/api/v1/sentiment/NVDA
sentiment_warm,3,235,1790799296192805276,200,49.913,6972,,/api/v1/sentiment/NVDA
sentiment_warm,3,236,1790799298691775204,200,49.044,6972,,/api/v1/sentiment/NVDA
sentiment_warm,3,237,1790799301193127365,200,47.565,6972,,/api/v1/sentiment/NVDA
sentiment_warm,3,238,1790799303692054576,200,64.412,6972,,/api/v1/sentiment/NVDA
sentiment_warm,3,239,1790799306192623445,200,63.221,6972,,/api/v1/sentiment/NVDA
sentiment_cold,3,0,1790799700907237052,200,330.841,6972,,/api/v1/sentiment/NVDA
sentiment_cold,3,1,1790799703407749730,200,120.124,6534,,/api/v1/sentiment/AAPL
sentiment_cold,3,2,1790799705907929841,200,118.136,6619,,/api/v1/sentiment/META
sentiment_cold,3,3,1790799708407340319,200,112.874,6879,,/api/v1/sentiment/MU
sentiment_cold,3,4,1790799710907907996,200,115.417,6577,,/api/v1/sentiment/AMZN
sentiment_cold,3,5,1790799713407201691,200,116.937,6713,,/api/v1/sentiment/TSLA
sentiment_cold,3,6,1790799715906039893,200,111.197,6512,,/api/v1/sentiment/MSFT
sentiment_cold,3,7,1790799718407691713,200,104.481,6500,,/api/v1/sentiment/AMD
sentiment_cold,3,8,1790799720908095399,200,113.378,6344,,/api/v1/sentiment/GOOGL
sentiment_cold,3,9,1790799723406577660,200,116.988,6755,,/api/v1/sentiment/GOOGN
sentiment_cold,3,10,1790799725906832021,200,112.576,6537,,/api/v1/sentiment/INTC
sentiment_cold,3,11,1790799728406158532,200,101.821,6633,,/api/v1/sentiment/PLTR
sentiment_cold,3,12,1790799730908012843,200,136.955,6503,,/api/v1/sentiment/AVGO
sentiment_cold,3,13,1790799733407695112,200,108.248,6412,,/api/v1/sentiment/ORCL
sentiment_cold,3,14,1790799735908104298,200,104.051,6395,,/api/v1/sentiment/XRP
sentiment_cold,3,15,1790799738407480676,200,115.344,6568,,/api/v1/sentiment/JPM
sentiment_cold,3,16,1790799740907441612,200,113.729,6459,,/api/v1/sentiment/NFLX
sentiment_cold,3,17,1790799743407902131,200,119.755,6599,,/api/v1/sentiment/WMT
sentiment_cold,3,18,1790799745907412067,200,116.304,6767,,/api/v1/sentiment/TSM
sentiment_cold,3,19,1790799748407307645,200,101.547,6360,,/api/v1/sentiment/MS
sentiment_cold,3,20,1790799750907781273,200,105.727,6708,,/api/v1/sentiment/GS
sentiment_cold,3,21,1790799753407605350,200,109.583,6363,,/api/v1/sentiment/IBM
sentiment_cold,3,22,1790799755908188886,200,117.070,6442,,/api/v1/sentiment/MRVL
sentiment_cold,3,23,1790799758407412089,200,111.730,6611,,/api/v1/sentiment/CRM
sentiment_cold,3,24,1790799760907858858,200,116.775,6506,,/api/v1/sentiment/LLY
sentiment_cold,3,25,1790799763407814844,200,89.292,6325,,/api/v1/sentiment/BAC
sentiment_cold,3,26,1790799765906560464,200,98.169,6645,,/api/v1/sentiment/CRWD
sentiment_cold,3,27,1790799768406909333,200,97.113,6284,,/api/v1/sentiment/UBER
sentiment_cold,3,28,1790799770906884844,200,108.811,6558,,/api/v1/sentiment/COIN
sentiment_cold,3,29,1790799773407258372,200,101.313,6439,,/api/v1/sentiment/BA
sentiment_cold,3,30,1790799775907021399,200,94.554,6414,,/api/v1/sentiment/COST
sentiment_cold,3,31,1790799778406708802,200,109.882,6260,,/api/v1/sentiment/CVX
sentiment_cold,3,32,1790799780907004596,200,160.746,6134,,/api/v1/sentiment/F
sentiment_cold,3,33,1790799783406681824,200,143.033,7577,,/api/v1/sentiment/IRS
sentiment_cold,3,34,1790799785907661910,200,114.461,6238,,/api/v1/sentiment/V
sentiment_cold,3,35,1790799788408091263,200,125.283,6890,,/api/v1/sentiment/BRK.B
sentiment_cold,3,36,1790799790907443441,200,108.524,6397,,/api/v1/sentiment/PYPL
sentiment_cold,3,37,1790799793407974910,200,115.477,6544,,/api/v1/sentiment/BABA
sentiment_cold,3,38,1790799795906243496,200,117.654,6696,,/api/v1/sentiment/PPLI
sentiment_cold,3,39,1790799798407869924,200,122.284,6479,,/api/v1/sentiment/NKE
sentiment_cold,3,40,1790799800907170035,200,120.520,6367,,/api/v1/sentiment/ASML
sentiment_cold,3,41,1790799803406727637,200,124.301,6310,,/api/v1/sentiment/XOM
sentiment_cold,3,42,1790799805908113623,200,132.200,6162,,/api/v1/sentiment/ADBE
sentiment_cold,3,43,1790799808406883351,200,113.379,6497,,/api/v1/sentiment/BLK
sentiment_cold,3,44,1790799810906881504,200,99.210,6712,,/api/v1/sentiment/SPCX
sentiment_cold,3,45,1790799813407157498,200,88.423,6341,,/api/v1/sentiment/UBS
sentiment_cold,3,46,1790799815906979467,200,116.532,6583,,/api/v1/sentiment/ARM
sentiment_cold,3,47,1790799818407569695,200,143.974,6548,,/api/v1/sentiment/RDDT
sentiment_cold,3,48,1790799820907772631,200,119.682,6712,,/api/v1/sentiment/MRNA
sentiment_cold,3,49,1790799823406719825,200,111.933,6600,,/api/v1/sentiment/AMAT
sentiment_cold,3,50,1790799825907359645,200,118.308,6632,,/api/v1/sentiment/NOW
sentiment_cold,3,51,1790799828407786706,200,100.182,6477,,/api/v1/sentiment/QCOM
sentiment_cold,3,52,1790799830906818142,200,106.430,6418,,/api/v1/sentiment/RIVN
sentiment_cold,3,53,1790799833406894670,200,136.331,6325,,/api/v1/sentiment/WFC
sentiment_cold,3,54,1790799835907997497,200,115.143,6554,,/api/v1/sentiment/CAT
sentiment_cold,3,55,1790799838407229408,200,104.026,6481,,/api/v1/sentiment/BTC
sentiment_cold,3,56,1790799840906881336,200,111.717,6388,,/api/v1/sentiment/SNOW
sentiment_cold,3,57,1790799843406899655,200,113.004,6590,,/api/v1/sentiment/DIS
sentiment_cold,3,58,1790799845907794400,200,111.013,6410,,/api/v1/sentiment/JNJ
sentiment_cold,3,59,1790799848407915202,200,95.189,6259,,/api/v1/sentiment/PANW
sentiment_cold,3,60,1790799850906449255,200,110.665,6037,,/api/v1/sentiment/LNG
sentiment_cold,3,61,1790799853407284416,200,139.586,6856,,/api/v1/sentiment/PARA
sentiment_cold,3,62,1790799855906178535,200,83.076,6281,,/api/v1/sentiment/HD
sentiment_cold,3,63,1790799858408048521,200,113.866,6436,,/api/v1/sentiment/IREN
sentiment_cold,3,64,1790799860907512441,200,122.681,6423,,/api/v1/sentiment/PEP
sentiment_cold,3,65,1790799863407968285,200,113.485,6308,,/api/v1/sentiment/SOFI
sentiment_cold,3,66,1790799865907531571,200,109.134,6900,,/api/v1/sentiment/WBD
sentiment_cold,3,67,1790799868407503324,200,130.573,6390,,/api/v1/sentiment/BPOPM
sentiment_cold,3,68,1790799870907576001,200,99.919,7110,,/api/v1/sentiment/HAPN
sentiment_cold,3,69,1790799873407524196,200,112.564,6554,,/api/v1/sentiment/PFE
sentiment_cold,3,70,1790799875907947223,200,82.988,6511,,/api/v1/sentiment/SHOP
sentiment_cold,3,71,1790799878407664601,200,113.270,6403,,/api/v1/sentiment/T
sentiment_cold,3,72,1790799880906172804,200,114.706,6782,,/api/v1/sentiment/QUBT
sentiment_cold,3,73,1790799883407934257,200,96.812,6411,,/api/v1/sentiment/ACHR
sentiment_cold,3,74,1790799885906483068,200,118.555,6703,,/api/v1/sentiment/MA
sentiment_cold,3,75,1790799888407588829,200,107.065,6108,,/api/v1/sentiment/OKLO
sentiment_cold,3,76,1790799890907779940,200,121.567,6376,,/api/v1/sentiment/WNRS
sentiment_cold,3,77,1790799893406019192,200,111.045,6456,,/api/v1/sentiment/CSCO
sentiment_cold,3,78,1790799895907352653,200,121.711,6597,,/api/v1/sentiment/ISRG
sentiment_cold,3,79,1790799898407171873,200,109.104,6433,,/api/v1/sentiment/UNH
sentiment_cold,3,80,1790799900907173600,200,130.237,6350,,/api/v1/sentiment/INTU
sentiment_cold,3,81,1790799903406195870,200,110.951,6174,,/api/v1/sentiment/LCID
sentiment_cold,3,82,1790799905907162206,200,116.043,6717,,/api/v1/sentiment/LMT
sentiment_cold,3,83,1790799908406069892,200,113.534,6744,,/api/v1/sentiment/QQQ
sentiment_cold,3,84,1790799910907348353,200,120.564,6367,,/api/v1/sentiment/APP
sentiment_cold,3,85,1790799913407866072,200,95.094,6507,,/api/v1/sentiment/DELL
sentiment_cold,3,86,1790799915906464933,200,119.506,6690,,/api/v1/sentiment/HPE
sentiment_cold,3,87,1790799918407893361,200,137.401,6487,,/api/v1/sentiment/SMCI
sentiment_cold,3,88,1790799920907133247,200,112.189,6515,,/api/v1/sentiment/ABBV
sentiment_cold,3,89,1790799923406694150,200,142.512,6642,,/api/v1/sentiment/BX
sentiment_cold,3,90,1790799925907273194,200,115.823,6555,,/api/v1/sentiment/USA
sentiment_cold,3,91,1790799928406483013,200,91.752,6490,,/api/v1/sentiment/ACN
sentiment_cold,3,92,1790799930906324233,200,105.404,6462,,/api/v1/sentiment/DDOG
sentiment_cold,3,93,1790799933407796385,200,112.350,6330,,/api/v1/sentiment/AMC
sentiment_cold,3,94,1790799935907125188,200,131.083,6212,,/api/v1/sentiment/BSQKZ
sentiment_cold,3,95,1790799938407490099,200,100.936,6506,,/api/v1/sentiment/GM
sentiment_cold,3,96,1790799940906197677,200,95.309,6450,,/api/v1/sentiment/MCD
sentiment_cold,3,97,1790799943407352938,200,119.533,6647,,/api/v1/sentiment/NET
sentiment_cold,3,98,1790799945908021265,200,143.760,6674,,/api/v1/sentiment/SNDK
sentiment_cold,3,99,1790799948406935918,200,124.692,6494,,/api/v1/sentiment/WDAY
sentiment_cold,3,100,1790799950907535221,200,140.755,6455,,/api/v1/sentiment/ABNB
sentiment_cold,3,101,1790799953406555565,200,125.913,6225,,/api/v1/sentiment/KKR
sentiment_cold,3,102,1790799955907495226,200,109.809,6414,,/api/v1/sentiment/RTX
sentiment_cold,3,103,1790799958407523720,200,98.887,6515,,/api/v1/sentiment/ANET
sentiment_cold,3,104,1790799960906717040,200,167.374,6197,,/api/v1/sentiment/CHWY
sentiment_cold,3,105,1790799963406293801,200,113.086,6487,,/api/v1/sentiment/LRCX
sentiment_cold,3,106,1790799965907458778,200,111.211,6366,,/api/v1/sentiment/MRK
sentiment_cold,3,107,1790799968407840556,200,86.868,6475,,/api/v1/sentiment/ABT
sentiment_cold,3,108,1790799970907767667,200,117.068,6435,,/api/v1/sentiment/COO
sentiment_cold,3,109,1790799973407153487,200,119.915,6447,,/api/v1/sentiment/ETH
sentiment_cold,3,110,1790799975906245973,200,115.096,6405,,/api/v1/sentiment/GLP
sentiment_cold,3,111,1790799978406592825,200,101.668,6481,,/api/v1/sentiment/NBIS
sentiment_cold,3,112,1790799980907508836,200,119.294,6240,,/api/v1/sentiment/UPS
sentiment_cold,3,113,1790799983406160314,200,127.076,6797,,/api/v1/sentiment/MSTR
sentiment_cold,3,114,1790799985907154608,200,124.619,6239,,/api/v1/sentiment/OKTA
sentiment_cold,3,115,1790799988407640153,200,127.716,6116,,/api/v1/sentiment/RBC
sentiment_cold,3,116,1790799990906928805,200,110.173,6280,,/api/v1/sentiment/SNPS
sentiment_cold,3,117,1790799993406202516,200,104.577,6067,,/api/v1/sentiment/CVS
sentiment_cold,3,118,1790799995906928777,200,109.506,6219,,/api/v1/sentiment/JOBY
sentiment_cold,3,119,1790799998407741663,200,105.504,6617,,/api/v1/sentiment/COHR
sentiment_cold,3,120,1790800000907689491,200,109.603,6526,,/api/v1/sentiment/HOOD
sentiment_cold,3,121,1790800003406897019,200,118.420,6207,,/api/v1/sentiment/HSBC
sentiment_cold,3,122,1790800005906265605,200,114.862,6619,,/api/v1/sentiment/ICE
sentiment_cold,3,123,1790800008407781299,200,110.084,6564,,/api/v1/sentiment/AXP
sentiment_cold,3,124,1790800010906710802,200,123.506,6422,,/api/v1/sentiment/CMCSA
sentiment_cold,3,125,1790800013406208180,200,130.185,6193,,/api/v1/sentiment/HUT
sentiment_cold,3,126,1790800015908524215,200,168.861,6978,,/api/v1/sentiment/RMD
sentiment_cold,3,127,1790800018407099427,200,126.237,6662,,/api/v1/sentiment/AAL
sentiment_cold,3,128,1790800020906238571,200,117.792,6546,,/api/v1/sentiment/PG
sentiment_cold,3,129,1790800023408254032,200,129.962,6422,,/api/v1/sentiment/SMCIP
sentiment_cold,3,130,1790800025907000660,200,125.284,6662,,/api/v1/sentiment/TXN
sentiment_cold,3,131,1790800028407433954,200,119.143,6591,,/api/v1/sentiment/CRWV
sentiment_cold,3,132,1790800030908076707,200,130.906,6444,,/api/v1/sentiment/GOOG
sentiment_cold,3,133,1790800033408090718,200,110.914,6430,,/api/v1/sentiment/QBTS
sentiment_cold,3,134,1790800035906574995,200,113.475,6343,,/api/v1/sentiment/SAP
sentiment_cold,3,135,1790800038407875273,200,104.936,6201,,/api/v1/sentiment/TJX
sentiment_cold,3,136,1790800040907769109,200,119.062,6306,,/api/v1/sentiment/VST
sentiment_cold,3,137,1790800043407589978,200,89.330,6388,,/api/v1/sentiment/DASH
sentiment_cold,3,138,1790800045906922081,200,122.005,6585,,/api/v1/sentiment/LUNR
sentiment_cold,3,139,1790800048406257209,200,89.265,6483,,/api/v1/sentiment/DAL
sentiment_cold,3,140,1790800050907685087,200,119.536,6501,,/api/v1/sentiment/GILD
sentiment_cold,3,141,1790800053407960072,200,111.141,6972,,/api/v1/sentiment/NVDA
sentiment_cold,3,142,1790800055907887825,200,121.357,6534,,/api/v1/sentiment/AAPL
sentiment_cold,3,143,1790800058408206536,200,82.214,6619,,/api/v1/sentiment/META
sentiment_cold,3,144,1790800060907774222,200,117.501,6879,,/api/v1/sentiment/MU
sentiment_cold,3,145,1790800063406129892,200,113.281,6577,,/api/v1/sentiment/AMZN
sentiment_cold,3,146,1790800065906868711,200,120.728,6713,,/api/v1/sentiment/TSLA
sentiment_cold,3,147,1790800068406762914,200,110.589,6512,,/api/v1/sentiment/MSFT
sentiment_cold,3,148,1790800070906073566,200,109.271,6500,,/api/v1/sentiment/AMD
sentiment_cold,3,149,1790800073407540586,200,103.188,6344,,/api/v1/sentiment/GOOGL
sentiment_cold,3,150,1790800075907645438,200,111.093,6755,,/api/v1/sentiment/GOOGN
sentiment_cold,3,151,1790800078406245216,200,117.689,6537,,/api/v1/sentiment/INTC
sentiment_cold,3,152,1790800080907330260,200,147.126,6633,,/api/v1/sentiment/PLTR
sentiment_cold,3,153,1790800083407480946,200,121.419,6503,,/api/v1/sentiment/AVGO
sentiment_cold,3,154,1790800085908156057,200,108.207,6412,,/api/v1/sentiment/ORCL
sentiment_cold,3,155,1790800088406738785,200,106.551,6395,,/api/v1/sentiment/XRP
sentiment_cold,3,156,1790800090907246880,200,118.410,6568,,/api/v1/sentiment/JPM
sentiment_cold,3,157,1790800093407097174,200,116.021,6459,,/api/v1/sentiment/NFLX
sentiment_cold,3,158,1790800095907535051,200,134.240,6599,,/api/v1/sentiment/WMT
sentiment_cold,3,159,1790800098407724513,200,96.956,6767,,/api/v1/sentiment/TSM
sentiment_cold,3,160,1790800100906681332,200,112.219,6360,,/api/v1/sentiment/MS
sentiment_cold,3,161,1790800103408004618,200,104.423,6708,,/api/v1/sentiment/GS
sentiment_cold,3,162,1790800105907682762,200,114.354,6363,,/api/v1/sentiment/IBM
sentiment_cold,3,163,1790800108406949323,200,126.301,6442,,/api/v1/sentiment/MRVL
sentiment_cold,3,164,1790800110906758184,200,131.189,6611,,/api/v1/sentiment/CRM
sentiment_cold,3,165,1790800113407810595,200,133.030,6506,,/api/v1/sentiment/LLY
sentiment_cold,3,166,1790800115907407431,200,111.959,6325,,/api/v1/sentiment/BAC
sentiment_cold,3,167,1790800118406416042,200,117.318,6645,,/api/v1/sentiment/CRWD
sentiment_cold,3,168,1790800120907578637,200,116.025,6284,,/api/v1/sentiment/UBER
sentiment_cold,3,169,1790800123407660939,200,128.185,6558,,/api/v1/sentiment/COIN
sentiment_cold,3,170,1790800125906767359,200,118.038,6439,,/api/v1/sentiment/BA
sentiment_cold,3,171,1790800128407728012,200,100.327,6414,,/api/v1/sentiment/COST
sentiment_cold,3,172,1790800130907214389,200,111.369,6260,,/api/v1/sentiment/CVX
sentiment_cold,3,173,1790800133407203925,200,102.380,6134,,/api/v1/sentiment/F
sentiment_cold,3,174,1790800135906181645,200,187.032,7577,,/api/v1/sentiment/IRS
sentiment_cold,3,175,1790800138407033214,200,112.115,6238,,/api/v1/sentiment/V
sentiment_cold,3,176,1790800140906368617,200,97.726,6890,,/api/v1/sentiment/BRK.B
sentiment_cold,3,177,1790800143406644336,200,115.385,6397,,/api/v1/sentiment/PYPL
sentiment_cold,3,178,1790800145906099089,200,165.385,6544,,/api/v1/sentiment/BABA
sentiment_cold,3,179,1790800148406385258,200,126.009,6696,,/api/v1/sentiment/PPLI
sentiment_cold,3,180,1790800150907483594,200,114.553,6479,,/api/v1/sentiment/NKE
sentiment_cold,3,181,1790800153406550872,200,116.025,6367,,/api/v1/sentiment/ASML
sentiment_cold,3,182,1790800155907513083,200,121.437,6310,,/api/v1/sentiment/XOM
sentiment_cold,3,183,1790800158406211127,200,126.943,6162,,/api/v1/sentiment/ADBE
sentiment_cold,3,184,1790800160907281505,200,101.489,6497,,/api/v1/sentiment/BLK
sentiment_cold,3,185,1790800163407870907,200,123.968,6712,,/api/v1/sentiment/SPCX
sentiment_cold,3,186,1790800165908161569,200,98.832,6341,,/api/v1/sentiment/UBS
sentiment_cold,3,187,1790800168406508163,200,102.264,6583,,/api/v1/sentiment/ARM
sentiment_cold,3,188,1790800170906905432,200,118.095,6548,,/api/v1/sentiment/RDDT
sentiment_cold,3,189,1790800173408038052,200,88.687,6712,,/api/v1/sentiment/MRNA
sentiment_cold,3,190,1790800175907761846,200,127.415,6600,,/api/v1/sentiment/AMAT
sentiment_cold,3,191,1790800178407192674,200,118.894,6632,,/api/v1/sentiment/NOW
sentiment_cold,3,192,1790800180907810860,200,134.528,6477,,/api/v1/sentiment/QCOM
sentiment_cold,3,193,1790800183407069537,200,92.928,6418,,/api/v1/sentiment/RIVN
sentiment_cold,3,194,1790800185908212607,200,140.980,6325,,/api/v1/sentiment/WFC
sentiment_cold,3,195,1790800188406576434,200,120.123,6554,,/api/v1/sentiment/CAT
sentiment_cold,3,196,1790800190907665787,200,115.140,6481,,/api/v1/sentiment/BTC
sentiment_cold,3,197,1790800193406513248,200,110.250,6388,,/api/v1/sentiment/SNOW
sentiment_cold,3,198,1790800195907200459,200,125.901,6590,,/api/v1/sentiment/DIS
sentiment_cold,3,199,1790800198406169653,200,136.002,6410,,/api/v1/sentiment/JNJ
sentiment_cold,3,200,1790800200906335465,200,91.060,6259,,/api/v1/sentiment/PANW
sentiment_cold,3,201,1790800203406808542,200,98.320,6037,,/api/v1/sentiment/LNG
sentiment_cold,3,202,1790800205906153295,200,126.166,6856,,/api/v1/sentiment/PARA
sentiment_cold,3,203,1790800208407224498,200,87.073,6281,,/api/v1/sentiment/HD
sentiment_cold,3,204,1790800210907306709,200,106.151,6436,,/api/v1/sentiment/IREN
sentiment_cold,3,205,1790800213407374161,200,204.633,6423,,/api/v1/sentiment/PEP
sentiment_cold,3,206,1790800215906979522,200,109.038,6308,,/api/v1/sentiment/SOFI
sentiment_cold,3,207,1790800218407884075,200,162.869,6900,,/api/v1/sentiment/WBD
sentiment_cold,3,208,1790800220906359461,200,119.791,6390,,/api/v1/sentiment/BPOPM
sentiment_cold,3,209,1790800223406097280,200,128.254,7110,,/api/v1/sentiment/HAPN
sentiment_cold,3,210,1790800225906131916,200,117.221,6554,,/api/v1/sentiment/PFE
sentiment_cold,3,211,1790800228408008319,200,121.345,6511,,/api/v1/sentiment/SHOP
sentiment_cold,3,212,1790800230906530547,200,147.557,6403,,/api/v1/sentiment/T
sentiment_cold,3,213,1790800233406820016,200,104.867,6782,,/api/v1/sentiment/QUBT
sentiment_cold,3,214,1790800235906626310,200,122.184,6411,,/api/v1/sentiment/ACHR
sentiment_cold,3,215,1790800238407807696,200,93.767,6703,,/api/v1/sentiment/MA
sentiment_cold,3,216,1790800240907659091,200,120.935,6108,,/api/v1/sentiment/OKLO
sentiment_cold,3,217,1790800243406057019,200,146.861,6376,,/api/v1/sentiment/WNRS
sentiment_cold,3,218,1790800245907609654,200,118.876,6456,,/api/v1/sentiment/CSCO
sentiment_cold,3,219,1790800248407104191,200,119.186,6597,,/api/v1/sentiment/ISRG
sentiment_cold,3,220,1790800250906753185,200,128.633,6433,,/api/v1/sentiment/UNH
sentiment_cold,3,221,1790800253407618871,200,117.528,6350,,/api/v1/sentiment/INTU
sentiment_cold,3,222,1790800255906864165,200,117.276,6174,,/api/v1/sentiment/LCID
sentiment_cold,3,223,1790800258406128068,200,158.806,6717,,/api/v1/sentiment/LMT
sentiment_cold,3,224,1790800260907912071,200,113.875,6744,,/api/v1/sentiment/QQQ
sentiment_cold,3,225,1790800263407741557,200,124.384,6367,,/api/v1/sentiment/APP
sentiment_cold,3,226,1790800265906971909,200,87.131,6507,,/api/v1/sentiment/DELL
sentiment_cold,3,227,1790800268407578454,200,172.367,6690,,/api/v1/sentiment/HPE
sentiment_cold,3,228,1790800270907581281,200,113.719,6487,,/api/v1/sentiment/SMCI
sentiment_cold,3,229,1790800273407332392,200,119.006,6515,,/api/v1/sentiment/ABBV
sentiment_cold,3,230,1790800275906524153,200,120.038,6642,,/api/v1/sentiment/BX
sentiment_cold,3,231,1790800278407623039,200,123.747,6555,,/api/v1/sentiment/USA
sentiment_cold,3,232,1790800280907152409,200,95.466,6490,,/api/v1/sentiment/ACN
sentiment_cold,3,233,1790800283407710553,200,116.183,6462,,/api/v1/sentiment/DDOG
sentiment_cold,3,234,1790800285906413272,200,133.165,6330,,/api/v1/sentiment/AMC
sentiment_cold,3,235,1790800288407338542,200,109.965,6212,,/api/v1/sentiment/BSQKZ
sentiment_cold,3,236,1790800290906954994,200,114.454,6506,,/api/v1/sentiment/GM
sentiment_cold,3,237,1790800293406730764,200,133.512,6450,,/api/v1/sentiment/MCD
sentiment_cold,3,238,1790800295907954866,200,123.047,6647,,/api/v1/sentiment/NET
sentiment_cold,3,239,1790800298406903619,200,124.764,6674,,/api/v1/sentiment/SNDK
search_warm,3,0,1790800696118825884,200,353.062,863,,/api/v1/search/semantic?query=semiconductor%20export%20restrictions
search_warm,3,1,1790800698618058895,200,56.319,863,,/api/v1/search/semantic?query=semiconductor%20export%20restrictions
search_warm,3,2,1790800701117704681,200,63.171,863,,/api/v1/search/semantic?query=semiconductor%20export%20restrictions
search_warm,3,3,1790800703618270067,200,54.493,863,,/api/v1/search/semantic?query=semiconductor%20export%20restrictions
search_warm,3,4,1790800706118342653,200,70.964,863,,/api/v1/search/semantic?query=semiconductor%20export%20restrictions
search_warm,3,5,1790800708619417064,200,54.575,863,,/api/v1/search/semantic?query=semiconductor%20export%20restrictions
search_warm,3,6,1790800711118972467,200,77.522,863,,/api/v1/search/semantic?query=semiconductor%20export%20restrictions
search_warm,3,7,1790800713618075678,200,65.504,863,,/api/v1/search/semantic?query=semiconductor%20export%20restrictions
search_warm,3,8,1790800716118085930,200,56.195,863,,/api/v1/search/semantic?query=semiconductor%20export%20restrictions
search_warm,3,9,1790800718617983616,200,73.755,863,,/api/v1/search/semantic?query=semiconductor%20export%20restrictions
search_warm,3,10,1790800721117996527,200,59.697,863,,/api/v1/search/semantic?query=semiconductor%20export%20restrictions
search_warm,3,11,1790800723617970755,200,57.295,863,,/api/v1/search/semantic?query=semiconductor%20export%20restrictions
search_warm,3,12,1790800726118194224,200,54.073,863,,/api/v1/search/semantic?query=semiconductor%20export%20restrictions
search_warm,3,13,1790800728619553444,200,67.985,863,,/api/v1/search/semantic?query=semiconductor%20export%20restrictions
search_warm,3,14,1790800731118765280,200,81.375,863,,/api/v1/search/semantic?query=semiconductor%20export%20restrictions
search_warm,3,15,1790800733617994166,200,54.920,863,,/api/v1/search/semantic?query=semiconductor%20export%20restrictions
search_warm,3,16,1790800736118317643,200,54.517,863,,/api/v1/search/semantic?query=semiconductor%20export%20restrictions
search_warm,3,17,1790800738617812363,200,54.457,863,,/api/v1/search/semantic?query=semiconductor%20export%20restrictions
search_warm,3,18,1790800741118752757,200,55.725,863,,/api/v1/search/semantic?query=semiconductor%20export%20restrictions
search_warm,3,19,1790800743618924893,200,57.553,863,,/api/v1/search/semantic?query=semiconductor%20export%20restrictions
search_warm,3,20,1790800746118161388,200,58.934,863,,/api/v1/search/semantic?query=semiconductor%20export%20restrictions
search_warm,3,21,1790800748618105732,200,65.679,863,,/api/v1/search/semantic?query=semiconductor%20export%20restrictions
search_warm,3,22,1790800751119588334,200,65.164,863,,/api/v1/search/semantic?query=semiconductor%20export%20restrictions
search_warm,3,23,1790800753617990204,200,71.873,863,,/api/v1/search/semantic?query=semiconductor%20export%20restrictions
search_warm,3,24,1790800756118764590,200,54.945,863,,/api/v1/search/semantic?query=semiconductor%20export%20restrictions
search_warm,3,25,1790800758617729751,200,55.871,863,,/api/v1/search/semantic?query=semiconductor%20export%20restrictions
search_warm,3,26,1790800761118986120,200,55.716,863,,/api/v1/search/semantic?query=semiconductor%20export%20restrictions
search_warm,3,27,1790800763618750798,200,53.432,863,,/api/v1/search/semantic?query=semiconductor%20export%20restrictions
search_warm,3,28,1790800766117998567,200,57.349,863,,/api/v1/search/semantic?query=semiconductor%20export%20restrictions
search_warm,3,29,1790800768619491437,200,81.028,863,,/api/v1/search/semantic?query=semiconductor%20export%20restrictions
search_warm,3,30,1790800771118242281,200,56.554,863,,/api/v1/search/semantic?query=semiconductor%20export%20restrictions
search_warm,3,31,1790800773618269950,200,56.162,863,,/api/v1/search/semantic?query=semiconductor%20export%20restrictions
search_warm,3,32,1790800776118794636,200,53.895,863,,/api/v1/search/semantic?query=semiconductor%20export%20restrictions
search_warm,3,33,1790800778618704239,200,104.653,863,,/api/v1/search/semantic?query=semiconductor%20export%20restrictions
search_warm,3,34,1790800781119599442,200,54.511,863,,/api/v1/search/semantic?query=semiconductor%20export%20restrictions
search_warm,3,35,1790800783618942544,200,53.691,863,,/api/v1/search/semantic?query=semiconductor%20export%20restrictions
search_warm,3,36,1790800786118918880,200,57.209,863,,/api/v1/search/semantic?query=semiconductor%20export%20restrictions
search_warm,3,37,1790800788617990192,200,53.875,863,,/api/v1/search/semantic?query=semiconductor%20export%20restrictions
search_warm,3,38,1790800791118961936,200,63.590,863,,/api/v1/search/semantic?query=semiconductor%20export%20restrictions
search_warm,3,39,1790800793618767864,200,54.933,863,,/api/v1/search/semantic?query=semiconductor%20export%20restrictions
search_warm,3,40,1790800796118924508,200,70.465,863,,/api/v1/search/semantic?query=semiconductor%20export%20restrictions
search_warm,3,41,1790800798618908727,200,76.662,863,,/api/v1/search/semantic?query=semiconductor%20export%20restrictions
search_warm,3,42,1790800801119078022,200,60.600,863,,/api/v1/search/semantic?query=semiconductor%20export%20restrictions
search_warm,3,43,1790800803618135583,200,86.238,863,,/api/v1/search/semantic?query=semiconductor%20export%20restrictions
search_warm,3,44,1790800806118467494,200,56.338,863,,/api/v1/search/semantic?query=semiconductor%20export%20restrictions
search_warm,3,45,1790800808618016205,200,55.151,863,,/api/v1/search/semantic?query=semiconductor%20export%20restrictions
search_warm,3,46,1790800811117892441,200,56.084,863,,/api/v1/search/semantic?query=semiconductor%20export%20restrictions
search_warm,3,47,1790800813617850443,200,61.852,863,,/api/v1/search/semantic?query=semiconductor%20export%20restrictions
search_warm,3,48,1790800816118419221,200,60.599,863,,/api/v1/search/semantic?query=semiconductor%20export%20restrictions
search_warm,3,49,1790800818617700265,200,71.164,863,,/api/v1/search/semantic?query=semiconductor%20export%20restrictions
search_warm,3,50,1790800821118803460,200,56.490,863,,/api/v1/search/semantic?query=semiconductor%20export%20restrictions
search_warm,3,51,1790800823618925271,200,55.256,863,,/api/v1/search/semantic?query=semiconductor%20export%20restrictions
search_warm,3,52,1790800826119276798,200,54.993,863,,/api/v1/search/semantic?query=semiconductor%20export%20restrictions
search_warm,3,53,1790800828618051934,200,57.305,863,,/api/v1/search/semantic?query=semiconductor%20export%20restrictions
search_warm,3,54,1790800831118928345,200,63.448,863,,/api/v1/search/semantic?query=semiconductor%20export%20restrictions
search_warm,3,55,1790800833619335423,200,55.389,863,,/api/v1/search/semantic?query=semiconductor%20export%20restrictions
search_warm,3,56,1790800836118045201,200,72.308,863,,/api/v1/search/semantic?query=semiconductor%20export%20restrictions
search_warm,3,57,1790800838618615445,200,58.138,863,,/api/v1/search/semantic?query=semiconductor%20export%20restrictions
search_warm,3,58,1790800841119011706,200,75.579,863,,/api/v1/search/semantic?query=semiconductor%20export%20restrictions
search_warm,3,59,1790800843618137834,200,55.595,863,,/api/v1/search/semantic?query=semiconductor%20export%20restrictions
search_warm,3,60,1790800846117984095,200,78.658,863,,/api/v1/search/semantic?query=semiconductor%20export%20restrictions
search_warm,3,61,1790800848618118464,200,56.927,863,,/api/v1/search/semantic?query=semiconductor%20export%20restrictions
search_warm,3,62,1790800851118323234,200,86.986,863,,/api/v1/search/semantic?query=semiconductor%20export%20restrictions
search_warm,3,63,1790800853619006319,200,59.331,863,,/api/v1/search/semantic?query=semiconductor%20export%20restrictions
search_warm,3,64,1790800856118846806,200,57.287,863,,/api/v1/search/semantic?query=semiconductor%20export%20restrictions
search_warm,3,65,1790800858619339317,200,57.309,863,,/api/v1/search/semantic?query=semiconductor%20export%20restrictions
search_warm,3,66,1790800861117881894,200,59.298,863,,/api/v1/search/semantic?query=semiconductor%20export%20restrictions
search_warm,3,67,1790800863618294930,200,73.482,863,,/api/v1/search/semantic?query=semiconductor%20export%20restrictions
search_warm,3,68,1790800866118845008,200,56.088,863,,/api/v1/search/semantic?query=semiconductor%20export%20restrictions
search_warm,3,69,1790800868619195527,200,79.791,863,,/api/v1/search/semantic?query=semiconductor%20export%20restrictions
search_warm,3,70,1790800871118386097,200,58.216,863,,/api/v1/search/semantic?query=semiconductor%20export%20restrictions
search_warm,3,71,1790800873619563633,200,56.746,863,,/api/v1/search/semantic?query=semiconductor%20export%20restrictions
search_warm,3,72,1790800876118044702,200,57.601,863,,/api/v1/search/semantic?query=semiconductor%20export%20restrictions
search_warm,3,73,1790800878617539330,200,73.828,863,,/api/v1/search/semantic?query=semiconductor%20export%20restrictions
search_warm,3,74,1790800881118723924,200,59.658,863,,/api/v1/search/semantic?query=semiconductor%20export%20restrictions
search_warm,3,75,1790800883618015419,200,55.334,863,,/api/v1/search/semantic?query=semiconductor%20export%20restrictions
search_warm,3,76,1790800886119106971,200,79.408,863,,/api/v1/search/semantic?query=semiconductor%20export%20restrictions
search_warm,3,77,1790800888619062590,200,55.989,863,,/api/v1/search/semantic?query=semiconductor%20export%20restrictions
search_warm,3,78,1790800891118928285,200,53.418,863,,/api/v1/search/semantic?query=semiconductor%20export%20restrictions
search_warm,3,79,1790800893617593146,200,59.266,863,,/api/v1/search/semantic?query=semiconductor%20export%20restrictions
search_warm,3,80,1790800896119018732,200,56.652,863,,/api/v1/search/semantic?query=semiconductor%20export%20restrictions
search_warm,3,81,1790800898618920543,200,57.800,863,,/api/v1/search/semantic?query=semiconductor%20export%20restrictions
search_warm,3,82,1790800901119600145,200,74.348,863,,/api/v1/search/semantic?query=semiconductor%20export%20restrictions
search_warm,3,83,1790800903618130348,200,164.837,863,,/api/v1/search/semantic?query=semiconductor%20export%20restrictions
search_warm,3,84,1790800906118032893,200,107.538,863,,/api/v1/search/semantic?query=semiconductor%20export%20restrictions
search_warm,3,85,1790800908618162770,200,56.041,863,,/api/v1/search/semantic?query=semiconductor%20export%20restrictions
search_warm,3,86,1790800911118395681,200,59.090,863,,/api/v1/search/semantic?query=semiconductor%20export%20restrictions
search_warm,3,87,1790800913618009292,200,55.048,863,,/api/v1/search/semantic?query=semiconductor%20export%20restrictions
search_warm,3,88,1790800916118931353,200,60.616,863,,/api/v1/search/semantic?query=semiconductor%20export%20restrictions
search_warm,3,89,1790800918619143823,200,72.550,863,,/api/v1/search/semantic?query=semiconductor%20export%20restrictions
search_warm,3,90,1790800921119603792,200,57.141,863,,/api/v1/search/semantic?query=semiconductor%20export%20restrictions
search_warm,3,91,1790800923617647795,200,60.973,863,,/api/v1/search/semantic?query=semiconductor%20export%20restrictions
search_warm,3,92,1790800926117979156,200,63.055,863,,/api/v1/search/semantic?query=semiconductor%20export%20restrictions
search_warm,3,93,1790800928619872058,200,54.636,863,,/api/v1/search/semantic?query=semiconductor%20export%20restrictions
search_warm,3,94,1790800931118988286,200,98.427,863,,/api/v1/search/semantic?query=semiconductor%20export%20restrictions
search_warm,3,95,1790800933619333764,200,55.015,863,,/api/v1/search/semantic?query=semiconductor%20export%20restrictions
search_warm,3,96,1790800936118283891,200,58.204,863,,/api/v1/search/semantic?query=semiconductor%20export%20restrictions
search_warm,3,97,1790800938618090461,200,57.602,863,,/api/v1/search/semantic?query=semiconductor%20export%20restrictions
search_warm,3,98,1790800941117982464,200,56.897,863,,/api/v1/search/semantic?query=semiconductor%20export%20restrictions
search_warm,3,99,1790800943618947974,200,63.524,863,,/api/v1/search/semantic?query=semiconductor%20export%20restrictions
search_warm,3,100,1790800946117959794,200,56.918,863,,/api/v1/search/semantic?query=semiconductor%20export%20restrictions
search_warm,3,101,1790800948619060788,200,58.592,863,,/api/v1/search/semantic?query=semiconductor%20export%20restrictions
search_warm,3,102,1790800951118059866,200,56.040,863,,/api/v1/search/semantic?query=semiconductor%20export%20restrictions
search_warm,3,103,1790800953618854510,200,54.956,863,,/api/v1/search/semantic?query=semiconductor%20export%20restrictions
search_warm,3,104,1790800956119197421,200,54.368,863,,/api/v1/search/semantic?query=semiconductor%20export%20restrictions
search_warm,3,105,1790800958618061199,200,57.083,863,,/api/v1/search/semantic?query=semiconductor%20export%20restrictions
search_warm,3,106,1790800961118354885,200,56.986,863,,/api/v1/search/semantic?query=semiconductor%20export%20restrictions
search_warm,3,107,1790800963618896346,200,55.169,863,,/api/v1/search/semantic?query=semiconductor%20export%20restrictions
search_warm,3,108,1790800966118461007,200,60.683,863,,/api/v1/search/semantic?query=semiconductor%20export%20restrictions
search_warm,3,109,1790800968619072043,200,72.382,863,,/api/v1/search/semantic?query=semiconductor%20export%20restrictions
search_warm,3,110,1790800971119220437,200,56.674,863,,/api/v1/search/semantic?query=semiconductor%20export%20restrictions
search_warm,3,111,1790800973617485724,200,84.755,863,,/api/v1/search/semantic?query=semiconductor%20export%20restrictions
search_warm,3,112,1790800976117979793,200,80.381,863,,/api/v1/search/semantic?query=semiconductor%20export%20restrictions
search_warm,3,113,1790800978618402912,200,124.092,863,,/api/v1/search/semantic?query=semiconductor%20export%20restrictions
search_warm,3,114,1790800981118023031,200,56.695,863,,/api/v1/search/semantic?query=semiconductor%20export%20restrictions
search_warm,3,115,1790800983617608409,200,58.195,863,,/api/v1/search/semantic?query=semiconductor%20export%20restrictions
search_warm,3,116,1790800986119206237,200,56.539,863,,/api/v1/search/semantic?query=semiconductor%20export%20restrictions
search_warm,3,117,1790800988618097240,200,56.450,863,,/api/v1/search/semantic?query=semiconductor%20export%20restrictions
search_warm,3,118,1790800991119625950,200,56.035,863,,/api/v1/search/semantic?query=semiconductor%20export%20restrictions
search_warm,3,119,1790800993618169628,200,76.077,863,,/api/v1/search/semantic?query=semiconductor%20export%20restrictions
search_warm,3,120,1790800996119348173,200,57.124,863,,/api/v1/search/semantic?query=semiconductor%20export%20restrictions
search_warm,3,121,1790800998619586767,200,61.667,863,,/api/v1/search/semantic?query=semiconductor%20export%20restrictions
search_warm,3,122,1790801001118478503,200,54.152,863,,/api/v1/search/semantic?query=semiconductor%20export%20restrictions
search_warm,3,123,1790801003618514606,200,57.432,863,,/api/v1/search/semantic?query=semiconductor%20export%20restrictions
search_warm,3,124,1790801006118248850,200,53.296,863,,/api/v1/search/semantic?query=semiconductor%20export%20restrictions
search_warm,3,125,1790801008619994261,200,56.753,863,,/api/v1/search/semantic?query=semiconductor%20export%20restrictions
search_warm,3,126,1790801011117985464,200,53.851,863,,/api/v1/search/semantic?query=semiconductor%20export%20restrictions
search_warm,3,127,1790801013617671950,200,76.784,863,,/api/v1/search/semantic?query=semiconductor%20export%20restrictions
search_warm,3,128,1790801016118198102,200,75.396,863,,/api/v1/search/semantic?query=semiconductor%20export%20restrictions
search_warm,3,129,1790801018618237505,200,57.483,863,,/api/v1/search/semantic?query=semiconductor%20export%20restrictions
search_warm,3,130,1790801021118037016,200,55.606,863,,/api/v1/search/semantic?query=semiconductor%20export%20restrictions
search_warm,3,131,1790801023617985210,200,59.903,863,,/api/v1/search/semantic?query=semiconductor%20export%20restrictions
search_warm,3,132,1790801026119350663,200,54.393,863,,/api/v1/search/semantic?query=semiconductor%20export%20restrictions
search_warm,3,133,1790801028619189316,200,60.846,863,,/api/v1/search/semantic?query=semiconductor%20export%20restrictions
search_warm,3,134,1790801031119062252,200,80.177,863,,/api/v1/search/semantic?query=semiconductor%20export%20restrictions
search_warm,3,135,1790801033618257954,200,55.811,863,,/api/v1/search/semantic?query=semiconductor%20export%20restrictions
search_warm,3,136,1790801036118209632,200,60.851,863,,/api/v1/search/semantic?query=semiconductor%20export%20restrictions
search_warm,3,137,1790801038618294868,200,169.029,863,,/api/v1/search/semantic?query=semiconductor%20export%20restrictions
search_warm,3,138,1790801041119483679,200,77.833,863,,/api/v1/search/semantic?query=semiconductor%20export%20restrictions
search_warm,3,139,1790801043618253774,200,56.429,863,,/api/v1/search/semantic?query=semiconductor%20export%20restrictions
search_warm,3,140,1790801046118188493,200,56.980,863,,/api/v1/search/semantic?query=semiconductor%20export%20restrictions
search_warm,3,141,1790801048619209371,200,57.052,863,,/api/v1/search/semantic?query=semiconductor%20export%20restrictions
search_warm,3,142,1790801051119338973,200,58.315,863,,/api/v1/search/semantic?query=semiconductor%20export%20restrictions
search_warm,3,143,1790801053617728284,200,69.984,863,,/api/v1/search/semantic?query=semiconductor%20export%20restrictions
search_warm,3,144,1790801056118505695,200,54.906,863,,/api/v1/search/semantic?query=semiconductor%20export%20restrictions
search_warm,3,145,1790801058618025165,200,54.076,863,,/api/v1/search/semantic?query=semiconductor%20export%20restrictions
search_warm,3,146,1790801061119060984,200,57.911,863,,/api/v1/search/semantic?query=semiconductor%20export%20restrictions
search_warm,3,147,1790801063619533603,200,75.163,863,,/api/v1/search/semantic?query=semiconductor%20export%20restrictions
search_warm,3,148,1790801066118622514,200,59.631,863,,/api/v1/search/semantic?query=semiconductor%20export%20restrictions
search_warm,3,149,1790801068619529450,200,81.773,863,,/api/v1/search/semantic?query=semiconductor%20export%20restrictions
search_warm,3,150,1790801071117994753,200,57.522,863,,/api/v1/search/semantic?query=semiconductor%20export%20restrictions
search_warm,3,151,1790801073617623214,200,55.851,863,,/api/v1/search/semantic?query=semiconductor%20export%20restrictions
search_warm,3,152,1790801076118525017,200,61.187,863,,/api/v1/search/semantic?query=semiconductor%20export%20restrictions
search_warm,3,153,1790801078618191611,200,55.035,863,,/api/v1/search/semantic?query=semiconductor%20export%20restrictions
search_warm,3,154,1790801081117676064,200,59.117,863,,/api/v1/search/semantic?query=semiconductor%20export%20restrictions
search_warm,3,155,1790801083618456500,200,57.080,863,,/api/v1/search/semantic?query=semiconductor%20export%20restrictions
search_warm,3,156,1790801086118086519,200,56.219,863,,/api/v1/search/semantic?query=semiconductor%20export%20restrictions
search_warm,3,157,1790801088618856414,200,56.878,863,,/api/v1/search/semantic?query=semiconductor%20export%20restrictions
search_warm,3,158,1790801091118464525,200,80.444,863,,/api/v1/search/semantic?query=semiconductor%20export%20restrictions
search_warm,3,159,1790801093617977119,200,71.063,863,,/api/v1/search/semantic?query=semiconductor%20export%20restrictions
search_warm,3,160,1790801096119066930,200,54.066,863,,/api/v1/search/semantic?query=semiconductor%20export%20restrictions
search_warm,3,161,1790801098619620583,200,69.792,863,,/api/v1/search/semantic?query=semiconductor%20export%20restrictions
search_warm,3,162,1790801101118176360,200,55.249,863,,/api/v1/search/semantic?query=semiconductor%20export%20restrictions
search_warm,3,163,1790801103618099163,200,73.345,863,,/api/v1/search/semantic?query=semiconductor%20export%20restrictions
search_warm,3,164,1790801106118201174,200,55.891,863,,/api/v1/search/semantic?query=semiconductor%20export%20restrictions
search_warm,3,165,1790801108618228018,200,82.685,863,,/api/v1/search/semantic?query=semiconductor%20export%20restrictions
search_warm,3,166,1790801111118152563,200,56.854,863,,/api/v1/search/semantic?query=semiconductor%20export%20restrictions
search_warm,3,167,1790801113618372824,200,60.386,863,,/api/v1/search/semantic?query=semiconductor%20export%20restrictions
search_warm,3,168,1790801116117532593,200,59.256,863,,/api/v1/search/semantic?query=semiconductor%20export%20restrictions
search_warm,3,169,1790801118617995404,200,56.518,863,,/api/v1/search/semantic?query=semiconductor%20export%20restrictions
search_warm,3,170,1790801121119723032,200,57.732,863,,/api/v1/search/semantic?query=semiconductor%20export%20restrictions
search_warm,3,171,1790801123618139018,200,54.290,863,,/api/v1/search/semantic?query=semiconductor%20export%20restrictions
search_warm,3,172,1790801126118109396,200,74.678,863,,/api/v1/search/semantic?query=semiconductor%20export%20restrictions
search_warm,3,173,1790801128618090957,200,52.897,863,,/api/v1/search/semantic?query=semiconductor%20export%20restrictions
search_warm,3,174,1790801131118687509,200,67.225,863,,/api/v1/search/semantic?query=semiconductor%20export%20restrictions
search_warm,3,175,1790801133617614354,200,51.529,863,,/api/v1/search/semantic?query=semiconductor%20export%20restrictions
search_warm,3,176,1790801136117531840,200,88.922,863,,/api/v1/search/semantic?query=semiconductor%20export%20restrictions
search_warm,3,177,1790801138618966592,200,56.631,863,,/api/v1/search/semantic?query=semiconductor%20export%20restrictions
search_warm,3,178,1790801141118064120,200,55.273,863,,/api/v1/search/semantic?query=semiconductor%20export%20restrictions
search_warm,3,179,1790801143618046231,200,54.662,863,,/api/v1/search/semantic?query=semiconductor%20export%20restrictions
search_warm,3,180,1790801146119088467,200,57.901,863,,/api/v1/search/semantic?query=semiconductor%20export%20restrictions
search_warm,3,181,1790801148618225136,200,83.793,863,,/api/v1/search/semantic?query=semiconductor%20export%20restrictions
search_warm,3,182,1790801151119095772,200,59.540,863,,/api/v1/search/semantic?query=semiconductor%20export%20restrictions
search_warm,3,183,1790801153618287350,200,59.138,863,,/api/v1/search/semantic?query=semiconductor%20export%20restrictions
search_warm,3,184,1790801156119457461,200,56.804,863,,/api/v1/search/semantic?query=semiconductor%20export%20restrictions
search_warm,3,185,1790801158619395297,200,95.665,863,,/api/v1/search/semantic?query=semiconductor%20export%20restrictions
search_warm,3,186,1790801161119026050,200,55.222,863,,/api/v1/search/semantic?query=semiconductor%20export%20restrictions
search_warm,3,187,1790801163617978836,200,53.686,863,,/api/v1/search/semantic?query=semiconductor%20export%20restrictions
search_warm,3,188,1790801166118518738,200,53.829,863,,/api/v1/search/semantic?query=semiconductor%20export%20restrictions
search_warm,3,189,1790801168619321449,200,53.288,863,,/api/v1/search/semantic?query=semiconductor%20export%20restrictions
search_warm,3,190,1790801171118976769,200,53.214,863,,/api/v1/search/semantic?query=semiconductor%20export%20restrictions
search_warm,3,191,1790801173618695705,200,58.142,863,,/api/v1/search/semantic?query=semiconductor%20export%20restrictions
search_warm,3,192,1790801176118807707,200,61.836,863,,/api/v1/search/semantic?query=semiconductor%20export%20restrictions
search_warm,3,193,1790801178618248160,200,55.909,863,,/api/v1/search/semantic?query=semiconductor%20export%20restrictions
search_warm,3,194,1790801181119636896,200,56.337,863,,/api/v1/search/semantic?query=semiconductor%20export%20restrictions
search_warm,3,195,1790801183618093857,200,63.983,863,,/api/v1/search/semantic?query=semiconductor%20export%20restrictions
search_warm,3,196,1790801186117829018,200,53.995,863,,/api/v1/search/semantic?query=semiconductor%20export%20restrictions
search_warm,3,197,1790801188618200621,200,58.591,863,,/api/v1/search/semantic?query=semiconductor%20export%20restrictions
search_warm,3,198,1790801191118302724,200,104.905,863,,/api/v1/search/semantic?query=semiconductor%20export%20restrictions
search_warm,3,199,1790801193617491276,200,61.504,863,,/api/v1/search/semantic?query=semiconductor%20export%20restrictions
search_warm,3,200,1790801196118970854,200,56.402,863,,/api/v1/search/semantic?query=semiconductor%20export%20restrictions
search_warm,3,201,1790801198618032632,200,55.797,863,,/api/v1/search/semantic?query=semiconductor%20export%20restrictions
search_warm,3,202,1790801201119518718,200,58.305,863,,/api/v1/search/semantic?query=semiconductor%20export%20restrictions
search_warm,3,203,1790801203617804537,200,55.430,863,,/api/v1/search/semantic?query=semiconductor%20export%20restrictions
search_warm,3,204,1790801206119271556,200,53.644,863,,/api/v1/search/semantic?query=semiconductor%20export%20restrictions
search_warm,3,205,1790801208617826784,200,56.372,863,,/api/v1/search/semantic?query=semiconductor%20export%20restrictions
search_warm,3,206,1790801211118082612,200,56.432,863,,/api/v1/search/semantic?query=semiconductor%20export%20restrictions
search_warm,3,207,1790801213618201031,200,58.270,863,,/api/v1/search/semantic?query=semiconductor%20export%20restrictions
search_warm,3,208,1790801216119461800,200,54.648,863,,/api/v1/search/semantic?query=semiconductor%20export%20restrictions
search_warm,3,209,1790801218618133903,200,56.176,863,,/api/v1/search/semantic?query=semiconductor%20export%20restrictions
search_warm,3,210,1790801221119338939,200,59.569,863,,/api/v1/search/semantic?query=semiconductor%20export%20restrictions
search_warm,3,211,1790801223618870325,200,57.813,863,,/api/v1/search/semantic?query=semiconductor%20export%20restrictions
search_warm,3,212,1790801226119024036,200,69.625,863,,/api/v1/search/semantic?query=semiconductor%20export%20restrictions
search_warm,3,213,1790801228618207914,200,56.386,863,,/api/v1/search/semantic?query=semiconductor%20export%20restrictions
search_warm,3,214,1790801231118111008,200,79.018,863,,/api/v1/search/semantic?query=semiconductor%20export%20restrictions
search_warm,3,215,1790801233618081111,200,68.040,863,,/api/v1/search/semantic?query=semiconductor%20export%20restrictions
search_warm,3,216,1790801236118809664,200,59.849,863,,/api/v1/search/semantic?query=semiconductor%20export%20restrictions
search_warm,3,217,1790801238619637583,200,73.630,863,,/api/v1/search/semantic?query=semiconductor%20export%20restrictions
search_warm,3,218,1790801241118898094,200,53.928,863,,/api/v1/search/semantic?query=semiconductor%20export%20restrictions
search_warm,3,219,1790801243617601363,200,86.266,863,,/api/v1/search/semantic?query=semiconductor%20export%20restrictions
search_warm,3,220,1790801246117608408,200,58.938,863,,/api/v1/search/semantic?query=semiconductor%20export%20restrictions
search_warm,3,221,1790801248617977444,200,59.385,863,,/api/v1/search/semantic?query=semiconductor%20export%20restrictions
search_warm,3,222,1790801251119435296,200,73.434,863,,/api/v1/search/semantic?query=semiconductor%20export%20restrictions
search_warm,3,223,1790801253619677649,200,55.835,863,,/api/v1/search/semantic?query=semiconductor%20export%20restrictions
search_warm,3,224,1790801256118518418,200,74.377,863,,/api/v1/search/semantic?query=semiconductor%20export%20restrictions
search_warm,3,225,1790801258619474121,200,58.806,863,,/api/v1/search/semantic?query=semiconductor%20export%20restrictions
search_warm,3,226,1790801261118542682,200,80.499,863,,/api/v1/search/semantic?query=semiconductor%20export%20restrictions
search_warm,3,227,1790801263618078468,200,59.827,863,,/api/v1/search/semantic?query=semiconductor%20export%20restrictions
search_warm,3,228,1790801266119781896,200,59.623,863,,/api/v1/search/semantic?query=semiconductor%20export%20restrictions
search_warm,3,229,1790801268617636882,200,57.489,863,,/api/v1/search/semantic?query=semiconductor%20export%20restrictions
search_warm,3,230,1790801271119574151,200,59.306,863,,/api/v1/search/semantic?query=semiconductor%20export%20restrictions
search_warm,3,231,1790801273619355970,200,56.256,863,,/api/v1/search/semantic?query=semiconductor%20export%20restrictions
search_warm,3,232,1790801276118200407,200,57.978,863,,/api/v1/search/semantic?query=semiconductor%20export%20restrictions
search_warm,3,233,1790801278618002393,200,56.745,863,,/api/v1/search/semantic?query=semiconductor%20export%20restrictions
search_warm,3,234,1790801281119370229,200,55.750,863,,/api/v1/search/semantic?query=semiconductor%20export%20restrictions
search_warm,3,235,1790801283619366365,200,58.909,863,,/api/v1/search/semantic?query=semiconductor%20export%20restrictions
search_warm,3,236,1790801286118246184,200,54.304,863,,/api/v1/search/semantic?query=semiconductor%20export%20restrictions
search_warm,3,237,1790801288619223703,200,72.929,863,,/api/v1/search/semantic?query=semiconductor%20export%20restrictions
search_warm,3,238,1790801291119174648,200,57.076,863,,/api/v1/search/semantic?query=semiconductor%20export%20restrictions
search_warm,3,239,1790801293618577334,200,80.749,863,,/api/v1/search/semantic?query=semiconductor%20export%20restrictions
search_cold,3,0,1790802321305334395,200,404.424,816,,/api/v1/search/semantic?query=BTC%20product%20launch
search_cold,3,1,1790802323804248498,200,222.072,772,,/api/v1/search/semantic?query=TXN%20regulatory%20probe
search_cold,3,2,1790802326304080367,200,97.461,745,,/api/v1/search/semantic?query=IBM%20merger%20talks
search_cold,3,3,1790802328805182920,200,93.370,840,,/api/v1/search/semantic?query=ADBE%20dividend%20increase
search_cold,3,4,1790802331305476148,200,95.103,781,,/api/v1/search/semantic?query=HOOD%20product%20launch
search_cold,3,5,1790802333805346975,200,96.334,787,,/api/v1/search/semantic?query=USA%20lawsuit
search_cold,3,6,1790802336304046945,200,88.302,746,,/api/v1/search/semantic?query=PYPL%20revenue%20miss
search_cold,3,7,1790802338805232364,200,84.794,811,,/api/v1/search/semantic?query=QCOM%20merger%20talks
search_cold,3,8,1790802341305208975,200,84.344,728,,/api/v1/search/semantic?query=HD%20lawsuit
search_cold,3,9,1790802343805829636,200,92.974,747,,/api/v1/search/semantic?query=NBIS%20share%20buyback
search_cold,3,10,1790802346304004722,200,96.925,726,,/api/v1/search/semantic?query=KKR%20earnings%20guidance
search_cold,3,11,1790802348805338366,200,99.579,863,,/api/v1/search/semantic?query=NVDA%20dividend%20increase
search_cold,3,12,1790802351306072236,200,92.611,820,,/api/v1/search/semantic?query=SMCI%20revenue%20miss
search_cold,3,13,1790802353806130705,200,94.057,687,,/api/v1/search/semantic?query=TJX%20earnings%20guidance
search_cold,3,14,1790802356305314033,200,91.810,811,,/api/v1/search/semantic?query=CHWY%20share%20buyback
search_cold,3,15,1790802358805501752,200,88.832,761,,/api/v1/search/semantic?query=UBER%20record%20quarter
search_cold,3,16,1790802361304925705,200,108.814,737,,/api/v1/search/semantic?query=LLY%20product%20launch
search_cold,3,17,1790802363805239558,200,86.916,727,,/api/v1/search/semantic?query=DDOG%20earnings%20guidance
search_cold,3,18,1790802366305339460,200,91.219,770,,/api/v1/search/semantic?query=ANET%20regulatory%20probe
search_cold,3,19,1790802368805968738,200,90.407,668,,/api/v1/search/semantic?query=RTX%20record%20quarter
search_cold,3,20,1790802371305356299,200,124.981,776,,/api/v1/search/semantic?query=TSLA%20earnings%20guidance
search_cold,3,21,1790802373804929668,200,152.293,704,,/api/v1/search/semantic?query=SNDK%20analyst%20downgrade
search_cold,3,22,1790802376305556013,200,79.508,702,,/api/v1/search/semantic?query=HOOD%20lawsuit
search_cold,3,23,1790802378804264782,200,81.549,716,,/api/v1/search/semantic?query=ACN%20product%20launch
search_cold,3,24,1790802381306174368,200,84.423,813,,/api/v1/search/semantic?query=LNG%20product%20launch
search_cold,3,25,1790802383805433137,200,85.701,727,,/api/v1/search/semantic?query=QUBT%20analyst%20downgrade
search_cold,3,26,1790802386305576215,200,84.679,698,,/api/v1/search/semantic?query=LCID%20record%20quarter
search_cold,3,27,1790802388804488851,200,93.031,876,,/api/v1/search/semantic?query=AAPL%20merger%20talks
search_cold,3,28,1790802391304844687,200,85.572,736,,/api/v1/search/semantic?query=JOBY%20product%20launch
search_cold,3,29,1790802393805197040,200,98.154,845,,/api/v1/search/semantic?query=WBD%20regulatory%20probe
search_cold,3,30,1790802396305326642,200,83.481,770,,/api/v1/search/semantic?query=MRVL%20revenue%20miss
search_cold,3,31,1790802398805895787,200,82.634,748,,/api/v1/search/semantic?query=HUT%20share%20buyback
search_cold,3,32,1790802401305841323,200,81.877,713,,/api/v1/search/semantic?query=MRNA%20product%20launch
search_cold,3,33,1790802403804394442,200,82.829,747,,/api/v1/search/semantic?query=ETH%20share%20buyback
search_cold,3,34,1790802406305589028,200,104.284,834,,/api/v1/search/semantic?query=NOW%20dividend%20increase
search_cold,3,35,1790802408805168264,200,73.519,717,,/api/v1/search/semantic?query=AMAT%20record%20quarter
search_cold,3,36,1790802411306035417,200,107.727,754,,/api/v1/search/semantic?query=MRK%20share%20buyback
search_cold,3,37,1790802413805561119,200,78.243,830,,/api/v1/search/semantic?query=F%20dividend%20increase
search_cold,3,38,1790802416305611705,200,114.826,677,,/api/v1/search/semantic?query=AMD%20analyst%20downgrade
search_cold,3,39,1790802418804989366,200,72.685,795,,/api/v1/search/semantic?query=RIVN%20record%20quarter
search_cold,3,40,1790802421304492702,200,107.091,891,,/api/v1/search/semantic?query=SPCX%20merger%20talks
search_cold,3,41,1790802423805716988,200,80.445,632,,/api/v1/search/semantic?query=DAL%20revenue%20miss
search_cold,3,42,1790802426304806999,200,113.964,766,,/api/v1/search/semantic?query=SNOW%20record%20quarter
search_cold,3,43,1790802428805712285,200,79.685,696,,/api/v1/search/semantic?query=QBTS%20earnings%20guidance
search_cold,3,44,1790802431305282171,200,78.983,701,,/api/v1/search/semantic?query=LLY%20supply%20chain%20risk
search_cold,3,45,1790802433805106707,200,85.916,640,,/api/v1/search/semantic?query=XRP%20merger%20talks
search_cold,3,46,1790802436304560635,200,80.177,808,,/api/v1/search/semantic?query=WMT%20revenue%20miss
search_cold,3,47,1790802438805207696,200,107.423,740,,/api/v1/search/semantic?query=KKR%20lawsuit
search_cold,3,48,1790802441305505324,200,75.768,700,,/api/v1/search/semantic?query=CRWD%20record%20quarter
search_cold,3,49,1790802443804804610,200,74.369,760,,/api/v1/search/semantic?query=ABBV%20analyst%20downgrade
search_cold,3,50,1790802446304696246,200,77.136,732,,/api/v1/search/semantic?query=ACN%20record%20quarter
search_cold,3,51,1790802448805132199,200,76.806,738,,/api/v1/search/semantic?query=PEP%20record%20quarter
search_cold,3,52,1790802451304829960,200,77.386,708,,/api/v1/search/semantic?query=BPOPM%20analyst%20downgrade
search_cold,3,53,1790802453805174154,200,100.434,684,,/api/v1/search/semantic?query=HUT%20revenue%20miss
search_cold,3,54,1790802456305193665,200,80.275,774,,/api/v1/search/semantic?query=OKTA%20earnings%20guidance
search_cold,3,55,1790802458805281284,200,77.892,743,,/api/v1/search/semantic?query=RIVN%20dividend%20increase
search_cold,3,56,1790802461304439037,200,86.082,752,,/api/v1/search/semantic?query=BABA%20earnings%20guidance
search_cold,3,57,1790802463804821365,200,90.437,671,,/api/v1/search/semantic?query=ACN%20earnings%20guidance
search_cold,3,58,1790802466305466409,200,76.878,673,,/api/v1/search/semantic?query=MU%20analyst%20downgrade
search_cold,3,59,1790802468805353920,200,77.912,786,,/api/v1/search/semantic?query=WMT%20supply%20chain%20risk
search_cold,3,60,1790802471304348689,200,79.249,697,,/api/v1/search/semantic?query=CVS%20record%20quarter
search_cold,3,61,1790802473805067800,200,82.623,765,,/api/v1/search/semantic?query=UBS%20supply%20chain%20risk
search_cold,3,62,1790802476305471578,200,101.029,708,,/api/v1/search/semantic?query=HUT%20lawsuit
search_cold,3,63,1790802478804954931,200,77.499,771,,/api/v1/search/semantic?query=IREN%20merger%20talks
search_cold,3,64,1790802481305571375,200,78.310,849,,/api/v1/search/semantic?query=QCOM%20earnings%20guidance
search_cold,3,65,1790802483805456595,200,87.554,725,,/api/v1/search/semantic?query=AXP%20lawsuit
search_cold,3,66,1790802486304727281,200,82.009,788,,/api/v1/search/semantic?query=BA%20share%20buyback
search_cold,3,67,1790802488804231075,200,96.252,743,,/api/v1/search/semantic?query=MRK%20analyst%20downgrade
search_cold,3,68,1790802491304005194,200,78.296,761,,/api/v1/search/semantic?query=PFE%20product%20launch
search_cold,3,69,1790802493805083364,200,79.013,880,,/api/v1/search/semantic?query=QBTS%20regulatory%20probe
search_cold,3,70,1790802496305518308,200,79.982,698,,/api/v1/search/semantic?query=LRCX%20revenue%20miss
search_cold,3,71,1790802498805365027,200,74.865,770,,/api/v1/search/semantic?query=RBC%20supply%20chain%20risk
search_cold,3,72,1790802501304765880,200,80.205,815,,/api/v1/search/semantic?query=LMT%20product%20launch
search_cold,3,73,1790802503806183766,200,105.149,688,,/api/v1/search/semantic?query=CRWD%20supply%20chain%20risk
search_cold,3,74,1790802506304751185,200,188.924,743,,/api/v1/search/semantic?query=SHOP%20earnings%20guidance
search_cold,3,75,1790802508805390821,200,81.468,727,,/api/v1/search/semantic?query=UBER%20earnings%20guidance
search_cold,3,76,1790802511305849232,200,64.861,689,,/api/v1/search/semantic?query=F%20earnings%20guidance
search_cold,3,77,1790802513806198285,200,78.383,712,,/api/v1/search/semantic?query=WFC%20regulatory%20probe
search_cold,3,78,1790802516305696396,200,71.592,747,,/api/v1/search/semantic?query=RMD%20layoffs
search_cold,3,79,1790802518804733790,200,82.628,764,,/api/v1/search/semantic?query=INTU%20revenue%20miss
search_cold,3,80,1790802521305609010,200,78.455,809,,/api/v1/search/semantic?query=AMC%20merger%20talks
search_cold,3,81,1790802523805221888,200,80.719,815,,/api/v1/search/semantic?query=PG%20product%20launch
search_cold,3,82,1790802526305986648,200,92.941,848,,/api/v1/search/semantic?query=ISRG%20dividend%20increase
search_cold,3,83,1790802528805575235,200,82.121,784,,/api/v1/search/semantic?query=PARA%20regulatory%20probe
search_cold,3,84,1790802531305440104,200,76.122,733,,/api/v1/search/semantic?query=IREN%20record%20quarter
search_cold,3,85,1790802533805539090,200,82.690,758,,/api/v1/search/semantic?query=V%20regulatory%20probe
search_cold,3,86,1790802536305951026,200,80.205,807,,/api/v1/search/semantic?query=JNJ%20merger%20talks
search_cold,3,87,1790802538805552904,200,84.913,763,,/api/v1/search/semantic?query=RDDT%20earnings%20guidance
search_cold,3,88,1790802541305808273,200,71.519,822,,/api/v1/search/semantic?query=AXP%20merger%20talks
search_cold,3,89,1790802543805114526,200,86.752,789,,/api/v1/search/semantic?query=NKE%20product%20launch
search_cold,3,90,1790802546305947762,200,82.220,834,,/api/v1/search/semantic?query=SMCIP%20revenue%20miss
search_cold,3,91,1790802548804899723,200,73.032,814,,/api/v1/search/semantic?query=GOOG%20regulatory%20probe
search_cold,3,92,1790802551304799059,200,78.449,803,,/api/v1/search/semantic?query=BAC%20product%20launch
search_cold,3,93,1790802553805559420,200,75.346,739,,/api/v1/search/semantic?query=HPE%20lawsuit
search_cold,3,94,1790802556305530806,200,72.297,825,,/api/v1/search/semantic?query=BABA%20revenue%20miss
search_cold,3,95,1790802558805461950,200,74.504,734,,/api/v1/search/semantic?query=GOOGN%20record%20quarter
search_cold,3,96,1790802561305429211,200,79.695,709,,/api/v1/search/semantic?query=INTU%20regulatory%20probe
search_cold,3,97,1790802563804721347,200,70.663,819,,/api/v1/search/semantic?query=XOM%20share%20buyback
search_cold,3,98,1790802566305621866,200,74.276,772,,/api/v1/search/semantic?query=LUNR%20share%20buyback
search_cold,3,99,1790802568805591786,200,89.378,731,,/api/v1/search/semantic?query=GOOGN%20merger%20talks
search_cold,3,100,1790802571305670514,200,78.940,705,,/api/v1/search/semantic?query=CAT%20supply%20chain%20risk
search_cold,3,101,1790802573805994175,200,79.554,783,,/api/v1/search/semantic?query=ICE%20revenue%20miss
search_cold,3,102,1790802576304090336,200,78.499,735,,/api/v1/search/semantic?query=DASH%20earnings%20guidance
search_cold,3,103,1790802578804845930,200,134.846,763,,/api/v1/search/semantic?query=UBS%20regulatory%20probe
search_cold,3,104,1790802581304684216,200,76.442,861,,/api/v1/search/semantic?query=SMCI%20product%20launch
search_cold,3,105,1790802583804444585,200,90.834,736,,/api/v1/search/semantic?query=ETH%20supply%20chain%20risk
search_cold,3,106,1790802586304911246,200,85.618,846,,/api/v1/search/semantic?query=BSQKZ%20dividend%20increase
search_cold,3,107,1790802588804719924,200,77.813,822,,/api/v1/search/semantic?query=COST%20merger%20talks
search_cold,3,108,1790802591304956960,200,76.476,727,,/api/v1/search/semantic?query=VST%20record%20quarter
search_cold,3,109,1790802593805697704,200,75.360,679,,/api/v1/search/semantic?query=KKR%20regulatory%20probe
search_cold,3,110,1790802596305436440,200,81.047,769,,/api/v1/search/semantic?query=CRM%20merger%20talks
search_cold,3,111,1790802598806064893,200,65.798,815,,/api/v1/search/semantic?query=NBIS%20regulatory%20probe
search_cold,3,112,1790802601305830487,200,79.731,745,,/api/v1/search/semantic?query=UPS%20product%20launch
search_cold,3,113,1790802603805242707,200,77.433,759,,/api/v1/search/semantic?query=AXP%20product%20launch
search_cold,3,114,1790802606305801493,200,72.747,671,,/api/v1/search/semantic?query=CRWV%20earnings%20guidance
search_cold,3,115,1790802608805390812,200,79.284,783,,/api/v1/search/semantic?query=CHWY%20dividend%20increase
search_cold,3,116,1790802611304672590,200,75.943,821,,/api/v1/search/semantic?query=NBIS%20merger%20talks
search_cold,3,117,1790802613805195992,200,89.053,864,,/api/v1/search/semantic?query=META%20lawsuit
search_cold,3,118,1790802616305495820,200,80.320,691,,/api/v1/search/semantic?query=UPS%20earnings%20guidance
search_cold,3,119,1790802618805614789,200,95.678,702,,/api/v1/search/semantic?query=PPLI%20record%20quarter
search_cold,3,120,1790802621304977600,200,77.473,790,,/api/v1/search/semantic?query=BAC%20supply%20chain%20risk
search_cold,3,121,1790802623805890311,200,106.629,690,,/api/v1/search/semantic?query=BLK%20layoffs
search_cold,3,122,1790802626304637581,200,78.799,711,,/api/v1/search/semantic?query=BPOPM%20product%20launch
search_cold,3,123,1790802628805381350,200,76.134,874,,/api/v1/search/semantic?query=BSQKZ%20product%20launch
search_cold,3,124,1790802631306003661,200,77.783,791,,/api/v1/search/semantic?query=DDOG%20dividend%20increase
search_cold,3,125,1790802633805567130,200,100.032,772,,/api/v1/search/semantic?query=QBTS%20dividend%20increase
search_cold,3,126,1790802636305565100,200,81.891,715,,/api/v1/search/semantic?query=DDOG%20merger%20talks
search_cold,3,127,1790802638805111703,200,106.384,833,,/api/v1/search/semantic?query=CVX%20regulatory%20probe
search_cold,3,128,1790802641305722005,200,78.271,758,,/api/v1/search/semantic?query=IBM%20dividend%20increase
search_cold,3,129,1790802643805174283,200,71.947,769,,/api/v1/search/semantic?query=BABA%20share%20buyback
search_cold,3,130,1790802646305162719,200,84.450,753,,/api/v1/search/semantic?query=T%20revenue%20miss
search_cold,3,131,1790802648804530755,200,78.853,704,,/api/v1/search/semantic?query=ASML%20revenue%20miss
search_cold,3,132,1790802651305462533,200,75.611,797,,/api/v1/search/semantic?query=PEP%20dividend%20increase
search_cold,3,133,1790802653805272494,200,76.614,789,,/api/v1/search/semantic?query=SOFI%20layoffs
search_cold,3,134,1790802656305072463,200,71.892,723,,/api/v1/search/semantic?query=SHOP%20revenue%20miss
search_cold,3,135,1790802658804551599,200,74.678,724,,/api/v1/search/semantic?query=COO%20earnings%20guidance
search_cold,3,136,1790802661304477243,200,74.840,698,,/api/v1/search/semantic?query=IBM%20layoffs
search_cold,3,137,1790802663805269229,200,100.426,864,,/api/v1/search/semantic?query=SNDK%20product%20launch
search_cold,3,138,1790802666305632949,200,85.332,822,,/api/v1/search/semantic?query=QUBT%20share%20buyback
search_cold,3,139,1790802668805093660,200,105.119,783,,/api/v1/search/semantic?query=AMZN%20revenue%20miss
search_cold,3,140,1790802671305936246,200,82.687,849,,/api/v1/search/semantic?query=QCOM%20layoffs
search_cold,3,141,1790802673804662890,200,112.361,722,,/api/v1/search/semantic?query=KKR%20revenue%20miss
search_cold,3,142,1790802676304992235,200,79.150,792,,/api/v1/search/semantic?query=LNG%20share%20buyback
search_cold,3,143,1790802678805974337,200,74.349,742,,/api/v1/search/semantic?query=TXN%20earnings%20guidance
search_cold,3,144,1790802681304368415,200,75.047,805,,/api/v1/search/semantic?query=IBM%20share%20buyback
search_cold,3,145,1790802683805459968,200,132.932,829,,/api/v1/search/semantic?query=MSFT%20dividend%20increase
search_cold,3,146,1790802686305428512,200,77.298,676,,/api/v1/search/semantic?query=GS%20supply%20chain%20risk
search_cold,3,147,1790802688805849065,200,87.760,785,,/api/v1/search/semantic?query=VST%20dividend%20increase
search_cold,3,148,1790802691304819542,200,80.681,795,,/api/v1/search/semantic?query=LRCX%20merger%20talks
search_cold,3,149,1790802693805708053,200,80.488,761,,/api/v1/search/semantic?query=UBER%20product%20launch
search_cold,3,150,1790802696305121831,200,80.709,779,,/api/v1/search/semantic?query=MS%20supply%20chain%20risk
search_cold,3,151,1790802698805742950,200,78.524,704,,/api/v1/search/semantic?query=GOOGN%20layoffs
search_cold,3,152,1790802701304626803,200,103.182,806,,/api/v1/search/semantic?query=GM%20product%20launch
search_cold,3,153,1790802703805231422,200,68.568,793,,/api/v1/search/semantic?query=IRS%20product%20launch
search_cold,3,154,1790802706305352133,200,110.794,752,,/api/v1/search/semantic?query=JNJ%20share%20buyback
search_cold,3,155,1790802708804558561,200,71.000,741,,/api/v1/search/semantic?query=DDOG%20layoffs
search_cold,3,156,1790802711305476130,200,77.756,769,,/api/v1/search/semantic?query=JOBY%20share%20buyback
search_cold,3,157,1790802713805687316,200,75.989,693,,/api/v1/search/semantic?query=TJX%20regulatory%20probe
search_cold,3,158,1790802716305493977,200,91.474,788,,/api/v1/search/semantic?query=CAT%20share%20buyback
search_cold,3,159,1790802718804636972,200,72.869,684,,/api/v1/search/semantic?query=T%20analyst%20downgrade
search_cold,3,160,1790802721305211891,200,86.585,770,,/api/v1/search/semantic?query=NOW%20product%20launch
search_cold,3,161,1790802723804385044,200,67.805,777,,/api/v1/search/semantic?query=GS%20revenue%20miss
search_cold,3,162,1790802726305370630,200,110.064,737,,/api/v1/search/semantic?query=AMAT%20share%20buyback
search_cold,3,163,1790802728804409216,200,71.145,819,,/api/v1/search/semantic?query=OKTA%20revenue%20miss
search_cold,3,164,1790802731304343202,200,100.626,644,,/api/v1/search/semantic?query=MRNA%20earnings%20guidance
search_cold,3,165,1790802733806233355,200,168.605,719,,/api/v1/search/semantic?query=AMZN%20earnings%20guidance
search_cold,3,166,1790802736304123541,200,80.022,753,,/api/v1/search/semantic?query=MA%20layoffs
search_cold,3,167,1790802738804256535,200,148.664,770,,/api/v1/search/semantic?query=GOOGN%20revenue%20miss
search_cold,3,168,1790802741304369363,200,81.016,718,,/api/v1/search/semantic?query=UPS%20supply%20chain%20risk
search_cold,3,169,1790802743804860040,200,75.122,816,,/api/v1/search/semantic?query=AMAT%20lawsuit
search_cold,3,170,1790802746305042351,200,100.209,800,,/api/v1/search/semantic?query=WBD%20dividend%20increase
search_cold,3,171,1790802748805205962,200,79.702,719,,/api/v1/search/semantic?query=DASH%20revenue%20miss
search_cold,3,172,1790802751305725057,200,96.494,746,,/api/v1/search/semantic?query=DELL%20layoffs
search_cold,3,173,1790802753805052484,200,79.356,741,,/api/v1/search/semantic?query=IREN%20revenue%20miss
search_cold,3,174,1790802756304011412,200,74.107,813,,/api/v1/search/semantic?query=GS%20dividend%20increase
search_cold,3,175,1790802758804418031,200,77.204,760,,/api/v1/search/semantic?query=QUBT%20product%20launch
search_cold,3,176,1790802761305788067,200,67.815,699,,/api/v1/search/semantic?query=ISRG%20record%20quarter
search_cold,3,177,1790802763805561362,200,70.788,705,,/api/v1/search/semantic?query=KKR%20dividend%20increase
search_cold,3,178,1790802766304794465,200,79.123,779,,/api/v1/search/semantic?query=PYPL%20lawsuit
search_cold,3,179,1790802768804383509,200,77.927,728,,/api/v1/search/semantic?query=ANET%20product%20launch
search_cold,3,180,1790802771305486336,200,69.467,718,,/api/v1/search/semantic?query=WFC%20record%20quarter
search_cold,3,181,1790802773805399973,200,83.181,710,,/api/v1/search/semantic?query=HAPN%20record%20quarter
search_cold,3,182,1790802776305368517,200,77.256,807,,/api/v1/search/semantic?query=MSFT%20share%20buyback
search_cold,3,183,1790802778804076920,200,66.974,740,,/api/v1/search/semantic?query=CHWY%20record%20quarter
search_cold,3,184,1790802781305150139,200,107.357,811,,/api/v1/search/semantic?query=MRK%20lawsuit
search_cold,3,185,1790802783805462342,200,75.840,676,,/api/v1/search/semantic?query=ANET%20merger%20talks
search_cold,3,186,1790802786304982361,200,75.347,702,,/api/v1/search/semantic?query=CSCO%20lawsuit
search_cold,3,187,1790802788805761972,200,80.263,738,,/api/v1/search/semantic?query=WFC%20lawsuit
search_cold,3,188,1790802791304484308,200,83.837,679,,/api/v1/search/semantic?query=PANW%20lawsuit
search_cold,3,189,1790802793804575777,200,83.496,819,,/api/v1/search/semantic?query=SNDK%20dividend%20increase
search_cold,3,190,1790802796305743963,200,80.578,718,,/api/v1/search/semantic?query=GM%20lawsuit
search_cold,3,191,1790802798805864858,200,78.266,664,,/api/v1/search/semantic?query=NFLX%20earnings%20guidance
search_cold,3,192,1790802801305026827,200,65.178,699,,/api/v1/search/semantic?query=GS%20record%20quarter
search_cold,3,193,1790802803804905538,200,74.259,732,,/api/v1/search/semantic?query=RIVN%20revenue%20miss
search_cold,3,194,1790802806305066216,200,87.346,701,,/api/v1/search/semantic?query=MU%20record%20quarter
search_cold,3,195,1790802808804800368,200,77.959,680,,/api/v1/search/semantic?query=ASML%20analyst%20downgrade
search_cold,3,196,1790802811305219821,200,75.564,733,,/api/v1/search/semantic?query=UPS%20merger%20talks
search_cold,3,197,1790802813806019140,200,82.879,768,,/api/v1/search/semantic?query=GOOGN%20lawsuit
search_cold,3,198,1790802816305201368,200,81.705,779,,/api/v1/search/semantic?query=META%20merger%20talks
search_cold,3,199,1790802818804282488,200,82.440,722,,/api/v1/search/semantic?query=CVS%20regulatory%20probe
search_cold,3,200,1790802821305061640,200,79.221,675,,/api/v1/search/semantic?query=BLK%20revenue%20miss
search_cold,3,201,1790802823805800735,200,78.436,712,,/api/v1/search/semantic?query=AXP%20analyst%20downgrade
search_cold,3,202,1790802826305115696,200,63.043,800,,/api/v1/search/semantic?query=ICE%20merger%20talks
search_cold,3,203,1790802828805210373,200,77.954,850,,/api/v1/search/semantic?query=INTC%20product%20launch
search_cold,3,204,1790802831304355568,200,79.443,758,,/api/v1/search/semantic?query=BLK%20product%20launch
search_cold,3,205,1790802833804055895,200,77.429,785,,/api/v1/search/semantic?query=SPCX%20layoffs
search_cold,3,206,1790802836305579656,200,83.051,780,,/api/v1/search/semantic?query=UBER%20layoffs
search_cold,3,207,1790802838805613834,200,70.770,699,,/api/v1/search/semantic?query=WFC%20product%20launch
search_cold,3,208,1790802841305652045,200,81.762,832,,/api/v1/search/semantic?query=AMAT%20product%20launch
search_cold,3,209,1790802843805831514,200,78.079,669,,/api/v1/search/semantic?query=INTC%20revenue%20miss
search_cold,3,210,1790802846306165717,200,88.704,661,,/api/v1/search/semantic?query=CMCSA%20regulatory%20probe
search_cold,3,211,1790802848804952036,200,100.519,732,,/api/v1/search/semantic?query=RDDT%20supply%20chain%20risk
search_cold,3,212,1790802851303995756,200,78.488,732,,/api/v1/search/semantic?query=WFC%20layoffs
search_cold,3,213,1790802853805307400,200,74.768,647,,/api/v1/search/semantic?query=SAP%20revenue%20miss
search_cold,3,214,1790802856303947878,200,81.901,825,,/api/v1/search/semantic?query=UPS%20dividend%20increase
search_cold,3,215,1790802858805610789,200,81.532,779,,/api/v1/search/semantic?query=ABT%20layoffs
search_cold,3,216,1790802861305632041,200,74.911,798,,/api/v1/search/semantic?query=OKTA%20record%20quarter
search_cold,3,217,1790802863805695919,200,74.424,794,,/api/v1/search/semantic?query=CVX%20merger%20talks
search_cold,3,218,1790802866304572347,200,77.013,777,,/api/v1/search/semantic?query=LNG%20lawsuit
search_cold,3,219,1790802868805041850,200,82.547,699,,/api/v1/search/semantic?query=INTC%20regulatory%20probe
search_cold,3,220,1790802871305317936,200,80.562,735,,/api/v1/search/semantic?query=ICE%20layoffs
search_cold,3,221,1790802873806053271,200,82.602,764,,/api/v1/search/semantic?query=BA%20supply%20chain%20risk
search_cold,3,222,1790802876305428549,200,80.081,762,,/api/v1/search/semantic?query=MA%20share%20buyback
search_cold,3,223,1790802878805652477,200,76.544,795,,/api/v1/search/semantic?query=DASH%20share%20buyback
search_cold,3,224,1790802881305031055,200,98.235,719,,/api/v1/search/semantic?query=UBS%20earnings%20guidance
search_cold,3,225,1790802883805543732,200,85.088,816,,/api/v1/search/semantic?query=WMT%20regulatory%20probe
search_cold,3,226,1790802886304684435,200,105.113,744,,/api/v1/search/semantic?query=MRVL%20merger%20talks
search_cold,3,227,1790802888805654438,200,82.018,791,,/api/v1/search/semantic?query=MSTR%20layoffs
search_cold,3,228,1790802891305572107,200,110.794,706,,/api/v1/search/semantic?query=HUT%20product%20launch
search_cold,3,229,1790802893805566868,200,70.141,720,,/api/v1/search/semantic?query=MCD%20earnings%20guidance
search_cold,3,230,1790802896306132804,200,99.134,729,,/api/v1/search/semantic?query=NOW%20regulatory%20probe
search_cold,3,231,1790802898804201923,200,80.797,770,,/api/v1/search/semantic?query=NET%20regulatory%20probe
search_cold,3,232,1790802901305069168,200,106.332,832,,/api/v1/search/semantic?query=PYPL%20merger%20talks
search_cold,3,233,1790802903805280720,200,80.110,706,,/api/v1/search/semantic?query=MCD%20record%20quarter
search_cold,3,234,1790802906305401431,200,79.337,794,,/api/v1/search/semantic?query=BSQKZ%20revenue%20miss
search_cold,3,235,1790802908805801267,200,85.404,757,,/api/v1/search/semantic?query=RDDT%20revenue%20miss
search_cold,3,236,1790802911305273070,200,75.753,714,,/api/v1/search/semantic?query=HUT%20record%20quarter
search_cold,3,237,1790802913804976606,200,92.485,845,,/api/v1/search/semantic?query=TSM%20product%20launch
search_cold,3,238,1790802916304922784,200,82.429,722,,/api/v1/search/semantic?query=PYPL%20record%20quarter
search_cold,3,239,1790802918804657945,200,87.447,727,,/api/v1/search/semantic?query=ACN%20revenue%20miss
